source	pathway	NES	padj	entrez	symbol
GO_BP	cytoplasmic translation	2.81501433834494	7.70571428571429e-08	6129	RPL7
GO_BP	cytoplasmic translation	2.81501433834494	7.70571428571429e-08	6233	RPS27A
GO_BP	cytoplasmic translation	2.81501433834494	7.70571428571429e-08	6231	RPS26
GO_BP	cytoplasmic translation	2.81501433834494	7.70571428571429e-08	6206	RPS12
GO_BP	cytoplasmic translation	2.81501433834494	7.70571428571429e-08	6144	RPL21
GO_BP	cytoplasmic translation	2.81501433834494	7.70571428571429e-08	6160	RPL31
GO_BP	cytoplasmic translation	2.81501433834494	7.70571428571429e-08	6227	RPS21
GO_BP	cytoplasmic translation	2.81501433834494	7.70571428571429e-08	6168	RPL37A
GO_BP	cytoplasmic translation	2.81501433834494	7.70571428571429e-08	79727	LIN28A
GO_BP	cytoplasmic translation	2.81501433834494	7.70571428571429e-08	6176	RPLP1
GO_BP	cytoplasmic translation	2.81501433834494	7.70571428571429e-08	6222	RPS18
GO_BP	cytoplasmic translation	2.81501433834494	7.70571428571429e-08	6133	RPL9
GO_BP	cytoplasmic translation	2.81501433834494	7.70571428571429e-08	6208	RPS14
GO_BP	cytoplasmic translation	2.81501433834494	7.70571428571429e-08	6134	RPL10
GO_BP	cytoplasmic translation	2.81501433834494	7.70571428571429e-08	6164	RPL34
GO_BP	cytoplasmic translation	2.81501433834494	7.70571428571429e-08	6203	RPS9
GO_BP	cytoplasmic translation	2.81501433834494	7.70571428571429e-08	6217	RPS16
GO_BP	cytoplasmic translation	2.81501433834494	7.70571428571429e-08	200916	RPL22L1
GO_BP	cytoplasmic translation	2.81501433834494	7.70571428571429e-08	6223	RPS19
GO_BP	cytoplasmic translation	2.81501433834494	7.70571428571429e-08	6173	RPL36A
GO_BP	cytoplasmic translation	2.81501433834494	7.70571428571429e-08	6207	RPS13
GO_BP	cytoplasmic translation	2.81501433834494	7.70571428571429e-08	6139	RPL17
GO_BP	cytoplasmic translation	2.81501433834494	7.70571428571429e-08	6146	RPL22
GO_BP	cytoplasmic translation	2.81501433834494	7.70571428571429e-08	9349	RPL23
GO_BP	cytoplasmic translation	2.81501433834494	7.70571428571429e-08	6175	RPLP0
GO_BP	cytoplasmic translation	2.81501433834494	7.70571428571429e-08	6189	RPS3A
GO_BP	cytoplasmic translation	2.81501433834494	7.70571428571429e-08	6193	RPS5
GO_BP	cytoplasmic translation	2.81501433834494	7.70571428571429e-08	3921	RPSA
GO_BP	cytoplasmic translation	2.81501433834494	7.70571428571429e-08	6201	RPS7
GO_BP	cytoplasmic translation	2.81501433834494	7.70571428571429e-08	4736	RPL10A
GO_BP	cytoplasmic translation	2.81501433834494	7.70571428571429e-08	6209	RPS15
GO_BP	cytoplasmic translation	2.81501433834494	7.70571428571429e-08	56888	KCMF1
GO_BP	cytoplasmic translation	2.81501433834494	7.70571428571429e-08	6228	RPS23
GO_BP	cytoplasmic translation	2.81501433834494	7.70571428571429e-08	6181	RPLP2
GO_BP	cytoplasmic translation	2.81501433834494	7.70571428571429e-08	6156	RPL30
GO_BP	cytoplasmic translation	2.81501433834494	7.70571428571429e-08	6218	RPS17
GO_BP	cytoplasmic translation	2.81501433834494	7.70571428571429e-08	6234	RPS28
GO_BP	cytoplasmic translation	2.81501433834494	7.70571428571429e-08	6170	RPL39
GO_BP	cytoplasmic translation	2.81501433834494	7.70571428571429e-08	6142	RPL18A
GO_BP	cytoplasmic translation	2.81501433834494	7.70571428571429e-08	2107	ETF1
GO_BP	cytoplasmic translation	2.81501433834494	7.70571428571429e-08	220717	RPLP0P6
GO_BP	cytoplasmic translation	2.81501433834494	7.70571428571429e-08	6138	RPL15
GO_BP	cytoplasmic translation	2.81501433834494	7.70571428571429e-08	9045	RPL14
GO_BP	cytoplasmic translation	2.81501433834494	7.70571428571429e-08	6188	RPS3
GO_BP	cytoplasmic translation	2.81501433834494	7.70571428571429e-08	6154	RPL26
GO_BP	cytoplasmic translation	2.81501433834494	7.70571428571429e-08	1660	DHX9
GO_BP	cytoplasmic translation	2.81501433834494	7.70571428571429e-08	6210	RPS15A
GO_BP	cytoplasmic translation	2.81501433834494	7.70571428571429e-08	10973	ASCC3
GO_BP	cytoplasmic translation	2.81501433834494	7.70571428571429e-08	6224	RPS20
GO_BP	cytoplasmic translation	2.81501433834494	7.70571428571429e-08	8562	DENR
GO_BP	cytoplasmic translation	2.81501433834494	7.70571428571429e-08	1936	EEF1D
GO_BP	cytoplasmic translation	2.81501433834494	7.70571428571429e-08	10492	SYNCRIP
GO_BP	cytoplasmic translation	2.81501433834494	7.70571428571429e-08	728689	EIF3CL
GO_BP	cytoplasmic translation	2.81501433834494	7.70571428571429e-08	3184	HNRNPD
GO_BP	cytoplasmic translation	2.81501433834494	7.70571428571429e-08	8663	EIF3C
GO_BP	cytoplasmic translation	2.81501433834494	7.70571428571429e-08	1973	EIF4A1
GO_BP	cytoplasmic translation	2.81501433834494	7.70571428571429e-08	8894	EIF2S2
GO_BP	cytoplasmic translation	2.81501433834494	7.70571428571429e-08	10480	EIF3M
GO_BP	cytoplasmic translation	2.81501433834494	7.70571428571429e-08	4686	NCBP1
GO_BP	cytoplasmic translation	2.81501433834494	7.70571428571429e-08	6135	RPL11
GO_BP	cytoplasmic translation	2.81501433834494	7.70571428571429e-08	3192	HNRNPU
GO_BP	cytoplasmic translation	2.81501433834494	7.70571428571429e-08	6229	RPS24
GO_BP	cytoplasmic translation	2.81501433834494	7.70571428571429e-08	4733	DRG1
GO_BP	cytoplasmic translation	2.81501433834494	7.70571428571429e-08	6159	RPL29
GO_BP	cytoplasmic translation	2.81501433834494	7.70571428571429e-08	6235	RPS29
GO_BP	cytoplasmic translation	2.81501433834494	7.70571428571429e-08	55854	ZC3H15
GO_BP	cytoplasmic translation	2.81501433834494	7.70571428571429e-08	6161	RPL32
GO_BP	cytoplasmic translation	2.81501433834494	7.70571428571429e-08	6128	RPL6
GO_BP	cytoplasmic translation	2.81501433834494	7.70571428571429e-08	6165	RPL35A
GO_BP	cytoplasmic translation	2.81501433834494	7.70571428571429e-08	6141	RPL18
GO_BP	cytoplasmic translation	2.81501433834494	7.70571428571429e-08	6122	RPL3
GO_BP	cytoplasmic translation	2.81501433834494	7.70571428571429e-08	170506	DHX36
GO_BP	cytoplasmic translation	2.81501433834494	7.70571428571429e-08	26986	PABPC1
GO_BP	cytoplasmic translation	2.81501433834494	7.70571428571429e-08	6157	RPL27A
GO_BP	cytoplasmic translation	2.81501433834494	7.70571428571429e-08	8890	EIF2B4
GO_BP	cytoplasmic translation	2.81501433834494	7.70571428571429e-08	8531	YBX3
GO_BP	cytoplasmic translation	2.81501433834494	7.70571428571429e-08	16	AARS1
GO_BP	cytoplasmic translation	2.81501433834494	7.70571428571429e-08	6155	RPL27
GO_BP	cytoplasmic translation	2.81501433834494	7.70571428571429e-08	51441	YTHDF2
GO_BP	cytoplasmic translation	2.81501433834494	7.70571428571429e-08	7311	UBA52
GO_BP	cytoplasmic translation	2.81501433834494	7.70571428571429e-08	6166	RPL36AL
GO_BP	cytoplasmic translation	2.81501433834494	7.70571428571429e-08	2197	FAU
GO_BP	cytoplasmic translation	2.81501433834494	7.70571428571429e-08	6125	RPL5
GO_BP	cytoplasmic translation	2.81501433834494	7.70571428571429e-08	23057	NMNAT2
GO_BP	cytoplasmic translation	2.81501433834494	7.70571428571429e-08	6130	RPL7A
GO_BP	cytoplasmic translation	2.81501433834494	7.70571428571429e-08	55364	IMPACT
GO_BP	cytoplasmic translation	2.81501433834494	7.70571428571429e-08	54505	DHX29
GO_BP	cytoplasmic translation	2.81501433834494	7.70571428571429e-08	7812	CSDE1
GO_BP	cytoplasmic translation	2.81501433834494	7.70571428571429e-08	10399	RACK1
GO_BP	cytoplasmic translation	2.81501433834494	7.70571428571429e-08	25873	RPL36
GO_BP	cytoplasmic translation	2.81501433834494	7.70571428571429e-08	1983	EIF5
GO_BP	cytoplasmic translation	2.81501433834494	7.70571428571429e-08	11224	RPL35
GO_BP	cytoplasmic translation	2.81501433834494	7.70571428571429e-08	6230	RPS25
GO_BP	cytoplasmic translation	2.81501433834494	7.70571428571429e-08	4904	YBX1
GO_BP	cytoplasmic translation	2.81501433834494	7.70571428571429e-08	55124	PIWIL2
GO_BP	cytoplasmic translation	2.81501433834494	7.70571428571429e-08	6132	RPL8
GO_BP	ribosome biogenesis	2.79494289356847	7.70571428571429e-08	6129	RPL7
GO_BP	ribosome biogenesis	2.79494289356847	7.70571428571429e-08	6233	RPS27A
GO_BP	ribosome biogenesis	2.79494289356847	7.70571428571429e-08	6206	RPS12
GO_BP	ribosome biogenesis	2.79494289356847	7.70571428571429e-08	6227	RPS21
GO_BP	ribosome biogenesis	2.79494289356847	7.70571428571429e-08	6208	RPS14
GO_BP	ribosome biogenesis	2.79494289356847	7.70571428571429e-08	6203	RPS9
GO_BP	ribosome biogenesis	2.79494289356847	7.70571428571429e-08	6217	RPS16
GO_BP	ribosome biogenesis	2.79494289356847	7.70571428571429e-08	6223	RPS19
GO_BP	ribosome biogenesis	2.79494289356847	7.70571428571429e-08	10969	EBNA1BP2
GO_BP	ribosome biogenesis	2.79494289356847	7.70571428571429e-08	6207	RPS13
GO_BP	ribosome biogenesis	2.79494289356847	7.70571428571429e-08	708	C1QBP
GO_BP	ribosome biogenesis	2.79494289356847	7.70571428571429e-08	3692	EIF6
GO_BP	ribosome biogenesis	2.79494289356847	7.70571428571429e-08	10528	NOP56
GO_BP	ribosome biogenesis	2.79494289356847	7.70571428571429e-08	65083	NOL6
GO_BP	ribosome biogenesis	2.79494289356847	7.70571428571429e-08	6175	RPLP0
GO_BP	ribosome biogenesis	2.79494289356847	7.70571428571429e-08	6189	RPS3A
GO_BP	ribosome biogenesis	2.79494289356847	7.70571428571429e-08	6193	RPS5
GO_BP	ribosome biogenesis	2.79494289356847	7.70571428571429e-08	3921	RPSA
GO_BP	ribosome biogenesis	2.79494289356847	7.70571428571429e-08	64745	METTL17
GO_BP	ribosome biogenesis	2.79494289356847	7.70571428571429e-08	6201	RPS7
GO_BP	ribosome biogenesis	2.79494289356847	7.70571428571429e-08	57647	DHX37
GO_BP	ribosome biogenesis	2.79494289356847	7.70571428571429e-08	22803	XRN2
GO_BP	ribosome biogenesis	2.79494289356847	7.70571428571429e-08	11137	PWP1
GO_BP	ribosome biogenesis	2.79494289356847	7.70571428571429e-08	4869	NPM1
GO_BP	ribosome biogenesis	2.79494289356847	7.70571428571429e-08	6209	RPS15
GO_BP	ribosome biogenesis	2.79494289356847	7.70571428571429e-08	10885	WDR3
GO_BP	ribosome biogenesis	2.79494289356847	7.70571428571429e-08	6228	RPS23
GO_BP	ribosome biogenesis	2.79494289356847	7.70571428571429e-08	5901	RAN
GO_BP	ribosome biogenesis	2.79494289356847	7.70571428571429e-08	51065	RPS27L
GO_BP	ribosome biogenesis	2.79494289356847	7.70571428571429e-08	23212	RRS1
GO_BP	ribosome biogenesis	2.79494289356847	7.70571428571429e-08	10514	MYBBP1A
GO_BP	ribosome biogenesis	2.79494289356847	7.70571428571429e-08	51335	NGRN
GO_BP	ribosome biogenesis	2.79494289356847	7.70571428571429e-08	6218	RPS17
GO_BP	ribosome biogenesis	2.79494289356847	7.70571428571429e-08	51406	NOL7
GO_BP	ribosome biogenesis	2.79494289356847	7.70571428571429e-08	27340	UTP20
GO_BP	ribosome biogenesis	2.79494289356847	7.70571428571429e-08	22984	PDCD11
GO_BP	ribosome biogenesis	2.79494289356847	7.70571428571429e-08	51187	RSL24D1
GO_BP	ribosome biogenesis	2.79494289356847	7.70571428571429e-08	6234	RPS28
GO_BP	ribosome biogenesis	2.79494289356847	7.70571428571429e-08	54680	ZNHIT6
GO_BP	ribosome biogenesis	2.79494289356847	7.70571428571429e-08	92856	IMP4
GO_BP	ribosome biogenesis	2.79494289356847	7.70571428571429e-08	220717	RPLP0P6
GO_BP	ribosome biogenesis	2.79494289356847	7.70571428571429e-08	4809	SNU13
GO_BP	ribosome biogenesis	2.79494289356847	7.70571428571429e-08	84154	RPF2
GO_BP	ribosome biogenesis	2.79494289356847	7.70571428571429e-08	9045	RPL14
GO_BP	ribosome biogenesis	2.79494289356847	7.70571428571429e-08	55720	TSR1
GO_BP	ribosome biogenesis	2.79494289356847	7.70571428571429e-08	6154	RPL26
GO_BP	ribosome biogenesis	2.79494289356847	7.70571428571429e-08	9277	WDR46
GO_BP	ribosome biogenesis	2.79494289356847	7.70571428571429e-08	6210	RPS15A
GO_BP	ribosome biogenesis	2.79494289356847	7.70571428571429e-08	8451	CUL4A
GO_BP	ribosome biogenesis	2.79494289356847	7.70571428571429e-08	51010	EXOSC3
GO_BP	ribosome biogenesis	2.79494289356847	7.70571428571429e-08	84916	UTP4
GO_BP	ribosome biogenesis	2.79494289356847	7.70571428571429e-08	23246	BOP1
GO_BP	ribosome biogenesis	2.79494289356847	7.70571428571429e-08	51118	UTP11
GO_BP	ribosome biogenesis	2.79494289356847	7.70571428571429e-08	9136	RRP9
GO_BP	ribosome biogenesis	2.79494289356847	7.70571428571429e-08	26574	AATF
GO_BP	ribosome biogenesis	2.79494289356847	7.70571428571429e-08	65095	KRI1
GO_BP	ribosome biogenesis	2.79494289356847	7.70571428571429e-08	23404	EXOSC2
GO_BP	ribosome biogenesis	2.79494289356847	7.70571428571429e-08	84549	MAK16
GO_BP	ribosome biogenesis	2.79494289356847	7.70571428571429e-08	79707	NOL9
GO_BP	ribosome biogenesis	2.79494289356847	7.70571428571429e-08	6135	RPL11
GO_BP	ribosome biogenesis	2.79494289356847	7.70571428571429e-08	6229	RPS24
GO_BP	ribosome biogenesis	2.79494289356847	7.70571428571429e-08	1736	DKC1
GO_BP	ribosome biogenesis	2.79494289356847	7.70571428571429e-08	55003	PAK1IP1
GO_BP	ribosome biogenesis	2.79494289356847	7.70571428571429e-08	9221	NOLC1
GO_BP	ribosome biogenesis	2.79494289356847	7.70571428571429e-08	55695	NSUN5
GO_BP	ribosome biogenesis	2.79494289356847	7.70571428571429e-08	56915	EXOSC5
GO_BP	ribosome biogenesis	2.79494289356847	7.70571428571429e-08	285855	RPL7L1
GO_BP	ribosome biogenesis	2.79494289356847	7.70571428571429e-08	51491	NOP16
GO_BP	ribosome biogenesis	2.79494289356847	7.70571428571429e-08	51154	MRTO4
GO_BP	ribosome biogenesis	2.79494289356847	7.70571428571429e-08	29997	NOP53
GO_BP	ribosome biogenesis	2.79494289356847	7.70571428571429e-08	54552	GNL3L
GO_BP	ribosome biogenesis	2.79494289356847	7.70571428571429e-08	6165	RPL35A
GO_BP	ribosome biogenesis	2.79494289356847	7.70571428571429e-08	23076	RRP1B
GO_BP	ribosome biogenesis	2.79494289356847	7.70571428571429e-08	54555	DDX49
GO_BP	ribosome biogenesis	2.79494289356847	7.70571428571429e-08	55651	NHP2
GO_BP	ribosome biogenesis	2.79494289356847	7.70571428571429e-08	55646	LYAR
GO_BP	ribosome biogenesis	2.79494289356847	7.70571428571429e-08	2752	GLUL
GO_BP	ribosome biogenesis	2.79494289356847	7.70571428571429e-08	9188	DDX21
GO_BP	ribosome biogenesis	2.79494289356847	7.70571428571429e-08	134430	WDR36
GO_BP	ribosome biogenesis	2.79494289356847	7.70571428571429e-08	25879	DCAF13
GO_BP	ribosome biogenesis	2.79494289356847	7.70571428571429e-08	55813	UTP6
GO_BP	ribosome biogenesis	2.79494289356847	7.70571428571429e-08	54433	GAR1
GO_BP	ribosome biogenesis	2.79494289356847	7.70571428571429e-08	55341	LSG1
GO_BP	ribosome biogenesis	2.79494289356847	7.70571428571429e-08	79954	NOL10
GO_BP	ribosome biogenesis	2.79494289356847	7.70571428571429e-08	57109	REXO4
GO_BP	ribosome biogenesis	2.79494289356847	7.70571428571429e-08	55127	HEATR1
GO_BP	ribosome biogenesis	2.79494289356847	7.70571428571429e-08	55272	IMP3
GO_BP	ribosome biogenesis	2.79494289356847	7.70571428571429e-08	6155	RPL27
GO_BP	ribosome biogenesis	2.79494289356847	7.70571428571429e-08	64216	TFB2M
GO_BP	ribosome biogenesis	2.79494289356847	7.70571428571429e-08	81554	RCC1L
GO_BP	ribosome biogenesis	2.79494289356847	7.70571428571429e-08	51441	YTHDF2
GO_BP	ribosome biogenesis	2.79494289356847	7.70571428571429e-08	54663	WDR74
GO_BP	ribosome biogenesis	2.79494289356847	7.70571428571429e-08	55794	DDX28
GO_BP	ribosome biogenesis	2.79494289356847	7.70571428571429e-08	90441	ZNF622
GO_BP	ribosome biogenesis	2.79494289356847	7.70571428571429e-08	27341	RRP7A
GO_BP	ribosome biogenesis	2.79494289356847	7.70571428571429e-08	10521	DDX17
GO_BP	ribosome biogenesis	2.79494289356847	7.70571428571429e-08	55027	HEATR3
GO_BP	ribosome biogenesis	2.79494289356847	7.70571428571429e-08	10813	UTP14A
GO_BP	ribosome biogenesis	2.79494289356847	7.70571428571429e-08	84881	RPUSD4
GO_BP	ribosome biogenesis	2.79494289356847	7.70571428571429e-08	92170	MTG1
GO_BP	ribosome biogenesis	2.79494289356847	7.70571428571429e-08	8886	DDX18
GO_BP	ribosome biogenesis	2.79494289356847	7.70571428571429e-08	102157402	AK6
GO_BP	ribosome biogenesis	2.79494289356847	7.70571428571429e-08	2197	FAU
GO_BP	ribosome biogenesis	2.79494289356847	7.70571428571429e-08	6125	RPL5
GO_BP	ribosome biogenesis	2.79494289356847	7.70571428571429e-08	7514	XPO1
GO_BP	ribosome biogenesis	2.79494289356847	7.70571428571429e-08	6130	RPL7A
GO_BP	ribosome biogenesis	2.79494289356847	7.70571428571429e-08	54505	DHX29
GO_BP	ribosome biogenesis	2.79494289356847	7.70571428571429e-08	55006	TRMT61B
GO_BP	ribosome biogenesis	2.79494289356847	7.70571428571429e-08	22868	FASTKD2
GO_BP	ribosome biogenesis	2.79494289356847	7.70571428571429e-08	26155	NOC2L
GO_BP	ribosome biogenesis	2.79494289356847	7.70571428571429e-08	56902	PNO1
GO_BP	ribosome biogenesis	2.79494289356847	7.70571428571429e-08	161424	NOP9
GO_BP	ribosome biogenesis	2.79494289356847	7.70571428571429e-08	23481	PES1
GO_BP	ribosome biogenesis	2.79494289356847	7.70571428571429e-08	4927	NUP88
GO_BP	ribosome biogenesis	2.79494289356847	7.70571428571429e-08	55759	WDR12
GO_BP	ribosome biogenesis	2.79494289356847	7.70571428571429e-08	23560	GTPBP4
GO_BP	ribosome biogenesis	2.79494289356847	7.70571428571429e-08	51388	NIP7
GO_BP	ribosome biogenesis	2.79494289356847	7.70571428571429e-08	10436	EMG1
GO_BP	ribosome biogenesis	2.79494289356847	7.70571428571429e-08	51504	TRMT112
GO_BP	ribosome biogenesis	2.79494289356847	7.70571428571429e-08	4931	NVL
GO_BP	ribosome biogenesis	2.79494289356847	7.70571428571429e-08	8602	NOP14
GO_BP	ribosome biogenesis	2.79494289356847	7.70571428571429e-08	23517	MTREX
GO_BP	ribosome biogenesis	2.79494289356847	7.70571428571429e-08	7520	XRCC5
GO_BP	ribosome biogenesis	2.79494289356847	7.70571428571429e-08	57050	UTP3
GO_BP	ribosome biogenesis	2.79494289356847	7.70571428571429e-08	23016	EXOSC7
GO_BP	ribosome biogenesis	2.79494289356847	7.70571428571429e-08	1983	EIF5
GO_BP	ribosome biogenesis	2.79494289356847	7.70571428571429e-08	11224	RPL35
GO_BP	ribosome biogenesis	2.79494289356847	7.70571428571429e-08	2091	FBL
GO_BP	ribosome biogenesis	2.79494289356847	7.70571428571429e-08	6230	RPS25
GO_BP	ribosome biogenesis	2.79494289356847	7.70571428571429e-08	9816	URB2
GO_BP	ribosome biogenesis	2.79494289356847	7.70571428571429e-08	153443	SRFBP1
GO_BP	ribosome biogenesis	2.79494289356847	7.70571428571429e-08	11157	LSM6
GO_BP	ribosome biogenesis	2.79494289356847	7.70571428571429e-08	55505	NOP10
GO_BP	ribosome biogenesis	2.79494289356847	7.70571428571429e-08	84128	WDR75
GO_BP	ribosome biogenesis	2.79494289356847	7.70571428571429e-08	51602	NOP58
GO_BP	ribosome biogenesis	2.79494289356847	7.70571428571429e-08	55011	PIH1D1
GO_BP	ribosome biogenesis	2.79494289356847	7.70571428571429e-08	6838	SURF6
GO_BP	ribosome biogenesis	2.79494289356847	7.70571428571429e-08	83743	GRWD1
GO_BP	ribosome biogenesis	2.79494289356847	7.70571428571429e-08	11056	DDX52
GO_BP	ribosome biogenesis	2.79494289356847	7.70571428571429e-08	6202	RPS8
GO_BP	ribosome biogenesis	2.79494289356847	7.70571428571429e-08	80135	RPF1
GO_BP	ribosome biogenesis	2.79494289356847	7.70571428571429e-08	27292	DIMT1
GO_BP	ribosome biogenesis	2.79494289356847	7.70571428571429e-08	92342	METTL18
GO_BP	ribosome biogenesis	2.79494289356847	7.70571428571429e-08	10600	USP16
GO_BP	ribosome biogenesis	2.79494289356847	7.70571428571429e-08	51013	EXOSC1
GO_BP	ribosome biogenesis	2.79494289356847	7.70571428571429e-08	118460	EXOSC6
GO_BP	ribosome biogenesis	2.79494289356847	7.70571428571429e-08	54700	RRN3
GO_BP	ribosome biogenesis	2.79494289356847	7.70571428571429e-08	92345	NAF1
GO_BP	ribosome biogenesis	2.79494289356847	7.70571428571429e-08	85865	GTPBP10
GO_BP	ribosome biogenesis	2.79494289356847	7.70571428571429e-08	5822	PWP2
GO_BP	ribosome biogenesis	2.79494289356847	7.70571428571429e-08	79922	MRM1
GO_BP	ribosome biogenesis	2.79494289356847	7.70571428571429e-08	10799	RPP40
GO_BP	ribosome biogenesis	2.79494289356847	7.70571428571429e-08	56342	PPAN
GO_BP	ribosome biogenesis	2.79494289356847	7.70571428571429e-08	10438	C1D
GO_BP	ribosome biogenesis	2.79494289356847	7.70571428571429e-08	51077	FCF1
GO_BP	ribosome biogenesis	2.79494289356847	7.70571428571429e-08	91582	RPS19BP1
GO_BP	ribosome biogenesis	2.79494289356847	7.70571428571429e-08	11340	EXOSC8
GO_BP	ribosome biogenesis	2.79494289356847	7.70571428571429e-08	51018	RRP15
GO_BP	ribosome biogenesis	2.79494289356847	7.70571428571429e-08	83732	RIOK1
GO_BP	ribosome biogenesis	2.79494289356847	7.70571428571429e-08	51121	RPL26L1
GO_BP	ribosome biogenesis	2.79494289356847	7.70571428571429e-08	23160	WDR43
GO_BP	ribosome biogenesis	2.79494289356847	7.70571428571429e-08	28987	NOB1
GO_BP	ribosome biogenesis	2.79494289356847	7.70571428571429e-08	51367	POP5
GO_BP	ribosome biogenesis	2.79494289356847	7.70571428571429e-08	55781	RIOK2
GO_BP	ribosome biogenesis	2.79494289356847	7.70571428571429e-08	54475	NLE1
GO_BP	ribosome biogenesis	2.79494289356847	7.70571428571429e-08	54913	RPP25
GO_BP	ribosome biogenesis	2.79494289356847	7.70571428571429e-08	10199	MPHOSPH10
GO_BP	ribosome biogenesis	2.79494289356847	7.70571428571429e-08	30836	DNTTIP2
GO_BP	ribosome biogenesis	2.79494289356847	7.70571428571429e-08	64794	DDX31
GO_BP	rRNA processing	2.63855645775007	7.70571428571429e-08	6129	RPL7
GO_BP	rRNA processing	2.63855645775007	7.70571428571429e-08	6227	RPS21
GO_BP	rRNA processing	2.63855645775007	7.70571428571429e-08	6208	RPS14
GO_BP	rRNA processing	2.63855645775007	7.70571428571429e-08	6217	RPS16
GO_BP	rRNA processing	2.63855645775007	7.70571428571429e-08	6223	RPS19
GO_BP	rRNA processing	2.63855645775007	7.70571428571429e-08	10969	EBNA1BP2
GO_BP	rRNA processing	2.63855645775007	7.70571428571429e-08	3692	EIF6
GO_BP	rRNA processing	2.63855645775007	7.70571428571429e-08	10528	NOP56
GO_BP	rRNA processing	2.63855645775007	7.70571428571429e-08	65083	NOL6
GO_BP	rRNA processing	2.63855645775007	7.70571428571429e-08	6201	RPS7
GO_BP	rRNA processing	2.63855645775007	7.70571428571429e-08	57647	DHX37
GO_BP	rRNA processing	2.63855645775007	7.70571428571429e-08	22803	XRN2
GO_BP	rRNA processing	2.63855645775007	7.70571428571429e-08	11137	PWP1
GO_BP	rRNA processing	2.63855645775007	7.70571428571429e-08	6209	RPS15
GO_BP	rRNA processing	2.63855645775007	7.70571428571429e-08	10885	WDR3
GO_BP	rRNA processing	2.63855645775007	7.70571428571429e-08	23212	RRS1
GO_BP	rRNA processing	2.63855645775007	7.70571428571429e-08	6218	RPS17
GO_BP	rRNA processing	2.63855645775007	7.70571428571429e-08	51406	NOL7
GO_BP	rRNA processing	2.63855645775007	7.70571428571429e-08	27340	UTP20
GO_BP	rRNA processing	2.63855645775007	7.70571428571429e-08	22984	PDCD11
GO_BP	rRNA processing	2.63855645775007	7.70571428571429e-08	6234	RPS28
GO_BP	rRNA processing	2.63855645775007	7.70571428571429e-08	54680	ZNHIT6
GO_BP	rRNA processing	2.63855645775007	7.70571428571429e-08	92856	IMP4
GO_BP	rRNA processing	2.63855645775007	7.70571428571429e-08	4809	SNU13
GO_BP	rRNA processing	2.63855645775007	7.70571428571429e-08	84154	RPF2
GO_BP	rRNA processing	2.63855645775007	7.70571428571429e-08	9045	RPL14
GO_BP	rRNA processing	2.63855645775007	7.70571428571429e-08	55720	TSR1
GO_BP	rRNA processing	2.63855645775007	7.70571428571429e-08	6154	RPL26
GO_BP	rRNA processing	2.63855645775007	7.70571428571429e-08	9277	WDR46
GO_BP	rRNA processing	2.63855645775007	7.70571428571429e-08	51010	EXOSC3
GO_BP	rRNA processing	2.63855645775007	7.70571428571429e-08	84916	UTP4
GO_BP	rRNA processing	2.63855645775007	7.70571428571429e-08	23246	BOP1
GO_BP	rRNA processing	2.63855645775007	7.70571428571429e-08	51118	UTP11
GO_BP	rRNA processing	2.63855645775007	7.70571428571429e-08	9136	RRP9
GO_BP	rRNA processing	2.63855645775007	7.70571428571429e-08	65095	KRI1
GO_BP	rRNA processing	2.63855645775007	7.70571428571429e-08	23404	EXOSC2
GO_BP	rRNA processing	2.63855645775007	7.70571428571429e-08	84549	MAK16
GO_BP	rRNA processing	2.63855645775007	7.70571428571429e-08	79707	NOL9
GO_BP	rRNA processing	2.63855645775007	7.70571428571429e-08	6135	RPL11
GO_BP	rRNA processing	2.63855645775007	7.70571428571429e-08	6229	RPS24
GO_BP	rRNA processing	2.63855645775007	7.70571428571429e-08	1736	DKC1
GO_BP	rRNA processing	2.63855645775007	7.70571428571429e-08	55003	PAK1IP1
GO_BP	rRNA processing	2.63855645775007	7.70571428571429e-08	9221	NOLC1
GO_BP	rRNA processing	2.63855645775007	7.70571428571429e-08	55695	NSUN5
GO_BP	rRNA processing	2.63855645775007	7.70571428571429e-08	56915	EXOSC5
GO_BP	rRNA processing	2.63855645775007	7.70571428571429e-08	285855	RPL7L1
GO_BP	rRNA processing	2.63855645775007	7.70571428571429e-08	51154	MRTO4
GO_BP	rRNA processing	2.63855645775007	7.70571428571429e-08	29997	NOP53
GO_BP	rRNA processing	2.63855645775007	7.70571428571429e-08	6165	RPL35A
GO_BP	rRNA processing	2.63855645775007	7.70571428571429e-08	23076	RRP1B
GO_BP	rRNA processing	2.63855645775007	7.70571428571429e-08	54555	DDX49
GO_BP	rRNA processing	2.63855645775007	7.70571428571429e-08	55651	NHP2
GO_BP	rRNA processing	2.63855645775007	7.70571428571429e-08	55646	LYAR
GO_BP	rRNA processing	2.63855645775007	7.70571428571429e-08	9188	DDX21
GO_BP	rRNA processing	2.63855645775007	7.70571428571429e-08	134430	WDR36
GO_BP	rRNA processing	2.63855645775007	7.70571428571429e-08	25879	DCAF13
GO_BP	rRNA processing	2.63855645775007	7.70571428571429e-08	55813	UTP6
GO_BP	rRNA processing	2.63855645775007	7.70571428571429e-08	54433	GAR1
GO_BP	rRNA processing	2.63855645775007	7.70571428571429e-08	79954	NOL10
GO_BP	rRNA processing	2.63855645775007	7.70571428571429e-08	57109	REXO4
GO_BP	rRNA processing	2.63855645775007	7.70571428571429e-08	55127	HEATR1
GO_BP	rRNA processing	2.63855645775007	7.70571428571429e-08	55272	IMP3
GO_BP	rRNA processing	2.63855645775007	7.70571428571429e-08	6155	RPL27
GO_BP	rRNA processing	2.63855645775007	7.70571428571429e-08	64216	TFB2M
GO_BP	rRNA processing	2.63855645775007	7.70571428571429e-08	51441	YTHDF2
GO_BP	rRNA processing	2.63855645775007	7.70571428571429e-08	54663	WDR74
GO_BP	rRNA processing	2.63855645775007	7.70571428571429e-08	27341	RRP7A
GO_BP	rRNA processing	2.63855645775007	7.70571428571429e-08	10521	DDX17
GO_BP	rRNA processing	2.63855645775007	7.70571428571429e-08	10813	UTP14A
GO_BP	rRNA processing	2.63855645775007	7.70571428571429e-08	84881	RPUSD4
GO_BP	rRNA processing	2.63855645775007	7.70571428571429e-08	8886	DDX18
GO_BP	rRNA processing	2.63855645775007	7.70571428571429e-08	102157402	AK6
GO_BP	rRNA processing	2.63855645775007	7.70571428571429e-08	6125	RPL5
GO_BP	rRNA processing	2.63855645775007	7.70571428571429e-08	6130	RPL7A
GO_BP	rRNA processing	2.63855645775007	7.70571428571429e-08	55006	TRMT61B
GO_BP	rRNA processing	2.63855645775007	7.70571428571429e-08	161424	NOP9
GO_BP	rRNA processing	2.63855645775007	7.70571428571429e-08	23481	PES1
GO_BP	rRNA processing	2.63855645775007	7.70571428571429e-08	55759	WDR12
GO_BP	rRNA processing	2.63855645775007	7.70571428571429e-08	23560	GTPBP4
GO_BP	rRNA processing	2.63855645775007	7.70571428571429e-08	10436	EMG1
GO_BP	rRNA processing	2.63855645775007	7.70571428571429e-08	51504	TRMT112
GO_BP	rRNA processing	2.63855645775007	7.70571428571429e-08	4931	NVL
GO_BP	rRNA processing	2.63855645775007	7.70571428571429e-08	8602	NOP14
GO_BP	rRNA processing	2.63855645775007	7.70571428571429e-08	23517	MTREX
GO_BP	rRNA processing	2.63855645775007	7.70571428571429e-08	57050	UTP3
GO_BP	rRNA processing	2.63855645775007	7.70571428571429e-08	23016	EXOSC7
GO_BP	rRNA processing	2.63855645775007	7.70571428571429e-08	11224	RPL35
GO_BP	rRNA processing	2.63855645775007	7.70571428571429e-08	2091	FBL
GO_BP	rRNA processing	2.63855645775007	7.70571428571429e-08	6230	RPS25
GO_BP	rRNA processing	2.63855645775007	7.70571428571429e-08	153443	SRFBP1
GO_BP	rRNA processing	2.63855645775007	7.70571428571429e-08	11157	LSM6
GO_BP	rRNA processing	2.63855645775007	7.70571428571429e-08	55505	NOP10
GO_BP	rRNA processing	2.63855645775007	7.70571428571429e-08	84128	WDR75
GO_BP	rRNA processing	2.63855645775007	7.70571428571429e-08	51602	NOP58
GO_BP	rRNA processing	2.63855645775007	7.70571428571429e-08	55011	PIH1D1
GO_BP	rRNA processing	2.63855645775007	7.70571428571429e-08	11056	DDX52
GO_BP	rRNA processing	2.63855645775007	7.70571428571429e-08	6202	RPS8
GO_BP	rRNA processing	2.63855645775007	7.70571428571429e-08	80135	RPF1
GO_BP	rRNA processing	2.63855645775007	7.70571428571429e-08	27292	DIMT1
GO_BP	rRNA processing	2.63855645775007	7.70571428571429e-08	92342	METTL18
GO_BP	rRNA processing	2.63855645775007	7.70571428571429e-08	51013	EXOSC1
GO_BP	rRNA processing	2.63855645775007	7.70571428571429e-08	118460	EXOSC6
GO_BP	rRNA processing	2.63855645775007	7.70571428571429e-08	92345	NAF1
GO_BP	rRNA processing	2.63855645775007	7.70571428571429e-08	5822	PWP2
GO_BP	rRNA processing	2.63855645775007	7.70571428571429e-08	79922	MRM1
GO_BP	rRNA processing	2.63855645775007	7.70571428571429e-08	10799	RPP40
GO_BP	rRNA processing	2.63855645775007	7.70571428571429e-08	56342	PPAN
GO_BP	rRNA processing	2.63855645775007	7.70571428571429e-08	10438	C1D
GO_BP	rRNA processing	2.63855645775007	7.70571428571429e-08	51077	FCF1
GO_BP	rRNA processing	2.63855645775007	7.70571428571429e-08	11340	EXOSC8
GO_BP	rRNA processing	2.63855645775007	7.70571428571429e-08	51018	RRP15
GO_BP	rRNA processing	2.63855645775007	7.70571428571429e-08	83732	RIOK1
GO_BP	rRNA processing	2.63855645775007	7.70571428571429e-08	23160	WDR43
GO_BP	rRNA processing	2.63855645775007	7.70571428571429e-08	28987	NOB1
GO_BP	rRNA processing	2.63855645775007	7.70571428571429e-08	51367	POP5
GO_BP	rRNA processing	2.63855645775007	7.70571428571429e-08	55781	RIOK2
GO_BP	rRNA processing	2.63855645775007	7.70571428571429e-08	54913	RPP25
GO_BP	rRNA processing	2.63855645775007	7.70571428571429e-08	10199	MPHOSPH10
GO_BP	ribonucleoprotein complex biogenesis	2.62527939860505	7.70571428571429e-08	6129	RPL7
GO_BP	ribonucleoprotein complex biogenesis	2.62527939860505	7.70571428571429e-08	6233	RPS27A
GO_BP	ribonucleoprotein complex biogenesis	2.62527939860505	7.70571428571429e-08	6206	RPS12
GO_BP	ribonucleoprotein complex biogenesis	2.62527939860505	7.70571428571429e-08	6636	SNRPF
GO_BP	ribonucleoprotein complex biogenesis	2.62527939860505	7.70571428571429e-08	6227	RPS21
GO_BP	ribonucleoprotein complex biogenesis	2.62527939860505	7.70571428571429e-08	6208	RPS14
GO_BP	ribonucleoprotein complex biogenesis	2.62527939860505	7.70571428571429e-08	6203	RPS9
GO_BP	ribonucleoprotein complex biogenesis	2.62527939860505	7.70571428571429e-08	3327	HSP90AB3P
GO_BP	ribonucleoprotein complex biogenesis	2.62527939860505	7.70571428571429e-08	6217	RPS16
GO_BP	ribonucleoprotein complex biogenesis	2.62527939860505	7.70571428571429e-08	8683	SRSF9
GO_BP	ribonucleoprotein complex biogenesis	2.62527939860505	7.70571428571429e-08	6223	RPS19
GO_BP	ribonucleoprotein complex biogenesis	2.62527939860505	7.70571428571429e-08	10969	EBNA1BP2
GO_BP	ribonucleoprotein complex biogenesis	2.62527939860505	7.70571428571429e-08	6207	RPS13
GO_BP	ribonucleoprotein complex biogenesis	2.62527939860505	7.70571428571429e-08	708	C1QBP
GO_BP	ribonucleoprotein complex biogenesis	2.62527939860505	7.70571428571429e-08	3692	EIF6
GO_BP	ribonucleoprotein complex biogenesis	2.62527939860505	7.70571428571429e-08	10528	NOP56
GO_BP	ribonucleoprotein complex biogenesis	2.62527939860505	7.70571428571429e-08	65083	NOL6
GO_BP	ribonucleoprotein complex biogenesis	2.62527939860505	7.70571428571429e-08	6175	RPLP0
GO_BP	ribonucleoprotein complex biogenesis	2.62527939860505	7.70571428571429e-08	6189	RPS3A
GO_BP	ribonucleoprotein complex biogenesis	2.62527939860505	7.70571428571429e-08	6193	RPS5
GO_BP	ribonucleoprotein complex biogenesis	2.62527939860505	7.70571428571429e-08	11171	STRAP
GO_BP	ribonucleoprotein complex biogenesis	2.62527939860505	7.70571428571429e-08	3921	RPSA
GO_BP	ribonucleoprotein complex biogenesis	2.62527939860505	7.70571428571429e-08	64745	METTL17
GO_BP	ribonucleoprotein complex biogenesis	2.62527939860505	7.70571428571429e-08	6201	RPS7
GO_BP	ribonucleoprotein complex biogenesis	2.62527939860505	7.70571428571429e-08	1653	DDX1
GO_BP	ribonucleoprotein complex biogenesis	2.62527939860505	7.70571428571429e-08	57647	DHX37
GO_BP	ribonucleoprotein complex biogenesis	2.62527939860505	7.70571428571429e-08	22803	XRN2
GO_BP	ribonucleoprotein complex biogenesis	2.62527939860505	7.70571428571429e-08	11137	PWP1
GO_BP	ribonucleoprotein complex biogenesis	2.62527939860505	7.70571428571429e-08	6635	SNRPE
GO_BP	ribonucleoprotein complex biogenesis	2.62527939860505	7.70571428571429e-08	4869	NPM1
GO_BP	ribonucleoprotein complex biogenesis	2.62527939860505	7.70571428571429e-08	6209	RPS15
GO_BP	ribonucleoprotein complex biogenesis	2.62527939860505	7.70571428571429e-08	10885	WDR3
GO_BP	ribonucleoprotein complex biogenesis	2.62527939860505	7.70571428571429e-08	6228	RPS23
GO_BP	ribonucleoprotein complex biogenesis	2.62527939860505	7.70571428571429e-08	5901	RAN
GO_BP	ribonucleoprotein complex biogenesis	2.62527939860505	7.70571428571429e-08	51065	RPS27L
GO_BP	ribonucleoprotein complex biogenesis	2.62527939860505	7.70571428571429e-08	23212	RRS1
GO_BP	ribonucleoprotein complex biogenesis	2.62527939860505	7.70571428571429e-08	10514	MYBBP1A
GO_BP	ribonucleoprotein complex biogenesis	2.62527939860505	7.70571428571429e-08	6632	SNRPD1
GO_BP	ribonucleoprotein complex biogenesis	2.62527939860505	7.70571428571429e-08	51335	NGRN
GO_BP	ribonucleoprotein complex biogenesis	2.62527939860505	7.70571428571429e-08	6218	RPS17
GO_BP	ribonucleoprotein complex biogenesis	2.62527939860505	7.70571428571429e-08	51406	NOL7
GO_BP	ribonucleoprotein complex biogenesis	2.62527939860505	7.70571428571429e-08	27340	UTP20
GO_BP	ribonucleoprotein complex biogenesis	2.62527939860505	7.70571428571429e-08	6426	SRSF1
GO_BP	ribonucleoprotein complex biogenesis	2.62527939860505	7.70571428571429e-08	22984	PDCD11
GO_BP	ribonucleoprotein complex biogenesis	2.62527939860505	7.70571428571429e-08	51187	RSL24D1
GO_BP	ribonucleoprotein complex biogenesis	2.62527939860505	7.70571428571429e-08	6234	RPS28
GO_BP	ribonucleoprotein complex biogenesis	2.62527939860505	7.70571428571429e-08	58155	PTBP2
GO_BP	ribonucleoprotein complex biogenesis	2.62527939860505	7.70571428571429e-08	54680	ZNHIT6
GO_BP	ribonucleoprotein complex biogenesis	2.62527939860505	7.70571428571429e-08	92856	IMP4
GO_BP	ribonucleoprotein complex biogenesis	2.62527939860505	7.70571428571429e-08	220717	RPLP0P6
GO_BP	ribonucleoprotein complex biogenesis	2.62527939860505	7.70571428571429e-08	4809	SNU13
GO_BP	ribonucleoprotein complex biogenesis	2.62527939860505	7.70571428571429e-08	25804	LSM4
GO_BP	ribonucleoprotein complex biogenesis	2.62527939860505	7.70571428571429e-08	84154	RPF2
GO_BP	ribonucleoprotein complex biogenesis	2.62527939860505	7.70571428571429e-08	9045	RPL14
GO_BP	ribonucleoprotein complex biogenesis	2.62527939860505	7.70571428571429e-08	55720	TSR1
GO_BP	ribonucleoprotein complex biogenesis	2.62527939860505	7.70571428571429e-08	6154	RPL26
GO_BP	ribonucleoprotein complex biogenesis	2.62527939860505	7.70571428571429e-08	9277	WDR46
GO_BP	ribonucleoprotein complex biogenesis	2.62527939860505	7.70571428571429e-08	1660	DHX9
GO_BP	ribonucleoprotein complex biogenesis	2.62527939860505	7.70571428571429e-08	6210	RPS15A
GO_BP	ribonucleoprotein complex biogenesis	2.62527939860505	7.70571428571429e-08	8562	DENR
GO_BP	ribonucleoprotein complex biogenesis	2.62527939860505	7.70571428571429e-08	8451	CUL4A
GO_BP	ribonucleoprotein complex biogenesis	2.62527939860505	7.70571428571429e-08	6637	SNRPG
GO_BP	ribonucleoprotein complex biogenesis	2.62527939860505	7.70571428571429e-08	10772	SRSF10
GO_BP	ribonucleoprotein complex biogenesis	2.62527939860505	7.70571428571429e-08	25929	GEMIN5
GO_BP	ribonucleoprotein complex biogenesis	2.62527939860505	7.70571428571429e-08	728689	EIF3CL
GO_BP	ribonucleoprotein complex biogenesis	2.62527939860505	7.70571428571429e-08	51010	EXOSC3
GO_BP	ribonucleoprotein complex biogenesis	2.62527939860505	7.70571428571429e-08	8663	EIF3C
GO_BP	ribonucleoprotein complex biogenesis	2.62527939860505	7.70571428571429e-08	84916	UTP4
GO_BP	ribonucleoprotein complex biogenesis	2.62527939860505	7.70571428571429e-08	23246	BOP1
GO_BP	ribonucleoprotein complex biogenesis	2.62527939860505	7.70571428571429e-08	51118	UTP11
GO_BP	ribonucleoprotein complex biogenesis	2.62527939860505	7.70571428571429e-08	9136	RRP9
GO_BP	ribonucleoprotein complex biogenesis	2.62527939860505	7.70571428571429e-08	26574	AATF
GO_BP	ribonucleoprotein complex biogenesis	2.62527939860505	7.70571428571429e-08	65095	KRI1
GO_BP	ribonucleoprotein complex biogenesis	2.62527939860505	7.70571428571429e-08	10658	CELF1
GO_BP	ribonucleoprotein complex biogenesis	2.62527939860505	7.70571428571429e-08	8894	EIF2S2
GO_BP	ribonucleoprotein complex biogenesis	2.62527939860505	7.70571428571429e-08	6628	SNRPB
GO_BP	ribonucleoprotein complex biogenesis	2.62527939860505	7.70571428571429e-08	10480	EIF3M
GO_BP	ribonucleoprotein complex biogenesis	2.62527939860505	7.70571428571429e-08	23404	EXOSC2
GO_BP	ribonucleoprotein complex biogenesis	2.62527939860505	7.70571428571429e-08	10946	SF3A3
GO_BP	ribonucleoprotein complex biogenesis	2.62527939860505	7.70571428571429e-08	84549	MAK16
GO_BP	ribonucleoprotein complex biogenesis	2.62527939860505	7.70571428571429e-08	79707	NOL9
GO_BP	ribonucleoprotein complex biogenesis	2.62527939860505	7.70571428571429e-08	4686	NCBP1
GO_BP	ribonucleoprotein complex biogenesis	2.62527939860505	7.70571428571429e-08	6135	RPL11
GO_BP	ribonucleoprotein complex biogenesis	2.62527939860505	7.70571428571429e-08	83443	SF3B5
GO_BP	ribonucleoprotein complex biogenesis	2.62527939860505	7.70571428571429e-08	6229	RPS24
GO_BP	ribonucleoprotein complex biogenesis	2.62527939860505	7.70571428571429e-08	1736	DKC1
GO_BP	ribonucleoprotein complex biogenesis	2.62527939860505	7.70571428571429e-08	55003	PAK1IP1
GO_BP	ribonucleoprotein complex biogenesis	2.62527939860505	7.70571428571429e-08	9221	NOLC1
GO_BP	ribonucleoprotein complex biogenesis	2.62527939860505	7.70571428571429e-08	55695	NSUN5
GO_BP	ribonucleoprotein complex biogenesis	2.62527939860505	7.70571428571429e-08	56915	EXOSC5
GO_BP	ribonucleoprotein complex biogenesis	2.62527939860505	7.70571428571429e-08	285855	RPL7L1
GO_BP	ribonucleoprotein complex biogenesis	2.62527939860505	7.70571428571429e-08	51491	NOP16
GO_BP	ribonucleoprotein complex biogenesis	2.62527939860505	7.70571428571429e-08	51154	MRTO4
GO_BP	ribonucleoprotein complex biogenesis	2.62527939860505	7.70571428571429e-08	29997	NOP53
GO_BP	ribonucleoprotein complex biogenesis	2.62527939860505	7.70571428571429e-08	54552	GNL3L
GO_BP	ribonucleoprotein complex biogenesis	2.62527939860505	7.70571428571429e-08	6165	RPL35A
GO_BP	ribonucleoprotein complex biogenesis	2.62527939860505	7.70571428571429e-08	121053	NOPCHAP1
GO_BP	ribonucleoprotein complex biogenesis	2.62527939860505	7.70571428571429e-08	23076	RRP1B
GO_BP	ribonucleoprotein complex biogenesis	2.62527939860505	7.70571428571429e-08	54555	DDX49
GO_BP	ribonucleoprotein complex biogenesis	2.62527939860505	7.70571428571429e-08	10728	PTGES3
GO_BP	ribonucleoprotein complex biogenesis	2.62527939860505	7.70571428571429e-08	6629	SNRPB2
GO_BP	ribonucleoprotein complex biogenesis	2.62527939860505	7.70571428571429e-08	55651	NHP2
GO_BP	ribonucleoprotein complex biogenesis	2.62527939860505	7.70571428571429e-08	55646	LYAR
GO_BP	ribonucleoprotein complex biogenesis	2.62527939860505	7.70571428571429e-08	2752	GLUL
GO_BP	ribonucleoprotein complex biogenesis	2.62527939860505	7.70571428571429e-08	9188	DDX21
GO_BP	ribonucleoprotein complex biogenesis	2.62527939860505	7.70571428571429e-08	134430	WDR36
GO_BP	ribonucleoprotein complex biogenesis	2.62527939860505	7.70571428571429e-08	27339	PRPF19
GO_BP	ribonucleoprotein complex biogenesis	2.62527939860505	7.70571428571429e-08	25879	DCAF13
GO_BP	ribonucleoprotein complex biogenesis	2.62527939860505	7.70571428571429e-08	55813	UTP6
GO_BP	ribonucleoprotein complex biogenesis	2.62527939860505	7.70571428571429e-08	54433	GAR1
GO_BP	ribonucleoprotein complex biogenesis	2.62527939860505	7.70571428571429e-08	55341	LSG1
GO_BP	ribonucleoprotein complex biogenesis	2.62527939860505	7.70571428571429e-08	8607	RUVBL1
GO_BP	ribonucleoprotein complex biogenesis	2.62527939860505	7.70571428571429e-08	79954	NOL10
GO_BP	ribonucleoprotein complex biogenesis	2.62527939860505	7.70571428571429e-08	57109	REXO4
GO_BP	ribonucleoprotein complex biogenesis	2.62527939860505	7.70571428571429e-08	7919	DDX39B
GO_BP	ribonucleoprotein complex biogenesis	2.62527939860505	7.70571428571429e-08	55127	HEATR1
GO_BP	ribonucleoprotein complex biogenesis	2.62527939860505	7.70571428571429e-08	55272	IMP3
GO_BP	ribonucleoprotein complex biogenesis	2.62527939860505	7.70571428571429e-08	6155	RPL27
GO_BP	ribonucleoprotein complex biogenesis	2.62527939860505	7.70571428571429e-08	64216	TFB2M
GO_BP	ribonucleoprotein complex biogenesis	2.62527939860505	7.70571428571429e-08	11338	U2AF2
GO_BP	ribonucleoprotein complex biogenesis	2.62527939860505	7.70571428571429e-08	81554	RCC1L
GO_BP	ribonucleoprotein complex biogenesis	2.62527939860505	7.70571428571429e-08	51441	YTHDF2
GO_BP	ribonucleoprotein complex biogenesis	2.62527939860505	7.70571428571429e-08	54663	WDR74
GO_BP	ribonucleoprotein complex biogenesis	2.62527939860505	7.70571428571429e-08	55794	DDX28
GO_BP	ribonucleoprotein complex biogenesis	2.62527939860505	7.70571428571429e-08	90441	ZNF622
GO_BP	ribonucleoprotein complex biogenesis	2.62527939860505	7.70571428571429e-08	27341	RRP7A
GO_BP	ribonucleoprotein complex biogenesis	2.62527939860505	7.70571428571429e-08	10521	DDX17
GO_BP	ribonucleoprotein complex biogenesis	2.62527939860505	7.70571428571429e-08	55027	HEATR3
GO_BP	ribonucleoprotein complex biogenesis	2.62527939860505	7.70571428571429e-08	10813	UTP14A
GO_BP	ribonucleoprotein complex biogenesis	2.62527939860505	7.70571428571429e-08	84881	RPUSD4
GO_BP	ribonucleoprotein complex biogenesis	2.62527939860505	7.70571428571429e-08	92170	MTG1
GO_BP	ribonucleoprotein complex biogenesis	2.62527939860505	7.70571428571429e-08	79084	WDR77
GO_BP	ribonucleoprotein complex biogenesis	2.62527939860505	7.70571428571429e-08	8886	DDX18
GO_BP	ribonucleoprotein complex biogenesis	2.62527939860505	7.70571428571429e-08	102157402	AK6
GO_BP	ribonucleoprotein complex biogenesis	2.62527939860505	7.70571428571429e-08	2197	FAU
GO_BP	ribonucleoprotein complex biogenesis	2.62527939860505	7.70571428571429e-08	6125	RPL5
GO_BP	ribonucleoprotein complex biogenesis	2.62527939860505	7.70571428571429e-08	7514	XPO1
GO_BP	ribonucleoprotein complex biogenesis	2.62527939860505	7.70571428571429e-08	6130	RPL7A
GO_BP	ribonucleoprotein complex biogenesis	2.62527939860505	7.70571428571429e-08	54505	DHX29
GO_BP	ribonucleoprotein complex biogenesis	2.62527939860505	7.70571428571429e-08	55006	TRMT61B
GO_BP	ribonucleoprotein complex biogenesis	2.62527939860505	7.70571428571429e-08	22868	FASTKD2
GO_BP	ribonucleoprotein complex biogenesis	2.62527939860505	7.70571428571429e-08	26155	NOC2L
GO_BP	ribonucleoprotein complex biogenesis	2.62527939860505	7.70571428571429e-08	56902	PNO1
GO_BP	ribonucleoprotein complex biogenesis	2.62527939860505	7.70571428571429e-08	161424	NOP9
GO_BP	ribonucleoprotein complex biogenesis	2.62527939860505	7.70571428571429e-08	23481	PES1
GO_BP	ribonucleoprotein complex biogenesis	2.62527939860505	7.70571428571429e-08	4927	NUP88
GO_BP	ribonucleoprotein complex biogenesis	2.62527939860505	7.70571428571429e-08	55759	WDR12
GO_BP	ribonucleoprotein complex biogenesis	2.62527939860505	7.70571428571429e-08	23560	GTPBP4
GO_BP	ribonucleoprotein complex biogenesis	2.62527939860505	7.70571428571429e-08	51388	NIP7
GO_BP	ribonucleoprotein complex biogenesis	2.62527939860505	7.70571428571429e-08	10436	EMG1
GO_BP	ribonucleoprotein complex biogenesis	2.62527939860505	7.70571428571429e-08	51504	TRMT112
GO_BP	ribonucleoprotein complex biogenesis	2.62527939860505	7.70571428571429e-08	4931	NVL
GO_BP	ribonucleoprotein complex biogenesis	2.62527939860505	7.70571428571429e-08	8602	NOP14
GO_BP	ribonucleoprotein complex biogenesis	2.62527939860505	7.70571428571429e-08	23517	MTREX
GO_BP	ribonucleoprotein complex biogenesis	2.62527939860505	7.70571428571429e-08	55692	LUC7L
GO_BP	ribonucleoprotein complex biogenesis	2.62527939860505	7.70571428571429e-08	7520	XRCC5
GO_BP	ribonucleoprotein complex biogenesis	2.62527939860505	7.70571428571429e-08	57050	UTP3
GO_BP	ribonucleoprotein complex biogenesis	2.62527939860505	7.70571428571429e-08	23016	EXOSC7
GO_BP	ribonucleoprotein complex biogenesis	2.62527939860505	7.70571428571429e-08	1983	EIF5
GO_BP	ribonucleoprotein complex biogenesis	2.62527939860505	7.70571428571429e-08	11224	RPL35
GO_BP	ribonucleoprotein complex biogenesis	2.62527939860505	7.70571428571429e-08	2091	FBL
GO_BP	ribonucleoprotein complex biogenesis	2.62527939860505	7.70571428571429e-08	6230	RPS25
GO_BP	ribonucleoprotein complex biogenesis	2.62527939860505	7.70571428571429e-08	9816	URB2
GO_BP	ribonucleoprotein complex biogenesis	2.62527939860505	7.70571428571429e-08	153443	SRFBP1
GO_BP	ribonucleoprotein complex biogenesis	2.62527939860505	7.70571428571429e-08	11157	LSM6
GO_BP	ribonucleoprotein complex biogenesis	2.62527939860505	7.70571428571429e-08	55505	NOP10
GO_BP	ribonucleoprotein complex biogenesis	2.62527939860505	7.70571428571429e-08	84128	WDR75
GO_BP	ribonucleoprotein complex biogenesis	2.62527939860505	7.70571428571429e-08	51602	NOP58
GO_BP	ribonucleoprotein complex biogenesis	2.62527939860505	7.70571428571429e-08	55011	PIH1D1
GO_BP	ribonucleoprotein complex biogenesis	2.62527939860505	7.70571428571429e-08	6838	SURF6
GO_BP	ribonucleoprotein complex biogenesis	2.62527939860505	7.70571428571429e-08	83743	GRWD1
GO_BP	ribonucleoprotein complex biogenesis	2.62527939860505	7.70571428571429e-08	11056	DDX52
GO_BP	ribonucleoprotein complex biogenesis	2.62527939860505	7.70571428571429e-08	6202	RPS8
GO_BP	ribonucleoprotein complex biogenesis	2.62527939860505	7.70571428571429e-08	8662	EIF3B
GO_BP	ribonucleoprotein complex biogenesis	2.62527939860505	7.70571428571429e-08	80135	RPF1
GO_BP	ribonucleoprotein complex biogenesis	2.62527939860505	7.70571428571429e-08	8233	ZRSR2
GO_BP	ribonucleoprotein complex biogenesis	2.62527939860505	7.70571428571429e-08	27292	DIMT1
GO_BP	ribonucleoprotein complex biogenesis	2.62527939860505	7.70571428571429e-08	92342	METTL18
GO_BP	ribonucleoprotein complex biogenesis	2.62527939860505	7.70571428571429e-08	10600	USP16
GO_BP	ribonucleoprotein complex biogenesis	2.62527939860505	7.70571428571429e-08	51013	EXOSC1
GO_BP	ribonucleoprotein complex biogenesis	2.62527939860505	7.70571428571429e-08	6634	SNRPD3
GO_BP	ribonucleoprotein complex biogenesis	2.62527939860505	7.70571428571429e-08	118460	EXOSC6
GO_BP	ribonucleoprotein complex biogenesis	2.62527939860505	7.70571428571429e-08	54700	RRN3
GO_BP	ribonucleoprotein complex biogenesis	2.62527939860505	7.70571428571429e-08	10907	TXNL4A
GO_BP	ribonucleoprotein complex biogenesis	2.62527939860505	7.70571428571429e-08	92345	NAF1
GO_BP	ribonucleoprotein complex biogenesis	2.62527939860505	7.70571428571429e-08	7458	EIF4H
GO_BP	ribonucleoprotein complex biogenesis	2.62527939860505	7.70571428571429e-08	85865	GTPBP10
GO_BP	ribonucleoprotein complex biogenesis	2.62527939860505	7.70571428571429e-08	8661	EIF3A
GO_BP	ribonucleoprotein complex biogenesis	2.62527939860505	7.70571428571429e-08	84844	PHF5A
GO_BP	ribonucleoprotein complex biogenesis	2.62527939860505	7.70571428571429e-08	5822	PWP2
GO_BP	ribonucleoprotein complex biogenesis	2.62527939860505	7.70571428571429e-08	79922	MRM1
GO_BP	ribonucleoprotein complex biogenesis	2.62527939860505	7.70571428571429e-08	10799	RPP40
GO_BP	ribonucleoprotein complex biogenesis	2.62527939860505	7.70571428571429e-08	56342	PPAN
GO_BP	ribonucleoprotein complex biogenesis	2.62527939860505	7.70571428571429e-08	10419	PRMT5
GO_BP	ribonucleoprotein complex biogenesis	2.62527939860505	7.70571428571429e-08	6431	SRSF6
GO_BP	ribonucleoprotein complex biogenesis	2.62527939860505	7.70571428571429e-08	28985	MCTS1
GO_BP	ribonucleoprotein complex biogenesis	2.62527939860505	7.70571428571429e-08	10438	C1D
GO_BP	ribonucleoprotein complex biogenesis	2.62527939860505	7.70571428571429e-08	51077	FCF1
GO_BP	ribonucleoprotein complex biogenesis	2.62527939860505	7.70571428571429e-08	91582	RPS19BP1
GO_BP	ribonucleoprotein complex biogenesis	2.62527939860505	7.70571428571429e-08	11340	EXOSC8
GO_BP	ribonucleoprotein complex biogenesis	2.62527939860505	7.70571428571429e-08	96764	TGS1
GO_BP	ribonucleoprotein complex biogenesis	2.62527939860505	7.70571428571429e-08	8669	EIF3J
GO_BP	ribonucleoprotein complex biogenesis	2.62527939860505	7.70571428571429e-08	23405	DICER1
GO_BP	ribonucleoprotein complex biogenesis	2.62527939860505	7.70571428571429e-08	51018	RRP15
GO_BP	ribonucleoprotein complex biogenesis	2.62527939860505	7.70571428571429e-08	83732	RIOK1
GO_BP	ribonucleoprotein complex biogenesis	2.62527939860505	7.70571428571429e-08	10659	CELF2
GO_BP	ribonucleoprotein complex biogenesis	2.62527939860505	7.70571428571429e-08	51639	SF3B6
GO_BP	ribonucleoprotein complex biogenesis	2.62527939860505	7.70571428571429e-08	51121	RPL26L1
GO_BP	ribonucleoprotein complex biogenesis	2.62527939860505	7.70571428571429e-08	51340	CRNKL1
GO_BP	ribonucleoprotein complex biogenesis	2.62527939860505	7.70571428571429e-08	6895	TARBP2
GO_BP	ribonucleoprotein complex biogenesis	2.62527939860505	7.70571428571429e-08	23160	WDR43
GO_BP	ribonucleoprotein complex biogenesis	2.62527939860505	7.70571428571429e-08	28987	NOB1
GO_BP	ribonucleoprotein complex biogenesis	2.62527939860505	7.70571428571429e-08	51367	POP5
GO_BP	ribonucleoprotein complex biogenesis	2.62527939860505	7.70571428571429e-08	55781	RIOK2
GO_BP	ribonucleoprotein complex biogenesis	2.62527939860505	7.70571428571429e-08	1207	CLNS1A
GO_BP	ribonucleoprotein complex biogenesis	2.62527939860505	7.70571428571429e-08	54475	NLE1
GO_BP	ribonucleoprotein complex biogenesis	2.62527939860505	7.70571428571429e-08	54913	RPP25
GO_BP	ribonucleoprotein complex biogenesis	2.62527939860505	7.70571428571429e-08	10199	MPHOSPH10
GO_BP	ribonucleoprotein complex biogenesis	2.62527939860505	7.70571428571429e-08	30836	DNTTIP2
GO_BP	ribonucleoprotein complex biogenesis	2.62527939860505	7.70571428571429e-08	64794	DDX31
GO_BP	ribonucleoprotein complex biogenesis	2.62527939860505	7.70571428571429e-08	10421	CD2BP2
GO_BP	ribonucleoprotein complex biogenesis	2.62527939860505	7.70571428571429e-08	3326	HSP90AB1
GO_BP	ribonucleoprotein complex biogenesis	2.62527939860505	7.70571428571429e-08	9879	DDX46
GO_BP	ribonucleoprotein complex biogenesis	2.62527939860505	7.70571428571429e-08	9724	UTP14C
GO_BP	ribonucleoprotein complex biogenesis	2.62527939860505	7.70571428571429e-08	345630	FBLL1
GO_BP	rRNA metabolic process	2.45972340760671	7.70571428571429e-08	6129	RPL7
GO_BP	rRNA metabolic process	2.45972340760671	7.70571428571429e-08	6227	RPS21
GO_BP	rRNA metabolic process	2.45972340760671	7.70571428571429e-08	6208	RPS14
GO_BP	rRNA metabolic process	2.45972340760671	7.70571428571429e-08	6217	RPS16
GO_BP	rRNA metabolic process	2.45972340760671	7.70571428571429e-08	6223	RPS19
GO_BP	rRNA metabolic process	2.45972340760671	7.70571428571429e-08	10969	EBNA1BP2
GO_BP	rRNA metabolic process	2.45972340760671	7.70571428571429e-08	3692	EIF6
GO_BP	rRNA metabolic process	2.45972340760671	7.70571428571429e-08	10528	NOP56
GO_BP	rRNA metabolic process	2.45972340760671	7.70571428571429e-08	65083	NOL6
GO_BP	rRNA metabolic process	2.45972340760671	7.70571428571429e-08	4609	MYC
GO_BP	rRNA metabolic process	2.45972340760671	7.70571428571429e-08	84172	POLR1B
GO_BP	rRNA metabolic process	2.45972340760671	7.70571428571429e-08	6201	RPS7
GO_BP	rRNA metabolic process	2.45972340760671	7.70571428571429e-08	57647	DHX37
GO_BP	rRNA metabolic process	2.45972340760671	7.70571428571429e-08	22803	XRN2
GO_BP	rRNA metabolic process	2.45972340760671	7.70571428571429e-08	11137	PWP1
GO_BP	rRNA metabolic process	2.45972340760671	7.70571428571429e-08	6209	RPS15
GO_BP	rRNA metabolic process	2.45972340760671	7.70571428571429e-08	10885	WDR3
GO_BP	rRNA metabolic process	2.45972340760671	7.70571428571429e-08	23212	RRS1
GO_BP	rRNA metabolic process	2.45972340760671	7.70571428571429e-08	6218	RPS17
GO_BP	rRNA metabolic process	2.45972340760671	7.70571428571429e-08	51406	NOL7
GO_BP	rRNA metabolic process	2.45972340760671	7.70571428571429e-08	27340	UTP20
GO_BP	rRNA metabolic process	2.45972340760671	7.70571428571429e-08	22984	PDCD11
GO_BP	rRNA metabolic process	2.45972340760671	7.70571428571429e-08	6234	RPS28
GO_BP	rRNA metabolic process	2.45972340760671	7.70571428571429e-08	54680	ZNHIT6
GO_BP	rRNA metabolic process	2.45972340760671	7.70571428571429e-08	92856	IMP4
GO_BP	rRNA metabolic process	2.45972340760671	7.70571428571429e-08	4809	SNU13
GO_BP	rRNA metabolic process	2.45972340760671	7.70571428571429e-08	84154	RPF2
GO_BP	rRNA metabolic process	2.45972340760671	7.70571428571429e-08	9045	RPL14
GO_BP	rRNA metabolic process	2.45972340760671	7.70571428571429e-08	55720	TSR1
GO_BP	rRNA metabolic process	2.45972340760671	7.70571428571429e-08	6154	RPL26
GO_BP	rRNA metabolic process	2.45972340760671	7.70571428571429e-08	9277	WDR46
GO_BP	rRNA metabolic process	2.45972340760671	7.70571428571429e-08	4691	NCL
GO_BP	rRNA metabolic process	2.45972340760671	7.70571428571429e-08	51010	EXOSC3
GO_BP	rRNA metabolic process	2.45972340760671	7.70571428571429e-08	10849	POLR1G
GO_BP	rRNA metabolic process	2.45972340760671	7.70571428571429e-08	84916	UTP4
GO_BP	rRNA metabolic process	2.45972340760671	7.70571428571429e-08	55106	SLFN12
GO_BP	rRNA metabolic process	2.45972340760671	7.70571428571429e-08	23246	BOP1
GO_BP	rRNA metabolic process	2.45972340760671	7.70571428571429e-08	51118	UTP11
GO_BP	rRNA metabolic process	2.45972340760671	7.70571428571429e-08	9136	RRP9
GO_BP	rRNA metabolic process	2.45972340760671	7.70571428571429e-08	65095	KRI1
GO_BP	rRNA metabolic process	2.45972340760671	7.70571428571429e-08	23404	EXOSC2
GO_BP	rRNA metabolic process	2.45972340760671	7.70571428571429e-08	84549	MAK16
GO_BP	rRNA metabolic process	2.45972340760671	7.70571428571429e-08	79707	NOL9
GO_BP	rRNA metabolic process	2.45972340760671	7.70571428571429e-08	6135	RPL11
GO_BP	rRNA metabolic process	2.45972340760671	7.70571428571429e-08	6229	RPS24
GO_BP	rRNA metabolic process	2.45972340760671	7.70571428571429e-08	1736	DKC1
GO_BP	rRNA metabolic process	2.45972340760671	7.70571428571429e-08	55003	PAK1IP1
GO_BP	rRNA metabolic process	2.45972340760671	7.70571428571429e-08	9221	NOLC1
GO_BP	rRNA metabolic process	2.45972340760671	7.70571428571429e-08	55695	NSUN5
GO_BP	rRNA metabolic process	2.45972340760671	7.70571428571429e-08	56915	EXOSC5
GO_BP	rRNA metabolic process	2.45972340760671	7.70571428571429e-08	285855	RPL7L1
GO_BP	rRNA metabolic process	2.45972340760671	7.70571428571429e-08	51154	MRTO4
GO_BP	rRNA metabolic process	2.45972340760671	7.70571428571429e-08	29997	NOP53
GO_BP	rRNA metabolic process	2.45972340760671	7.70571428571429e-08	6165	RPL35A
GO_BP	rRNA metabolic process	2.45972340760671	7.70571428571429e-08	23076	RRP1B
GO_BP	rRNA metabolic process	2.45972340760671	7.70571428571429e-08	54555	DDX49
GO_BP	rRNA metabolic process	2.45972340760671	7.70571428571429e-08	55651	NHP2
GO_BP	rRNA metabolic process	2.45972340760671	7.70571428571429e-08	55646	LYAR
GO_BP	rRNA metabolic process	2.45972340760671	7.70571428571429e-08	9188	DDX21
GO_BP	rRNA metabolic process	2.45972340760671	7.70571428571429e-08	134430	WDR36
GO_BP	rRNA metabolic process	2.45972340760671	7.70571428571429e-08	25879	DCAF13
GO_BP	rRNA metabolic process	2.45972340760671	7.70571428571429e-08	55813	UTP6
GO_BP	rRNA metabolic process	2.45972340760671	7.70571428571429e-08	10927	SPIN1
GO_BP	rRNA metabolic process	2.45972340760671	7.70571428571429e-08	54433	GAR1
GO_BP	rRNA metabolic process	2.45972340760671	7.70571428571429e-08	79954	NOL10
GO_BP	rRNA metabolic process	2.45972340760671	7.70571428571429e-08	57109	REXO4
GO_BP	rRNA metabolic process	2.45972340760671	7.70571428571429e-08	55127	HEATR1
GO_BP	rRNA metabolic process	2.45972340760671	7.70571428571429e-08	55272	IMP3
GO_BP	rRNA metabolic process	2.45972340760671	7.70571428571429e-08	6155	RPL27
GO_BP	rRNA metabolic process	2.45972340760671	7.70571428571429e-08	64216	TFB2M
GO_BP	rRNA metabolic process	2.45972340760671	7.70571428571429e-08	51441	YTHDF2
GO_BP	rRNA metabolic process	2.45972340760671	7.70571428571429e-08	4141	MARS1
GO_BP	rRNA metabolic process	2.45972340760671	7.70571428571429e-08	54663	WDR74
GO_BP	rRNA metabolic process	2.45972340760671	7.70571428571429e-08	27341	RRP7A
GO_BP	rRNA metabolic process	2.45972340760671	7.70571428571429e-08	10521	DDX17
GO_BP	rRNA metabolic process	2.45972340760671	7.70571428571429e-08	10813	UTP14A
GO_BP	rRNA metabolic process	2.45972340760671	7.70571428571429e-08	84881	RPUSD4
GO_BP	rRNA metabolic process	2.45972340760671	7.70571428571429e-08	84365	NIFK
GO_BP	rRNA metabolic process	2.45972340760671	7.70571428571429e-08	8886	DDX18
GO_BP	rRNA metabolic process	2.45972340760671	7.70571428571429e-08	102157402	AK6
GO_BP	rRNA metabolic process	2.45972340760671	7.70571428571429e-08	6125	RPL5
GO_BP	rRNA metabolic process	2.45972340760671	7.70571428571429e-08	6130	RPL7A
GO_BP	rRNA metabolic process	2.45972340760671	7.70571428571429e-08	112495	GTF3C6
GO_BP	rRNA metabolic process	2.45972340760671	7.70571428571429e-08	55006	TRMT61B
GO_BP	rRNA metabolic process	2.45972340760671	7.70571428571429e-08	161424	NOP9
GO_BP	rRNA metabolic process	2.45972340760671	7.70571428571429e-08	23481	PES1
GO_BP	rRNA metabolic process	2.45972340760671	7.70571428571429e-08	55759	WDR12
GO_BP	rRNA metabolic process	2.45972340760671	7.70571428571429e-08	23560	GTPBP4
GO_BP	rRNA metabolic process	2.45972340760671	7.70571428571429e-08	10436	EMG1
GO_BP	rRNA metabolic process	2.45972340760671	7.70571428571429e-08	51504	TRMT112
GO_BP	rRNA metabolic process	2.45972340760671	7.70571428571429e-08	4931	NVL
GO_BP	rRNA metabolic process	2.45972340760671	7.70571428571429e-08	8602	NOP14
GO_BP	rRNA metabolic process	2.45972340760671	7.70571428571429e-08	23517	MTREX
GO_BP	rRNA metabolic process	2.45972340760671	7.70571428571429e-08	57050	UTP3
GO_BP	rRNA metabolic process	2.45972340760671	7.70571428571429e-08	23016	EXOSC7
GO_BP	rRNA metabolic process	2.45972340760671	7.70571428571429e-08	11224	RPL35
GO_BP	rRNA metabolic process	2.45972340760671	7.70571428571429e-08	2091	FBL
GO_BP	rRNA metabolic process	2.45972340760671	7.70571428571429e-08	6230	RPS25
GO_BP	rRNA metabolic process	2.45972340760671	7.70571428571429e-08	153443	SRFBP1
GO_BP	rRNA metabolic process	2.45972340760671	7.70571428571429e-08	11157	LSM6
GO_BP	rRNA metabolic process	2.45972340760671	7.70571428571429e-08	55505	NOP10
GO_BP	rRNA metabolic process	2.45972340760671	7.70571428571429e-08	84128	WDR75
GO_BP	rRNA metabolic process	2.45972340760671	7.70571428571429e-08	51602	NOP58
GO_BP	rRNA metabolic process	2.45972340760671	7.70571428571429e-08	55011	PIH1D1
GO_BP	rRNA metabolic process	2.45972340760671	7.70571428571429e-08	11056	DDX52
GO_BP	rRNA metabolic process	2.45972340760671	7.70571428571429e-08	6202	RPS8
GO_BP	rRNA metabolic process	2.45972340760671	7.70571428571429e-08	80135	RPF1
GO_BP	rRNA metabolic process	2.45972340760671	7.70571428571429e-08	27292	DIMT1
GO_BP	rRNA metabolic process	2.45972340760671	7.70571428571429e-08	7150	TOP1
GO_BP	rRNA metabolic process	2.45972340760671	7.70571428571429e-08	7157	TP53
GO_BP	rRNA metabolic process	2.45972340760671	7.70571428571429e-08	92342	METTL18
GO_BP	rRNA metabolic process	2.45972340760671	7.70571428571429e-08	51013	EXOSC1
GO_BP	rRNA metabolic process	2.45972340760671	7.70571428571429e-08	118460	EXOSC6
GO_BP	rRNA metabolic process	2.45972340760671	7.70571428571429e-08	92345	NAF1
GO_BP	rRNA metabolic process	2.45972340760671	7.70571428571429e-08	5822	PWP2
GO_BP	rRNA metabolic process	2.45972340760671	7.70571428571429e-08	79922	MRM1
GO_BP	rRNA metabolic process	2.45972340760671	7.70571428571429e-08	10799	RPP40
GO_BP	rRNA metabolic process	2.45972340760671	7.70571428571429e-08	56342	PPAN
GO_BP	rRNA metabolic process	2.45972340760671	7.70571428571429e-08	10438	C1D
GO_BP	rRNA metabolic process	2.45972340760671	7.70571428571429e-08	51077	FCF1
GO_BP	rRNA metabolic process	2.45972340760671	7.70571428571429e-08	11340	EXOSC8
GO_BP	rRNA metabolic process	2.45972340760671	7.70571428571429e-08	25885	POLR1A
GO_BP	rRNA metabolic process	2.45972340760671	7.70571428571429e-08	51018	RRP15
GO_BP	rRNA metabolic process	2.45972340760671	7.70571428571429e-08	83732	RIOK1
GO_BP	rRNA metabolic process	2.45972340760671	7.70571428571429e-08	23160	WDR43
GO_BP	rRNA metabolic process	2.45972340760671	7.70571428571429e-08	28987	NOB1
GO_BP	rRNA metabolic process	2.45972340760671	7.70571428571429e-08	51367	POP5
GO_BP	rRNA metabolic process	2.45972340760671	7.70571428571429e-08	55781	RIOK2
GO_BP	rRNA metabolic process	2.45972340760671	7.70571428571429e-08	54913	RPP25
GO_BP	rRNA metabolic process	2.45972340760671	7.70571428571429e-08	10199	MPHOSPH10
GO_BP	maturation of SSU-rRNA	2.56162307775466	1.83295510059511e-07	6227	RPS21
GO_BP	maturation of SSU-rRNA	2.56162307775466	1.83295510059511e-07	6208	RPS14
GO_BP	maturation of SSU-rRNA	2.56162307775466	1.83295510059511e-07	6217	RPS16
GO_BP	maturation of SSU-rRNA	2.56162307775466	1.83295510059511e-07	6223	RPS19
GO_BP	maturation of SSU-rRNA	2.56162307775466	1.83295510059511e-07	57647	DHX37
GO_BP	maturation of SSU-rRNA	2.56162307775466	1.83295510059511e-07	10885	WDR3
GO_BP	maturation of SSU-rRNA	2.56162307775466	1.83295510059511e-07	23212	RRS1
GO_BP	maturation of SSU-rRNA	2.56162307775466	1.83295510059511e-07	51406	NOL7
GO_BP	maturation of SSU-rRNA	2.56162307775466	1.83295510059511e-07	27340	UTP20
GO_BP	maturation of SSU-rRNA	2.56162307775466	1.83295510059511e-07	6234	RPS28
GO_BP	maturation of SSU-rRNA	2.56162307775466	1.83295510059511e-07	92856	IMP4
GO_BP	maturation of SSU-rRNA	2.56162307775466	1.83295510059511e-07	4809	SNU13
GO_BP	maturation of SSU-rRNA	2.56162307775466	1.83295510059511e-07	55720	TSR1
GO_BP	maturation of SSU-rRNA	2.56162307775466	1.83295510059511e-07	9277	WDR46
GO_BP	maturation of SSU-rRNA	2.56162307775466	1.83295510059511e-07	84916	UTP4
GO_BP	maturation of SSU-rRNA	2.56162307775466	1.83295510059511e-07	65095	KRI1
GO_BP	maturation of SSU-rRNA	2.56162307775466	1.83295510059511e-07	25879	DCAF13
GO_BP	maturation of SSU-rRNA	2.56162307775466	1.83295510059511e-07	55813	UTP6
GO_BP	maturation of SSU-rRNA	2.56162307775466	1.83295510059511e-07	79954	NOL10
GO_BP	maturation of SSU-rRNA	2.56162307775466	1.83295510059511e-07	55127	HEATR1
GO_BP	maturation of SSU-rRNA	2.56162307775466	1.83295510059511e-07	55272	IMP3
GO_BP	maturation of SSU-rRNA	2.56162307775466	1.83295510059511e-07	161424	NOP9
GO_BP	maturation of SSU-rRNA	2.56162307775466	1.83295510059511e-07	51504	TRMT112
GO_BP	maturation of SSU-rRNA	2.56162307775466	1.83295510059511e-07	8602	NOP14
GO_BP	maturation of SSU-rRNA	2.56162307775466	1.83295510059511e-07	57050	UTP3
GO_BP	maturation of SSU-rRNA	2.56162307775466	1.83295510059511e-07	153443	SRFBP1
GO_BP	maturation of SSU-rRNA	2.56162307775466	1.83295510059511e-07	11157	LSM6
GO_BP	maturation of SSU-rRNA	2.56162307775466	1.83295510059511e-07	11056	DDX52
GO_BP	maturation of SSU-rRNA	2.56162307775466	1.83295510059511e-07	6202	RPS8
GO_BP	maturation of SSU-rRNA	2.56162307775466	1.83295510059511e-07	5822	PWP2
GO_BP	maturation of SSU-rRNA	2.56162307775466	1.83295510059511e-07	10799	RPP40
GO_BP	maturation of SSU-rRNA	2.56162307775466	1.83295510059511e-07	51077	FCF1
GO_BP	maturation of SSU-rRNA	2.56162307775466	1.83295510059511e-07	83732	RIOK1
GO_BP	maturation of SSU-rRNA	2.56162307775466	1.83295510059511e-07	23160	WDR43
GO_BP	maturation of SSU-rRNA	2.56162307775466	1.83295510059511e-07	28987	NOB1
GO_BP	maturation of SSU-rRNA	2.56162307775466	1.83295510059511e-07	55781	RIOK2
GO_BP	maturation of SSU-rRNA	2.56162307775466	1.83295510059511e-07	10199	MPHOSPH10
GO_BP	ribosome assembly	2.45120410047519	5.95739881877388e-06	6208	RPS14
GO_BP	ribosome assembly	2.45120410047519	5.95739881877388e-06	6223	RPS19
GO_BP	ribosome assembly	2.45120410047519	5.95739881877388e-06	708	C1QBP
GO_BP	ribosome assembly	2.45120410047519	5.95739881877388e-06	3692	EIF6
GO_BP	ribosome assembly	2.45120410047519	5.95739881877388e-06	3921	RPSA
GO_BP	ribosome assembly	2.45120410047519	5.95739881877388e-06	64745	METTL17
GO_BP	ribosome assembly	2.45120410047519	5.95739881877388e-06	57647	DHX37
GO_BP	ribosome assembly	2.45120410047519	5.95739881877388e-06	4869	NPM1
GO_BP	ribosome assembly	2.45120410047519	5.95739881877388e-06	6209	RPS15
GO_BP	ribosome assembly	2.45120410047519	5.95739881877388e-06	51065	RPS27L
GO_BP	ribosome assembly	2.45120410047519	5.95739881877388e-06	23212	RRS1
GO_BP	ribosome assembly	2.45120410047519	5.95739881877388e-06	51335	NGRN
GO_BP	ribosome assembly	2.45120410047519	5.95739881877388e-06	6234	RPS28
GO_BP	ribosome assembly	2.45120410047519	5.95739881877388e-06	84154	RPF2
GO_BP	ribosome assembly	2.45120410047519	5.95739881877388e-06	23246	BOP1
GO_BP	ribosome assembly	2.45120410047519	5.95739881877388e-06	6135	RPL11
GO_BP	ribosome assembly	2.45120410047519	5.95739881877388e-06	51154	MRTO4
GO_BP	ribosome assembly	2.45120410047519	5.95739881877388e-06	29997	NOP53
GO_BP	ribosome assembly	2.45120410047519	5.95739881877388e-06	81554	RCC1L
GO_BP	ribosome assembly	2.45120410047519	5.95739881877388e-06	55794	DDX28
GO_BP	ribosome assembly	2.45120410047519	5.95739881877388e-06	27341	RRP7A
GO_BP	ribosome assembly	2.45120410047519	5.95739881877388e-06	92170	MTG1
GO_BP	ribosome assembly	2.45120410047519	5.95739881877388e-06	2197	FAU
GO_BP	ribosome assembly	2.45120410047519	5.95739881877388e-06	6125	RPL5
GO_BP	ribosome assembly	2.45120410047519	5.95739881877388e-06	54505	DHX29
GO_BP	ribosome assembly	2.45120410047519	5.95739881877388e-06	22868	FASTKD2
GO_BP	ribosome assembly	2.45120410047519	5.95739881877388e-06	51388	NIP7
GO_BP	ribosome assembly	2.45120410047519	5.95739881877388e-06	7520	XRCC5
GO_BP	ribosome assembly	2.45120410047519	5.95739881877388e-06	1983	EIF5
GO_BP	maturation of LSU-rRNA	2.37122568781054	0.000320105044223848	6129	RPL7
GO_BP	maturation of LSU-rRNA	2.37122568781054	0.000320105044223848	3692	EIF6
GO_BP	maturation of LSU-rRNA	2.37122568781054	0.000320105044223848	54680	ZNHIT6
GO_BP	maturation of LSU-rRNA	2.37122568781054	0.000320105044223848	84154	RPF2
GO_BP	maturation of LSU-rRNA	2.37122568781054	0.000320105044223848	23246	BOP1
GO_BP	maturation of LSU-rRNA	2.37122568781054	0.000320105044223848	84549	MAK16
GO_BP	maturation of LSU-rRNA	2.37122568781054	0.000320105044223848	79707	NOL9
GO_BP	maturation of LSU-rRNA	2.37122568781054	0.000320105044223848	55003	PAK1IP1
GO_BP	maturation of LSU-rRNA	2.37122568781054	0.000320105044223848	285855	RPL7L1
GO_BP	maturation of LSU-rRNA	2.37122568781054	0.000320105044223848	8886	DDX18
GO_BP	maturation of LSU-rRNA	2.37122568781054	0.000320105044223848	6130	RPL7A
GO_BP	maturation of LSU-rRNA	2.37122568781054	0.000320105044223848	23481	PES1
GO_BP	maturation of LSU-rRNA	2.37122568781054	0.000320105044223848	55759	WDR12
GO_BP	maturation of LSU-rRNA	2.37122568781054	0.000320105044223848	23560	GTPBP4
GO_BP	maturation of LSU-rRNA	2.37122568781054	0.000320105044223848	51504	TRMT112
GO_BP	maturation of LSU-rRNA	2.37122568781054	0.000320105044223848	11224	RPL35
GO_BP	maturation of LSU-rRNA	2.37122568781054	0.000320105044223848	80135	RPF1
GO_BP	maturation of LSU-rRNA	2.37122568781054	0.000320105044223848	56342	PPAN
GO_BP	maturation of LSU-rRNA	2.37122568781054	0.000320105044223848	51018	RRP15
GO_BP	maturation of SSU-rRNA from tricistronic rRNA transcript (SSU-rRNA, 5.8S rRNA, LSU-rRNA)	2.24699610663835	0.000320105044223848	6227	RPS21
GO_BP	maturation of SSU-rRNA from tricistronic rRNA transcript (SSU-rRNA, 5.8S rRNA, LSU-rRNA)	2.24699610663835	0.000320105044223848	6217	RPS16
GO_BP	maturation of SSU-rRNA from tricistronic rRNA transcript (SSU-rRNA, 5.8S rRNA, LSU-rRNA)	2.24699610663835	0.000320105044223848	6223	RPS19
GO_BP	maturation of SSU-rRNA from tricistronic rRNA transcript (SSU-rRNA, 5.8S rRNA, LSU-rRNA)	2.24699610663835	0.000320105044223848	57647	DHX37
GO_BP	maturation of SSU-rRNA from tricistronic rRNA transcript (SSU-rRNA, 5.8S rRNA, LSU-rRNA)	2.24699610663835	0.000320105044223848	23212	RRS1
GO_BP	maturation of SSU-rRNA from tricistronic rRNA transcript (SSU-rRNA, 5.8S rRNA, LSU-rRNA)	2.24699610663835	0.000320105044223848	27340	UTP20
GO_BP	maturation of SSU-rRNA from tricistronic rRNA transcript (SSU-rRNA, 5.8S rRNA, LSU-rRNA)	2.24699610663835	0.000320105044223848	55720	TSR1
GO_BP	maturation of SSU-rRNA from tricistronic rRNA transcript (SSU-rRNA, 5.8S rRNA, LSU-rRNA)	2.24699610663835	0.000320105044223848	9277	WDR46
GO_BP	maturation of SSU-rRNA from tricistronic rRNA transcript (SSU-rRNA, 5.8S rRNA, LSU-rRNA)	2.24699610663835	0.000320105044223848	84916	UTP4
GO_BP	maturation of SSU-rRNA from tricistronic rRNA transcript (SSU-rRNA, 5.8S rRNA, LSU-rRNA)	2.24699610663835	0.000320105044223848	65095	KRI1
GO_BP	maturation of SSU-rRNA from tricistronic rRNA transcript (SSU-rRNA, 5.8S rRNA, LSU-rRNA)	2.24699610663835	0.000320105044223848	25879	DCAF13
GO_BP	maturation of SSU-rRNA from tricistronic rRNA transcript (SSU-rRNA, 5.8S rRNA, LSU-rRNA)	2.24699610663835	0.000320105044223848	55813	UTP6
GO_BP	maturation of SSU-rRNA from tricistronic rRNA transcript (SSU-rRNA, 5.8S rRNA, LSU-rRNA)	2.24699610663835	0.000320105044223848	79954	NOL10
GO_BP	maturation of SSU-rRNA from tricistronic rRNA transcript (SSU-rRNA, 5.8S rRNA, LSU-rRNA)	2.24699610663835	0.000320105044223848	55127	HEATR1
GO_BP	maturation of SSU-rRNA from tricistronic rRNA transcript (SSU-rRNA, 5.8S rRNA, LSU-rRNA)	2.24699610663835	0.000320105044223848	161424	NOP9
GO_BP	maturation of SSU-rRNA from tricistronic rRNA transcript (SSU-rRNA, 5.8S rRNA, LSU-rRNA)	2.24699610663835	0.000320105044223848	8602	NOP14
GO_BP	maturation of SSU-rRNA from tricistronic rRNA transcript (SSU-rRNA, 5.8S rRNA, LSU-rRNA)	2.24699610663835	0.000320105044223848	57050	UTP3
GO_BP	maturation of SSU-rRNA from tricistronic rRNA transcript (SSU-rRNA, 5.8S rRNA, LSU-rRNA)	2.24699610663835	0.000320105044223848	6202	RPS8
GO_BP	maturation of SSU-rRNA from tricistronic rRNA transcript (SSU-rRNA, 5.8S rRNA, LSU-rRNA)	2.24699610663835	0.000320105044223848	5822	PWP2
GO_BP	maturation of SSU-rRNA from tricistronic rRNA transcript (SSU-rRNA, 5.8S rRNA, LSU-rRNA)	2.24699610663835	0.000320105044223848	10799	RPP40
GO_BP	maturation of SSU-rRNA from tricistronic rRNA transcript (SSU-rRNA, 5.8S rRNA, LSU-rRNA)	2.24699610663835	0.000320105044223848	51077	FCF1
GO_BP	maturation of SSU-rRNA from tricistronic rRNA transcript (SSU-rRNA, 5.8S rRNA, LSU-rRNA)	2.24699610663835	0.000320105044223848	23160	WDR43
GO_BP	maturation of 5.8S rRNA	2.30228099639154	0.000368267752380741	6227	RPS21
GO_BP	maturation of 5.8S rRNA	2.30228099639154	0.000368267752380741	3692	EIF6
GO_BP	maturation of 5.8S rRNA	2.30228099639154	0.000368267752380741	23212	RRS1
GO_BP	maturation of 5.8S rRNA	2.30228099639154	0.000368267752380741	27340	UTP20
GO_BP	maturation of 5.8S rRNA	2.30228099639154	0.000368267752380741	51010	EXOSC3
GO_BP	maturation of 5.8S rRNA	2.30228099639154	0.000368267752380741	23246	BOP1
GO_BP	maturation of 5.8S rRNA	2.30228099639154	0.000368267752380741	65095	KRI1
GO_BP	maturation of 5.8S rRNA	2.30228099639154	0.000368267752380741	23404	EXOSC2
GO_BP	maturation of 5.8S rRNA	2.30228099639154	0.000368267752380741	84549	MAK16
GO_BP	maturation of 5.8S rRNA	2.30228099639154	0.000368267752380741	79707	NOL9
GO_BP	maturation of 5.8S rRNA	2.30228099639154	0.000368267752380741	161424	NOP9
GO_BP	maturation of 5.8S rRNA	2.30228099639154	0.000368267752380741	23481	PES1
GO_BP	maturation of 5.8S rRNA	2.30228099639154	0.000368267752380741	55759	WDR12
GO_BP	maturation of 5.8S rRNA	2.30228099639154	0.000368267752380741	8602	NOP14
GO_BP	maturation of 5.8S rRNA	2.30228099639154	0.000368267752380741	23517	MTREX
GO_BP	maturation of 5.8S rRNA	2.30228099639154	0.000368267752380741	23016	EXOSC7
GO_BP	maturation of 5.8S rRNA	2.30228099639154	0.000368267752380741	80135	RPF1
GO_BP	maturation of 5.8S rRNA	2.30228099639154	0.000368267752380741	10799	RPP40
GO_BP	maturation of 5.8S rRNA	2.30228099639154	0.000368267752380741	10438	C1D
GO_BP	maturation of 5.8S rRNA	2.30228099639154	0.000368267752380741	51077	FCF1
GO_BP	maturation of 5.8S rRNA	2.30228099639154	0.000368267752380741	11340	EXOSC8
GO_BP	maturation of 5.8S rRNA	2.30228099639154	0.000368267752380741	51018	RRP15
GO_BP	regulation of translation	1.66913632311867	0.000896189476939633	1612	DAPK1
GO_BP	regulation of translation	1.66913632311867	0.000896189476939633	116496	NIBAN1
GO_BP	regulation of translation	1.66913632311867	0.000896189476939633	79727	LIN28A
GO_BP	regulation of translation	1.66913632311867	0.000896189476939633	468	ATF4
GO_BP	regulation of translation	1.66913632311867	0.000896189476939633	5436	POLR2G
GO_BP	regulation of translation	1.66913632311867	0.000896189476939633	6134	RPL10
GO_BP	regulation of translation	1.66913632311867	0.000896189476939633	2597	GAPDH
GO_BP	regulation of translation	1.66913632311867	0.000896189476939633	7866	IFRD2
GO_BP	regulation of translation	1.66913632311867	0.000896189476939633	26135	SERBP1
GO_BP	regulation of translation	1.66913632311867	0.000896189476939633	27230	SERP1
GO_BP	regulation of translation	1.66913632311867	0.000896189476939633	708	C1QBP
GO_BP	regulation of translation	1.66913632311867	0.000896189476939633	80336	PABPC1L
GO_BP	regulation of translation	1.66913632311867	0.000896189476939633	3692	EIF6
GO_BP	regulation of translation	1.66913632311867	0.000896189476939633	1656	DDX6
GO_BP	regulation of translation	1.66913632311867	0.000896189476939633	1653	DDX1
GO_BP	regulation of translation	1.66913632311867	0.000896189476939633	4869	NPM1
GO_BP	regulation of translation	1.66913632311867	0.000896189476939633	51065	RPS27L
GO_BP	regulation of translation	1.66913632311867	0.000896189476939633	23367	LARP1
GO_BP	regulation of translation	1.66913632311867	0.000896189476939633	28969	BZW2
GO_BP	regulation of translation	1.66913632311867	0.000896189476939633	51633	OTUD6B
GO_BP	regulation of translation	1.66913632311867	0.000896189476939633	54517	PUS7
GO_BP	regulation of translation	1.66913632311867	0.000896189476939633	28998	MRPL13
GO_BP	regulation of translation	1.66913632311867	0.000896189476939633	51335	NGRN
GO_BP	regulation of translation	1.66913632311867	0.000896189476939633	1984	EIF5A
GO_BP	regulation of translation	1.66913632311867	0.000896189476939633	29118	DDX25
GO_BP	regulation of translation	1.66913632311867	0.000896189476939633	10247	RIDA
GO_BP	regulation of translation	1.66913632311867	0.000896189476939633	2107	ETF1
GO_BP	regulation of translation	1.66913632311867	0.000896189476939633	6188	RPS3
GO_BP	regulation of translation	1.66913632311867	0.000896189476939633	6154	RPL26
GO_BP	regulation of translation	1.66913632311867	0.000896189476939633	10128	LRPPRC
GO_BP	regulation of translation	1.66913632311867	0.000896189476939633	1660	DHX9
GO_BP	regulation of translation	1.66913632311867	0.000896189476939633	2064	ERBB2
GO_BP	regulation of translation	1.66913632311867	0.000896189476939633	55250	ELP2
GO_BP	regulation of translation	1.66913632311867	0.000896189476939633	29883	CNOT7
GO_BP	regulation of translation	1.66913632311867	0.000896189476939633	9978	RBX1
GO_BP	regulation of translation	1.66913632311867	0.000896189476939633	10492	SYNCRIP
GO_BP	regulation of translation	1.66913632311867	0.000896189476939633	4116	MAGOH
GO_BP	regulation of translation	1.66913632311867	0.000896189476939633	25929	GEMIN5
GO_BP	regulation of translation	1.66913632311867	0.000896189476939633	4691	NCL
GO_BP	regulation of translation	1.66913632311867	0.000896189476939633	3184	HNRNPD
GO_BP	regulation of translation	1.66913632311867	0.000896189476939633	8663	EIF3C
GO_BP	regulation of translation	1.66913632311867	0.000896189476939633	10658	CELF1
GO_BP	regulation of translation	1.66913632311867	0.000896189476939633	131405	TRIM71
GO_BP	regulation of translation	1.66913632311867	0.000896189476939633	79828	METTL8
GO_BP	regulation of translation	1.66913632311867	0.000896189476939633	4686	NCBP1
GO_BP	regulation of translation	1.66913632311867	0.000896189476939633	9933	PUM3
GO_BP	regulation of translation	1.66913632311867	0.000896189476939633	3192	HNRNPU
GO_BP	regulation of translation	1.66913632311867	0.000896189476939633	9221	NOLC1
GO_BP	regulation of translation	1.66913632311867	0.000896189476939633	9811	CTIF
GO_BP	regulation of translation	1.66913632311867	0.000896189476939633	55695	NSUN5
GO_BP	regulation of translation	1.66913632311867	0.000896189476939633	56931	DUS3L
GO_BP	regulation of translation	1.66913632311867	0.000896189476939633	51714	SELENOT
GO_BP	regulation of translation	1.66913632311867	0.000896189476939633	27327	TNRC6A
GO_BP	regulation of translation	1.66913632311867	0.000896189476939633	54931	TRMT10C
GO_BP	regulation of translation	1.66913632311867	0.000896189476939633	170506	DHX36
GO_BP	regulation of translation	1.66913632311867	0.000896189476939633	26986	PABPC1
GO_BP	regulation of translation	1.66913632311867	0.000896189476939633	9689	BZW1
GO_BP	regulation of translation	1.66913632311867	0.000896189476939633	1977	EIF4E
GO_BP	regulation of translation	1.66913632311867	0.000896189476939633	8890	EIF2B4
GO_BP	regulation of translation	1.66913632311867	0.000896189476939633	7057	THBS1
GO_BP	regulation of translation	1.66913632311867	0.000896189476939633	8531	YBX3
GO_BP	regulation of translation	1.66913632311867	0.000896189476939633	2058	EPRS1
GO_BP	regulation of translation	1.66913632311867	0.000896189476939633	16	AARS1
GO_BP	regulation of translation	1.66913632311867	0.000896189476939633	51441	YTHDF2
GO_BP	regulation of translation	1.66913632311867	0.000896189476939633	6726	SRP9
GO_BP	regulation of translation	1.66913632311867	0.000896189476939633	811	CALR
GO_BP	regulation of translation	1.66913632311867	0.000896189476939633	84881	RPUSD4
GO_BP	regulation of translation	1.66913632311867	0.000896189476939633	90957	DHX57
GO_BP	regulation of translation	1.66913632311867	0.000896189476939633	92170	MTG1
GO_BP	regulation of translation	1.66913632311867	0.000896189476939633	23034	SAMD4A
GO_BP	regulation of translation	1.66913632311867	0.000896189476939633	1978	EIF4EBP1
GO_BP	regulation of translation	1.66913632311867	0.000896189476939633	55239	OGFOD1
GO_BP	regulation of translation	1.66913632311867	0.000896189476939633	6125	RPL5
GO_BP	regulation of translation	1.66913632311867	0.000896189476939633	23057	NMNAT2
GO_BP	regulation of translation	1.66913632311867	0.000896189476939633	55364	IMPACT
GO_BP	regulation of translation	1.66913632311867	0.000896189476939633	3276	PRMT1
GO_BP	regulation of translation	1.66913632311867	0.000896189476939633	54505	DHX29
GO_BP	regulation of translation	1.66913632311867	0.000896189476939633	1982	EIF4G2
GO_BP	regulation of translation	1.66913632311867	0.000896189476939633	22868	FASTKD2
GO_BP	regulation of translation	1.66913632311867	0.000896189476939633	6741	SSB
GO_BP	regulation of translation	1.66913632311867	0.000896189476939633	51087	YBX2
GO_BP	regulation of translation	1.66913632311867	0.000896189476939633	115572	TENT5B
GO_BP	regulation of translation	1.66913632311867	0.000896189476939633	7812	CSDE1
GO_BP	regulation of translation	1.66913632311867	0.000896189476939633	10289	EIF1B
GO_BP	regulation of translation	1.66913632311867	0.000896189476939633	65094	JMJD4
GO_BP	regulation of translation	1.66913632311867	0.000896189476939633	23112	TNRC6B
GO_BP	regulation of translation	1.66913632311867	0.000896189476939633	10399	RACK1
GO_BP	regulation of translation	1.66913632311867	0.000896189476939633	6472	SHMT2
GO_BP	regulation of translation	1.66913632311867	0.000896189476939633	5611	DNAJC3
GO_BP	regulation of translation	1.66913632311867	0.000896189476939633	1983	EIF5
GO_BP	regulation of translation	1.66913632311867	0.000896189476939633	4904	YBX1
GO_BP	regulation of translation	1.66913632311867	0.000896189476939633	253943	YTHDF3
GO_BP	regulation of translation	1.66913632311867	0.000896189476939633	83667	SESN2
GO_BP	regulation of translation	1.66913632311867	0.000896189476939633	55124	PIWIL2
GO_BP	regulation of translation	1.66913632311867	0.000896189476939633	10643	IGF2BP3
GO_BP	regulation of translation	1.66913632311867	0.000896189476939633	5935	RBM3
GO_BP	regulation of translation	1.66913632311867	0.000896189476939633	28958	COA3
GO_BP	regulation of translation	1.66913632311867	0.000896189476939633	6059	ABCE1
GO_BP	regulation of translation	1.66913632311867	0.000896189476939633	8662	EIF3B
GO_BP	regulation of translation	1.66913632311867	0.000896189476939633	54859	ELP6
GO_BP	regulation of translation	1.66913632311867	0.000896189476939633	84962	AJUBA
GO_BP	regulation of translation	1.66913632311867	0.000896189476939633	29904	EEF2K
GO_BP	regulation of translation	1.66913632311867	0.000896189476939633	92342	METTL18
GO_BP	regulation of translation	1.66913632311867	0.000896189476939633	10600	USP16
GO_BP	regulation of translation	1.66913632311867	0.000896189476939633	113251	LARP4
GO_BP	regulation of translation	1.66913632311867	0.000896189476939633	9125	CNOT9
GO_BP	regulation of translation	1.66913632311867	0.000896189476939633	9698	PUM1
GO_BP	regulation of translation	1.66913632311867	0.000896189476939633	8994	LIMD1
GO_BP	maturation of 5.8S rRNA from tricistronic rRNA transcript (SSU-rRNA, 5.8S rRNA, LSU-rRNA)	2.28009629162135	0.00102326373979993	6227	RPS21
GO_BP	maturation of 5.8S rRNA from tricistronic rRNA transcript (SSU-rRNA, 5.8S rRNA, LSU-rRNA)	2.28009629162135	0.00102326373979993	23212	RRS1
GO_BP	maturation of 5.8S rRNA from tricistronic rRNA transcript (SSU-rRNA, 5.8S rRNA, LSU-rRNA)	2.28009629162135	0.00102326373979993	27340	UTP20
GO_BP	maturation of 5.8S rRNA from tricistronic rRNA transcript (SSU-rRNA, 5.8S rRNA, LSU-rRNA)	2.28009629162135	0.00102326373979993	51010	EXOSC3
GO_BP	maturation of 5.8S rRNA from tricistronic rRNA transcript (SSU-rRNA, 5.8S rRNA, LSU-rRNA)	2.28009629162135	0.00102326373979993	23246	BOP1
GO_BP	maturation of 5.8S rRNA from tricistronic rRNA transcript (SSU-rRNA, 5.8S rRNA, LSU-rRNA)	2.28009629162135	0.00102326373979993	65095	KRI1
GO_BP	maturation of 5.8S rRNA from tricistronic rRNA transcript (SSU-rRNA, 5.8S rRNA, LSU-rRNA)	2.28009629162135	0.00102326373979993	23404	EXOSC2
GO_BP	maturation of 5.8S rRNA from tricistronic rRNA transcript (SSU-rRNA, 5.8S rRNA, LSU-rRNA)	2.28009629162135	0.00102326373979993	79707	NOL9
GO_BP	maturation of 5.8S rRNA from tricistronic rRNA transcript (SSU-rRNA, 5.8S rRNA, LSU-rRNA)	2.28009629162135	0.00102326373979993	161424	NOP9
GO_BP	maturation of 5.8S rRNA from tricistronic rRNA transcript (SSU-rRNA, 5.8S rRNA, LSU-rRNA)	2.28009629162135	0.00102326373979993	23481	PES1
GO_BP	maturation of 5.8S rRNA from tricistronic rRNA transcript (SSU-rRNA, 5.8S rRNA, LSU-rRNA)	2.28009629162135	0.00102326373979993	55759	WDR12
GO_BP	maturation of 5.8S rRNA from tricistronic rRNA transcript (SSU-rRNA, 5.8S rRNA, LSU-rRNA)	2.28009629162135	0.00102326373979993	8602	NOP14
GO_BP	maturation of 5.8S rRNA from tricistronic rRNA transcript (SSU-rRNA, 5.8S rRNA, LSU-rRNA)	2.28009629162135	0.00102326373979993	23016	EXOSC7
GO_BP	maturation of 5.8S rRNA from tricistronic rRNA transcript (SSU-rRNA, 5.8S rRNA, LSU-rRNA)	2.28009629162135	0.00102326373979993	10799	RPP40
GO_BP	maturation of 5.8S rRNA from tricistronic rRNA transcript (SSU-rRNA, 5.8S rRNA, LSU-rRNA)	2.28009629162135	0.00102326373979993	51077	FCF1
GO_BP	maturation of 5.8S rRNA from tricistronic rRNA transcript (SSU-rRNA, 5.8S rRNA, LSU-rRNA)	2.28009629162135	0.00102326373979993	11340	EXOSC8
GO_BP	positive regulation of translation	1.89127743386391	0.00142455741600341	116496	NIBAN1
GO_BP	positive regulation of translation	1.89127743386391	0.00142455741600341	79727	LIN28A
GO_BP	positive regulation of translation	1.89127743386391	0.00142455741600341	5436	POLR2G
GO_BP	positive regulation of translation	1.89127743386391	0.00142455741600341	27230	SERP1
GO_BP	positive regulation of translation	1.89127743386391	0.00142455741600341	708	C1QBP
GO_BP	positive regulation of translation	1.89127743386391	0.00142455741600341	80336	PABPC1L
GO_BP	positive regulation of translation	1.89127743386391	0.00142455741600341	3692	EIF6
GO_BP	positive regulation of translation	1.89127743386391	0.00142455741600341	4869	NPM1
GO_BP	positive regulation of translation	1.89127743386391	0.00142455741600341	51065	RPS27L
GO_BP	positive regulation of translation	1.89127743386391	0.00142455741600341	23367	LARP1
GO_BP	positive regulation of translation	1.89127743386391	0.00142455741600341	51633	OTUD6B
GO_BP	positive regulation of translation	1.89127743386391	0.00142455741600341	51335	NGRN
GO_BP	positive regulation of translation	1.89127743386391	0.00142455741600341	1984	EIF5A
GO_BP	positive regulation of translation	1.89127743386391	0.00142455741600341	6154	RPL26
GO_BP	positive regulation of translation	1.89127743386391	0.00142455741600341	1660	DHX9
GO_BP	positive regulation of translation	1.89127743386391	0.00142455741600341	2064	ERBB2
GO_BP	positive regulation of translation	1.89127743386391	0.00142455741600341	9978	RBX1
GO_BP	positive regulation of translation	1.89127743386391	0.00142455741600341	10492	SYNCRIP
GO_BP	positive regulation of translation	1.89127743386391	0.00142455741600341	3184	HNRNPD
GO_BP	positive regulation of translation	1.89127743386391	0.00142455741600341	8663	EIF3C
GO_BP	positive regulation of translation	1.89127743386391	0.00142455741600341	79828	METTL8
GO_BP	positive regulation of translation	1.89127743386391	0.00142455741600341	3192	HNRNPU
GO_BP	positive regulation of translation	1.89127743386391	0.00142455741600341	9811	CTIF
GO_BP	positive regulation of translation	1.89127743386391	0.00142455741600341	55695	NSUN5
GO_BP	positive regulation of translation	1.89127743386391	0.00142455741600341	54931	TRMT10C
GO_BP	positive regulation of translation	1.89127743386391	0.00142455741600341	170506	DHX36
GO_BP	positive regulation of translation	1.89127743386391	0.00142455741600341	26986	PABPC1
GO_BP	positive regulation of translation	1.89127743386391	0.00142455741600341	7057	THBS1
GO_BP	positive regulation of translation	1.89127743386391	0.00142455741600341	8531	YBX3
GO_BP	positive regulation of translation	1.89127743386391	0.00142455741600341	51441	YTHDF2
GO_BP	positive regulation of translation	1.89127743386391	0.00142455741600341	84881	RPUSD4
GO_BP	positive regulation of translation	1.89127743386391	0.00142455741600341	90957	DHX57
GO_BP	positive regulation of translation	1.89127743386391	0.00142455741600341	23034	SAMD4A
GO_BP	positive regulation of translation	1.89127743386391	0.00142455741600341	6125	RPL5
GO_BP	positive regulation of translation	1.89127743386391	0.00142455741600341	3276	PRMT1
GO_BP	positive regulation of translation	1.89127743386391	0.00142455741600341	54505	DHX29
GO_BP	positive regulation of translation	1.89127743386391	0.00142455741600341	22868	FASTKD2
GO_BP	positive regulation of translation	1.89127743386391	0.00142455741600341	6741	SSB
GO_BP	positive regulation of translation	1.89127743386391	0.00142455741600341	115572	TENT5B
GO_BP	positive regulation of translation	1.89127743386391	0.00142455741600341	7812	CSDE1
GO_BP	positive regulation of translation	1.89127743386391	0.00142455741600341	65094	JMJD4
GO_BP	positive regulation of translation	1.89127743386391	0.00142455741600341	5611	DNAJC3
GO_BP	positive regulation of translation	1.89127743386391	0.00142455741600341	4904	YBX1
GO_BP	positive regulation of translation	1.89127743386391	0.00142455741600341	253943	YTHDF3
GO_BP	positive regulation of translation	1.89127743386391	0.00142455741600341	55124	PIWIL2
GO_BP	positive regulation of translation	1.89127743386391	0.00142455741600341	5935	RBM3
GO_BP	positive regulation of translation	1.89127743386391	0.00142455741600341	28958	COA3
GO_BP	maturation of LSU-rRNA from tricistronic rRNA transcript (SSU-rRNA, 5.8S rRNA, LSU-rRNA)	2.21006617102015	0.00163606695489634	6129	RPL7
GO_BP	maturation of LSU-rRNA from tricistronic rRNA transcript (SSU-rRNA, 5.8S rRNA, LSU-rRNA)	2.21006617102015	0.00163606695489634	54680	ZNHIT6
GO_BP	maturation of LSU-rRNA from tricistronic rRNA transcript (SSU-rRNA, 5.8S rRNA, LSU-rRNA)	2.21006617102015	0.00163606695489634	84154	RPF2
GO_BP	maturation of LSU-rRNA from tricistronic rRNA transcript (SSU-rRNA, 5.8S rRNA, LSU-rRNA)	2.21006617102015	0.00163606695489634	23246	BOP1
GO_BP	maturation of LSU-rRNA from tricistronic rRNA transcript (SSU-rRNA, 5.8S rRNA, LSU-rRNA)	2.21006617102015	0.00163606695489634	79707	NOL9
GO_BP	maturation of LSU-rRNA from tricistronic rRNA transcript (SSU-rRNA, 5.8S rRNA, LSU-rRNA)	2.21006617102015	0.00163606695489634	55003	PAK1IP1
GO_BP	maturation of LSU-rRNA from tricistronic rRNA transcript (SSU-rRNA, 5.8S rRNA, LSU-rRNA)	2.21006617102015	0.00163606695489634	285855	RPL7L1
GO_BP	maturation of LSU-rRNA from tricistronic rRNA transcript (SSU-rRNA, 5.8S rRNA, LSU-rRNA)	2.21006617102015	0.00163606695489634	8886	DDX18
GO_BP	maturation of LSU-rRNA from tricistronic rRNA transcript (SSU-rRNA, 5.8S rRNA, LSU-rRNA)	2.21006617102015	0.00163606695489634	23481	PES1
GO_BP	maturation of LSU-rRNA from tricistronic rRNA transcript (SSU-rRNA, 5.8S rRNA, LSU-rRNA)	2.21006617102015	0.00163606695489634	55759	WDR12
GO_BP	maturation of LSU-rRNA from tricistronic rRNA transcript (SSU-rRNA, 5.8S rRNA, LSU-rRNA)	2.21006617102015	0.00163606695489634	23560	GTPBP4
GO_BP	maturation of LSU-rRNA from tricistronic rRNA transcript (SSU-rRNA, 5.8S rRNA, LSU-rRNA)	2.21006617102015	0.00163606695489634	11224	RPL35
GO_BP	mitochondrial translation	1.87893782653107	0.00163606695489634	2617	GARS1
GO_BP	mitochondrial translation	1.87893782653107	0.00163606695489634	51021	MRPS16
GO_BP	mitochondrial translation	1.87893782653107	0.00163606695489634	708	C1QBP
GO_BP	mitochondrial translation	1.87893782653107	0.00163606695489634	54460	MRPS21
GO_BP	mitochondrial translation	1.87893782653107	0.00163606695489634	29088	MRPL15
GO_BP	mitochondrial translation	1.87893782653107	0.00163606695489634	10884	MRPS30
GO_BP	mitochondrial translation	1.87893782653107	0.00163606695489634	65008	MRPL1
GO_BP	mitochondrial translation	1.87893782653107	0.00163606695489634	28998	MRPL13
GO_BP	mitochondrial translation	1.87893782653107	0.00163606695489634	51335	NGRN
GO_BP	mitochondrial translation	1.87893782653107	0.00163606695489634	64983	MRPL32
GO_BP	mitochondrial translation	1.87893782653107	0.00163606695489634	10128	LRPPRC
GO_BP	mitochondrial translation	1.87893782653107	0.00163606695489634	55278	QRSL1
GO_BP	mitochondrial translation	1.87893782653107	0.00163606695489634	64965	MRPS9
GO_BP	mitochondrial translation	1.87893782653107	0.00163606695489634	78988	MRPL57
GO_BP	mitochondrial translation	1.87893782653107	0.00163606695489634	51023	MRPS18C
GO_BP	mitochondrial translation	1.87893782653107	0.00163606695489634	79828	METTL8
GO_BP	mitochondrial translation	1.87893782653107	0.00163606695489634	57129	MRPL47
GO_BP	mitochondrial translation	1.87893782653107	0.00163606695489634	219927	MRPL21
GO_BP	mitochondrial translation	1.87893782653107	0.00163606695489634	85476	GFM1
GO_BP	mitochondrial translation	1.87893782653107	0.00163606695489634	11222	MRPL3
GO_BP	mitochondrial translation	1.87893782653107	0.00163606695489634	54931	TRMT10C
GO_BP	mitochondrial translation	1.87893782653107	0.00163606695489634	118487	CHCHD1
GO_BP	mitochondrial translation	1.87893782653107	0.00163606695489634	84881	RPUSD4
GO_BP	mitochondrial translation	1.87893782653107	0.00163606695489634	92170	MTG1
GO_BP	mitochondrial translation	1.87893782653107	0.00163606695489634	51258	MRPL51
GO_BP	mitochondrial translation	1.87893782653107	0.00163606695489634	22868	FASTKD2
GO_BP	mitochondrial translation	1.87893782653107	0.00163606695489634	84311	MRPL45
GO_BP	mitochondrial translation	1.87893782653107	0.00163606695489634	54534	MRPL50
GO_BP	mitochondrial translation	1.87893782653107	0.00163606695489634	6472	SHMT2
GO_BP	mitochondrial translation	1.87893782653107	0.00163606695489634	116541	MRPL54
GO_BP	mitochondrial translation	1.87893782653107	0.00163606695489634	6183	MRPS12
GO_BP	mitochondrial translation	1.87893782653107	0.00163606695489634	28957	MRPS28
GO_BP	mitochondrial translation	1.87893782653107	0.00163606695489634	51650	MRPS33
GO_BP	mitochondrial translation	1.87893782653107	0.00163606695489634	28958	COA3
GO_BP	mitochondrial translation	1.87893782653107	0.00163606695489634	23395	LARS2
GO_BP	mitochondrial translation	1.87893782653107	0.00163606695489634	64951	MRPS24
GO_BP	mitochondrial translation	1.87893782653107	0.00163606695489634	51067	YARS2
GO_BP	mitochondrial translation	1.87893782653107	0.00163606695489634	54998	AURKAIP1
GO_BP	mitochondrial translation	1.87893782653107	0.00163606695489634	51642	MRPL48
GO_BP	mitochondrial translation	1.87893782653107	0.00163606695489634	64979	MRPL36
GO_BP	mitochondrial translation	1.87893782653107	0.00163606695489634	26995	TRUB2
GO_BP	mitochondrial translation	1.87893782653107	0.00163606695489634	740	MRPL49
GO_BP	mitochondrial translation	1.87893782653107	0.00163606695489634	10240	MRPS31
GO_BP	mitochondrial translation	1.87893782653107	0.00163606695489634	65993	MRPS34
GO_BP	mitochondrial translation	1.87893782653107	0.00163606695489634	55052	MRPL20
GO_BP	mitochondrial translation	1.87893782653107	0.00163606695489634	60488	MRPS35
GO_BP	mitochondrial translation	1.87893782653107	0.00163606695489634	28973	MRPS18B
GO_BP	mitochondrial translation	1.87893782653107	0.00163606695489634	54938	SARS2
GO_BP	mitochondrial translation	1.87893782653107	0.00163606695489634	65080	MRPL44
GO_BP	mitochondrial translation	1.87893782653107	0.00163606695489634	23107	MRPS27
GO_BP	mitochondrial translation	1.87893782653107	0.00163606695489634	51263	MRPL30
GO_BP	mitochondrial translation	1.87893782653107	0.00163606695489634	90480	GADD45GIP1
GO_BP	mitochondrial translation	1.87893782653107	0.00163606695489634	64968	MRPS6
GO_BP	mitochondrial translation	1.87893782653107	0.00163606695489634	51373	MRPS17
GO_BP	mitochondrial translation	1.87893782653107	0.00163606695489634	54516	MTRF1L
GO_BP	mitochondrial translation	1.87893782653107	0.00163606695489634	26024	PTCD1
GO_BP	mitochondrial translation	1.87893782653107	0.00163606695489634	63931	MRPS14
GO_BP	mitochondrial translation	1.87893782653107	0.00163606695489634	9801	MRPL19
GO_BP	mitochondrial translation	1.87893782653107	0.00163606695489634	122704	MRPL52
GO_BP	mitochondrial translation	1.87893782653107	0.00163606695489634	5188	GATB
GO_BP	mitochondrial translation	1.87893782653107	0.00163606695489634	10352	WARS2
GO_BP	mitochondrial translation	1.87893782653107	0.00163606695489634	64963	MRPS11
GO_BP	mitochondrial translation	1.87893782653107	0.00163606695489634	10102	TSFM
GO_BP	mitochondrial translation	1.87893782653107	0.00163606695489634	1654	DDX3X
GO_BP	mitochondrial translation	1.87893782653107	0.00163606695489634	64949	MRPS26
GO_BP	tRNA aminoacylation for protein translation	2.05753768837454	0.00580399658899956	4677	NARS1
GO_BP	tRNA aminoacylation for protein translation	2.05753768837454	0.00580399658899956	2617	GARS1
GO_BP	tRNA aminoacylation for protein translation	2.05753768837454	0.00580399658899956	51520	LARS1
GO_BP	tRNA aminoacylation for protein translation	2.05753768837454	0.00580399658899956	3376	IARS1
GO_BP	tRNA aminoacylation for protein translation	2.05753768837454	0.00580399658899956	57470	LRRC47
GO_BP	tRNA aminoacylation for protein translation	2.05753768837454	0.00580399658899956	7453	WARS1
GO_BP	tRNA aminoacylation for protein translation	2.05753768837454	0.00580399658899956	6897	TARS1
GO_BP	tRNA aminoacylation for protein translation	2.05753768837454	0.00580399658899956	5917	RARS1
GO_BP	tRNA aminoacylation for protein translation	2.05753768837454	0.00580399658899956	2193	FARSA
GO_BP	tRNA aminoacylation for protein translation	2.05753768837454	0.00580399658899956	8565	YARS1
GO_BP	tRNA aminoacylation for protein translation	2.05753768837454	0.00580399658899956	2058	EPRS1
GO_BP	tRNA aminoacylation for protein translation	2.05753768837454	0.00580399658899956	16	AARS1
GO_BP	tRNA aminoacylation for protein translation	2.05753768837454	0.00580399658899956	4141	MARS1
GO_BP	tRNA aminoacylation for protein translation	2.05753768837454	0.00580399658899956	3035	HARS1
GO_BP	tRNA aminoacylation for protein translation	2.05753768837454	0.00580399658899956	23395	LARS2
GO_BP	tRNA aminoacylation for protein translation	2.05753768837454	0.00580399658899956	51067	YARS2
GO_BP	tRNA aminoacylation for protein translation	2.05753768837454	0.00580399658899956	833	CARS1
GO_BP	tRNA aminoacylation for protein translation	2.05753768837454	0.00580399658899956	79731	NARS2
GO_BP	tRNA aminoacylation for protein translation	2.05753768837454	0.00580399658899956	10056	FARSB
GO_BP	tRNA aminoacylation for protein translation	2.05753768837454	0.00580399658899956	10667	FARS2
GO_BP	tRNA aminoacylation for protein translation	2.05753768837454	0.00580399658899956	6301	SARS1
GO_BP	tRNA aminoacylation for protein translation	2.05753768837454	0.00580399658899956	3735	KARS1
GO_BP	endonucleolytic cleavage of tricistronic rRNA transcript (SSU-rRNA, 5.8S rRNA, LSU-rRNA)	2.01697463541751	0.0247537874809619	6227	RPS21
GO_BP	endonucleolytic cleavage of tricistronic rRNA transcript (SSU-rRNA, 5.8S rRNA, LSU-rRNA)	2.01697463541751	0.0247537874809619	23212	RRS1
GO_BP	endonucleolytic cleavage of tricistronic rRNA transcript (SSU-rRNA, 5.8S rRNA, LSU-rRNA)	2.01697463541751	0.0247537874809619	27340	UTP20
GO_BP	endonucleolytic cleavage of tricistronic rRNA transcript (SSU-rRNA, 5.8S rRNA, LSU-rRNA)	2.01697463541751	0.0247537874809619	55720	TSR1
GO_BP	endonucleolytic cleavage of tricistronic rRNA transcript (SSU-rRNA, 5.8S rRNA, LSU-rRNA)	2.01697463541751	0.0247537874809619	23246	BOP1
GO_BP	endonucleolytic cleavage of tricistronic rRNA transcript (SSU-rRNA, 5.8S rRNA, LSU-rRNA)	2.01697463541751	0.0247537874809619	65095	KRI1
GO_BP	endonucleolytic cleavage of tricistronic rRNA transcript (SSU-rRNA, 5.8S rRNA, LSU-rRNA)	2.01697463541751	0.0247537874809619	79707	NOL9
GO_BP	endonucleolytic cleavage of tricistronic rRNA transcript (SSU-rRNA, 5.8S rRNA, LSU-rRNA)	2.01697463541751	0.0247537874809619	161424	NOP9
GO_BP	endonucleolytic cleavage of tricistronic rRNA transcript (SSU-rRNA, 5.8S rRNA, LSU-rRNA)	2.01697463541751	0.0247537874809619	8602	NOP14
GO_BP	endonucleolytic cleavage of tricistronic rRNA transcript (SSU-rRNA, 5.8S rRNA, LSU-rRNA)	2.01697463541751	0.0247537874809619	10799	RPP40
GO_BP	endonucleolytic cleavage of tricistronic rRNA transcript (SSU-rRNA, 5.8S rRNA, LSU-rRNA)	2.01697463541751	0.0247537874809619	51077	FCF1
GO_BP	translational initiation	1.61056571171266	0.0334174657976481	468	ATF4
GO_BP	translational initiation	1.61056571171266	0.0334174657976481	5436	POLR2G
GO_BP	translational initiation	1.61056571171266	0.0334174657976481	3309	HSPA5
GO_BP	translational initiation	1.61056571171266	0.0334174657976481	3692	EIF6
GO_BP	translational initiation	1.61056571171266	0.0334174657976481	6189	RPS3A
GO_BP	translational initiation	1.61056571171266	0.0334174657976481	6193	RPS5
GO_BP	translational initiation	1.61056571171266	0.0334174657976481	1653	DDX1
GO_BP	translational initiation	1.61056571171266	0.0334174657976481	4869	NPM1
GO_BP	translational initiation	1.61056571171266	0.0334174657976481	56888	KCMF1
GO_BP	translational initiation	1.61056571171266	0.0334174657976481	23367	LARP1
GO_BP	translational initiation	1.61056571171266	0.0334174657976481	28969	BZW2
GO_BP	translational initiation	1.61056571171266	0.0334174657976481	6218	RPS17
GO_BP	translational initiation	1.61056571171266	0.0334174657976481	6188	RPS3
GO_BP	translational initiation	1.61056571171266	0.0334174657976481	8562	DENR
GO_BP	translational initiation	1.61056571171266	0.0334174657976481	728689	EIF3CL
GO_BP	translational initiation	1.61056571171266	0.0334174657976481	8663	EIF3C
GO_BP	translational initiation	1.61056571171266	0.0334174657976481	1973	EIF4A1
GO_BP	translational initiation	1.61056571171266	0.0334174657976481	8894	EIF2S2
GO_BP	translational initiation	1.61056571171266	0.0334174657976481	10480	EIF3M
GO_BP	translational initiation	1.61056571171266	0.0334174657976481	4686	NCBP1
GO_BP	translational initiation	1.61056571171266	0.0334174657976481	9811	CTIF
GO_BP	translational initiation	1.61056571171266	0.0334174657976481	10987	COPS5
GO_BP	translational initiation	1.61056571171266	0.0334174657976481	9689	BZW1
GO_BP	translational initiation	1.61056571171266	0.0334174657976481	1977	EIF4E
GO_BP	translational initiation	1.61056571171266	0.0334174657976481	8890	EIF2B4
GO_BP	translational initiation	1.61056571171266	0.0334174657976481	51441	YTHDF2
GO_BP	translational initiation	1.61056571171266	0.0334174657976481	1978	EIF4EBP1
GO_BP	translational initiation	1.61056571171266	0.0334174657976481	55364	IMPACT
GO_BP	translational initiation	1.61056571171266	0.0334174657976481	3276	PRMT1
GO_BP	translational initiation	1.61056571171266	0.0334174657976481	54505	DHX29
GO_BP	translational initiation	1.61056571171266	0.0334174657976481	1982	EIF4G2
GO_BP	translational initiation	1.61056571171266	0.0334174657976481	56919	DHX33
GO_BP	translational initiation	1.61056571171266	0.0334174657976481	7812	CSDE1
GO_BP	translational initiation	1.61056571171266	0.0334174657976481	10289	EIF1B
GO_BP	translational initiation	1.61056571171266	0.0334174657976481	5611	DNAJC3
GO_BP	translational initiation	1.61056571171266	0.0334174657976481	1983	EIF5
GO_BP	translational initiation	1.61056571171266	0.0334174657976481	253943	YTHDF3
GO_BP	translational initiation	1.61056571171266	0.0334174657976481	6059	ABCE1
GO_BP	translational initiation	1.61056571171266	0.0334174657976481	8662	EIF3B
GO_BP	translational initiation	1.61056571171266	0.0334174657976481	7458	EIF4H
GO_BP	translational initiation	1.61056571171266	0.0334174657976481	8661	EIF3A
GO_BP	translational initiation	1.61056571171266	0.0334174657976481	28985	MCTS1
GO_BP	translational initiation	1.61056571171266	0.0334174657976481	55210	ATAD3A
GO_BP	translational initiation	1.61056571171266	0.0334174657976481	84335	AKT1S1
GO_BP	translational initiation	1.61056571171266	0.0334174657976481	10209	EIF1
GO_BP	translational initiation	1.61056571171266	0.0334174657976481	8669	EIF3J
GO_BP	translational initiation	1.61056571171266	0.0334174657976481	10605	PAIP1
GO_BP	translational initiation	1.61056571171266	0.0334174657976481	317649	EIF4E3
GO_BP	translational initiation	1.61056571171266	0.0334174657976481	9451	EIF2AK3
GO_BP	positive regulation of cytoplasmic translation	1.97921702876667	0.0355685310738202	79727	LIN28A
GO_BP	positive regulation of cytoplasmic translation	1.97921702876667	0.0355685310738202	1660	DHX9
GO_BP	positive regulation of cytoplasmic translation	1.97921702876667	0.0355685310738202	10492	SYNCRIP
GO_BP	positive regulation of cytoplasmic translation	1.97921702876667	0.0355685310738202	3184	HNRNPD
GO_BP	positive regulation of cytoplasmic translation	1.97921702876667	0.0355685310738202	3192	HNRNPU
GO_BP	positive regulation of cytoplasmic translation	1.97921702876667	0.0355685310738202	170506	DHX36
GO_BP	positive regulation of cytoplasmic translation	1.97921702876667	0.0355685310738202	26986	PABPC1
GO_BP	positive regulation of cytoplasmic translation	1.97921702876667	0.0355685310738202	8531	YBX3
GO_BP	positive regulation of cytoplasmic translation	1.97921702876667	0.0355685310738202	7812	CSDE1
GO_BP	positive regulation of cytoplasmic translation	1.97921702876667	0.0355685310738202	4904	YBX1
GO_BP	positive regulation of cytoplasmic translation	1.97921702876667	0.0355685310738202	55124	PIWIL2
GO_BP	ribosome localization	1.91304945055519	0.0491932901716517	3692	EIF6
GO_BP	ribosome localization	1.91304945055519	0.0491932901716517	4869	NPM1
GO_BP	ribosome localization	1.91304945055519	0.0491932901716517	6209	RPS15
GO_BP	ribosome localization	1.91304945055519	0.0491932901716517	5901	RAN
GO_BP	ribosome localization	1.91304945055519	0.0491932901716517	55341	LSG1
GO_BP	ribosome localization	1.91304945055519	0.0491932901716517	7514	XPO1
GO_BP	ribosome localization	1.91304945055519	0.0491932901716517	161424	NOP9
GO_BP	ribosome localization	1.91304945055519	0.0491932901716517	4927	NUP88
Reactome	Ribosome-associated quality control	3.29868960796996	2.16571428571429e-09	6129	RPL7
Reactome	Ribosome-associated quality control	3.29868960796996	2.16571428571429e-09	6233	RPS27A
Reactome	Ribosome-associated quality control	3.29868960796996	2.16571428571429e-09	6231	RPS26
Reactome	Ribosome-associated quality control	3.29868960796996	2.16571428571429e-09	6206	RPS12
Reactome	Ribosome-associated quality control	3.29868960796996	2.16571428571429e-09	6144	RPL21
Reactome	Ribosome-associated quality control	3.29868960796996	2.16571428571429e-09	6160	RPL31
Reactome	Ribosome-associated quality control	3.29868960796996	2.16571428571429e-09	6227	RPS21
Reactome	Ribosome-associated quality control	3.29868960796996	2.16571428571429e-09	6168	RPL37A
Reactome	Ribosome-associated quality control	3.29868960796996	2.16571428571429e-09	6176	RPLP1
Reactome	Ribosome-associated quality control	3.29868960796996	2.16571428571429e-09	6222	RPS18
Reactome	Ribosome-associated quality control	3.29868960796996	2.16571428571429e-09	6133	RPL9
Reactome	Ribosome-associated quality control	3.29868960796996	2.16571428571429e-09	6208	RPS14
Reactome	Ribosome-associated quality control	3.29868960796996	2.16571428571429e-09	6134	RPL10
Reactome	Ribosome-associated quality control	3.29868960796996	2.16571428571429e-09	6164	RPL34
Reactome	Ribosome-associated quality control	3.29868960796996	2.16571428571429e-09	6203	RPS9
Reactome	Ribosome-associated quality control	3.29868960796996	2.16571428571429e-09	6217	RPS16
Reactome	Ribosome-associated quality control	3.29868960796996	2.16571428571429e-09	200916	RPL22L1
Reactome	Ribosome-associated quality control	3.29868960796996	2.16571428571429e-09	6223	RPS19
Reactome	Ribosome-associated quality control	3.29868960796996	2.16571428571429e-09	6173	RPL36A
Reactome	Ribosome-associated quality control	3.29868960796996	2.16571428571429e-09	6207	RPS13
Reactome	Ribosome-associated quality control	3.29868960796996	2.16571428571429e-09	6139	RPL17
Reactome	Ribosome-associated quality control	3.29868960796996	2.16571428571429e-09	5692	PSMB4
Reactome	Ribosome-associated quality control	3.29868960796996	2.16571428571429e-09	6146	RPL22
Reactome	Ribosome-associated quality control	3.29868960796996	2.16571428571429e-09	9349	RPL23
Reactome	Ribosome-associated quality control	3.29868960796996	2.16571428571429e-09	5691	PSMB3
Reactome	Ribosome-associated quality control	3.29868960796996	2.16571428571429e-09	5695	PSMB7
Reactome	Ribosome-associated quality control	3.29868960796996	2.16571428571429e-09	6175	RPLP0
Reactome	Ribosome-associated quality control	3.29868960796996	2.16571428571429e-09	6189	RPS3A
Reactome	Ribosome-associated quality control	3.29868960796996	2.16571428571429e-09	6193	RPS5
Reactome	Ribosome-associated quality control	3.29868960796996	2.16571428571429e-09	3921	RPSA
Reactome	Ribosome-associated quality control	3.29868960796996	2.16571428571429e-09	6201	RPS7
Reactome	Ribosome-associated quality control	3.29868960796996	2.16571428571429e-09	4736	RPL10A
Reactome	Ribosome-associated quality control	3.29868960796996	2.16571428571429e-09	6209	RPS15
Reactome	Ribosome-associated quality control	3.29868960796996	2.16571428571429e-09	5686	PSMA5
Reactome	Ribosome-associated quality control	3.29868960796996	2.16571428571429e-09	6228	RPS23
Reactome	Ribosome-associated quality control	3.29868960796996	2.16571428571429e-09	6181	RPLP2
Reactome	Ribosome-associated quality control	3.29868960796996	2.16571428571429e-09	5687	PSMA6
Reactome	Ribosome-associated quality control	3.29868960796996	2.16571428571429e-09	5693	PSMB5
Reactome	Ribosome-associated quality control	3.29868960796996	2.16571428571429e-09	6156	RPL30
Reactome	Ribosome-associated quality control	3.29868960796996	2.16571428571429e-09	6921	ELOC
Reactome	Ribosome-associated quality control	3.29868960796996	2.16571428571429e-09	51065	RPS27L
Reactome	Ribosome-associated quality control	3.29868960796996	2.16571428571429e-09	5689	PSMB1
Reactome	Ribosome-associated quality control	3.29868960796996	2.16571428571429e-09	6218	RPS17
Reactome	Ribosome-associated quality control	3.29868960796996	2.16571428571429e-09	6234	RPS28
Reactome	Ribosome-associated quality control	3.29868960796996	2.16571428571429e-09	6170	RPL39
Reactome	Ribosome-associated quality control	3.29868960796996	2.16571428571429e-09	5702	PSMC3
Reactome	Ribosome-associated quality control	3.29868960796996	2.16571428571429e-09	5694	PSMB6
Reactome	Ribosome-associated quality control	3.29868960796996	2.16571428571429e-09	6142	RPL18A
Reactome	Ribosome-associated quality control	3.29868960796996	2.16571428571429e-09	6138	RPL15
Reactome	Ribosome-associated quality control	3.29868960796996	2.16571428571429e-09	10213	PSMD14
Reactome	Ribosome-associated quality control	3.29868960796996	2.16571428571429e-09	9045	RPL14
Reactome	Ribosome-associated quality control	3.29868960796996	2.16571428571429e-09	6188	RPS3
Reactome	Ribosome-associated quality control	3.29868960796996	2.16571428571429e-09	6154	RPL26
Reactome	Ribosome-associated quality control	3.29868960796996	2.16571428571429e-09	6210	RPS15A
Reactome	Ribosome-associated quality control	3.29868960796996	2.16571428571429e-09	10973	ASCC3
Reactome	Ribosome-associated quality control	3.29868960796996	2.16571428571429e-09	6224	RPS20
Reactome	Ribosome-associated quality control	3.29868960796996	2.16571428571429e-09	9978	RBX1
Reactome	Ribosome-associated quality control	3.29868960796996	2.16571428571429e-09	5717	PSMD11
Reactome	Ribosome-associated quality control	3.29868960796996	2.16571428571429e-09	5688	PSMA7
Reactome	Ribosome-associated quality control	3.29868960796996	2.16571428571429e-09	5719	PSMD13
Reactome	Ribosome-associated quality control	3.29868960796996	2.16571428571429e-09	5700	PSMC1
Reactome	Ribosome-associated quality control	3.29868960796996	2.16571428571429e-09	7323	UBE2D3
Reactome	Ribosome-associated quality control	3.29868960796996	2.16571428571429e-09	5701	PSMC2
Reactome	Ribosome-associated quality control	3.29868960796996	2.16571428571429e-09	6135	RPL11
Reactome	Ribosome-associated quality control	3.29868960796996	2.16571428571429e-09	7979	SEM1
Reactome	Ribosome-associated quality control	3.29868960796996	2.16571428571429e-09	6229	RPS24
Reactome	Ribosome-associated quality control	3.29868960796996	2.16571428571429e-09	6159	RPL29
Reactome	Ribosome-associated quality control	3.29868960796996	2.16571428571429e-09	6235	RPS29
Reactome	Ribosome-associated quality control	3.29868960796996	2.16571428571429e-09	5713	PSMD7
Reactome	Ribosome-associated quality control	3.29868960796996	2.16571428571429e-09	6161	RPL32
Reactome	Ribosome-associated quality control	3.29868960796996	2.16571428571429e-09	6128	RPL6
Reactome	Ribosome-associated quality control	3.29868960796996	2.16571428571429e-09	9861	PSMD6
Reactome	Ribosome-associated quality control	3.29868960796996	2.16571428571429e-09	7314	UBB
Reactome	Ribosome-associated quality control	3.29868960796996	2.16571428571429e-09	6165	RPL35A
Reactome	Ribosome-associated quality control	3.29868960796996	2.16571428571429e-09	6141	RPL18
Reactome	Ribosome-associated quality control	3.29868960796996	2.16571428571429e-09	6122	RPL3
Reactome	Ribosome-associated quality control	3.29868960796996	2.16571428571429e-09	5707	PSMD1
Reactome	Ribosome-associated quality control	3.29868960796996	2.16571428571429e-09	11047	ADRM1
Reactome	Ribosome-associated quality control	3.29868960796996	2.16571428571429e-09	6923	ELOB
Reactome	Ribosome-associated quality control	3.29868960796996	2.16571428571429e-09	6157	RPL27A
Reactome	Ribosome-associated quality control	3.29868960796996	2.16571428571429e-09	6155	RPL27
Reactome	Ribosome-associated quality control	3.29868960796996	2.16571428571429e-09	5706	PSMC6
Reactome	Ribosome-associated quality control	3.29868960796996	2.16571428571429e-09	7311	UBA52
Reactome	Ribosome-associated quality control	3.29868960796996	2.16571428571429e-09	7353	UFD1
Reactome	Ribosome-associated quality control	3.29868960796996	2.16571428571429e-09	6166	RPL36AL
Reactome	Ribosome-associated quality control	3.29868960796996	2.16571428571429e-09	5684	PSMA3
Reactome	Ribosome-associated quality control	3.29868960796996	2.16571428571429e-09	2197	FAU
Reactome	Ribosome-associated quality control	3.29868960796996	2.16571428571429e-09	6125	RPL5
Reactome	Ribosome-associated quality control	3.29868960796996	2.16571428571429e-09	6130	RPL7A
Reactome	Ribosome-associated quality control	3.29868960796996	2.16571428571429e-09	7415	VCP
Reactome	Ribosome-associated quality control	3.29868960796996	2.16571428571429e-09	5683	PSMA2
Reactome	Ribosome-associated quality control	3.29868960796996	2.16571428571429e-09	7316	UBC
Reactome	Ribosome-associated quality control	3.29868960796996	2.16571428571429e-09	25873	RPL36
Reactome	Ribosome-associated quality control	3.29868960796996	2.16571428571429e-09	11224	RPL35
Reactome	Ribosome-associated quality control	3.29868960796996	2.16571428571429e-09	6230	RPS25
Reactome	Major pathway of rRNA processing in the nucleolus and cytosol	3.25808260615227	2.16571428571429e-09	6129	RPL7
Reactome	Major pathway of rRNA processing in the nucleolus and cytosol	3.25808260615227	2.16571428571429e-09	6233	RPS27A
Reactome	Major pathway of rRNA processing in the nucleolus and cytosol	3.25808260615227	2.16571428571429e-09	6231	RPS26
Reactome	Major pathway of rRNA processing in the nucleolus and cytosol	3.25808260615227	2.16571428571429e-09	6206	RPS12
Reactome	Major pathway of rRNA processing in the nucleolus and cytosol	3.25808260615227	2.16571428571429e-09	6144	RPL21
Reactome	Major pathway of rRNA processing in the nucleolus and cytosol	3.25808260615227	2.16571428571429e-09	6160	RPL31
Reactome	Major pathway of rRNA processing in the nucleolus and cytosol	3.25808260615227	2.16571428571429e-09	6227	RPS21
Reactome	Major pathway of rRNA processing in the nucleolus and cytosol	3.25808260615227	2.16571428571429e-09	6168	RPL37A
Reactome	Major pathway of rRNA processing in the nucleolus and cytosol	3.25808260615227	2.16571428571429e-09	6176	RPLP1
Reactome	Major pathway of rRNA processing in the nucleolus and cytosol	3.25808260615227	2.16571428571429e-09	6222	RPS18
Reactome	Major pathway of rRNA processing in the nucleolus and cytosol	3.25808260615227	2.16571428571429e-09	6133	RPL9
Reactome	Major pathway of rRNA processing in the nucleolus and cytosol	3.25808260615227	2.16571428571429e-09	6208	RPS14
Reactome	Major pathway of rRNA processing in the nucleolus and cytosol	3.25808260615227	2.16571428571429e-09	6134	RPL10
Reactome	Major pathway of rRNA processing in the nucleolus and cytosol	3.25808260615227	2.16571428571429e-09	54881	TEX10
Reactome	Major pathway of rRNA processing in the nucleolus and cytosol	3.25808260615227	2.16571428571429e-09	6164	RPL34
Reactome	Major pathway of rRNA processing in the nucleolus and cytosol	3.25808260615227	2.16571428571429e-09	6203	RPS9
Reactome	Major pathway of rRNA processing in the nucleolus and cytosol	3.25808260615227	2.16571428571429e-09	6217	RPS16
Reactome	Major pathway of rRNA processing in the nucleolus and cytosol	3.25808260615227	2.16571428571429e-09	200916	RPL22L1
Reactome	Major pathway of rRNA processing in the nucleolus and cytosol	3.25808260615227	2.16571428571429e-09	6223	RPS19
Reactome	Major pathway of rRNA processing in the nucleolus and cytosol	3.25808260615227	2.16571428571429e-09	6173	RPL36A
Reactome	Major pathway of rRNA processing in the nucleolus and cytosol	3.25808260615227	2.16571428571429e-09	10969	EBNA1BP2
Reactome	Major pathway of rRNA processing in the nucleolus and cytosol	3.25808260615227	2.16571428571429e-09	6207	RPS13
Reactome	Major pathway of rRNA processing in the nucleolus and cytosol	3.25808260615227	2.16571428571429e-09	6139	RPL17
Reactome	Major pathway of rRNA processing in the nucleolus and cytosol	3.25808260615227	2.16571428571429e-09	6146	RPL22
Reactome	Major pathway of rRNA processing in the nucleolus and cytosol	3.25808260615227	2.16571428571429e-09	9349	RPL23
Reactome	Major pathway of rRNA processing in the nucleolus and cytosol	3.25808260615227	2.16571428571429e-09	10528	NOP56
Reactome	Major pathway of rRNA processing in the nucleolus and cytosol	3.25808260615227	2.16571428571429e-09	65083	NOL6
Reactome	Major pathway of rRNA processing in the nucleolus and cytosol	3.25808260615227	2.16571428571429e-09	6175	RPLP0
Reactome	Major pathway of rRNA processing in the nucleolus and cytosol	3.25808260615227	2.16571428571429e-09	6189	RPS3A
Reactome	Major pathway of rRNA processing in the nucleolus and cytosol	3.25808260615227	2.16571428571429e-09	6193	RPS5
Reactome	Major pathway of rRNA processing in the nucleolus and cytosol	3.25808260615227	2.16571428571429e-09	3921	RPSA
Reactome	Major pathway of rRNA processing in the nucleolus and cytosol	3.25808260615227	2.16571428571429e-09	6201	RPS7
Reactome	Major pathway of rRNA processing in the nucleolus and cytosol	3.25808260615227	2.16571428571429e-09	57647	DHX37
Reactome	Major pathway of rRNA processing in the nucleolus and cytosol	3.25808260615227	2.16571428571429e-09	22803	XRN2
Reactome	Major pathway of rRNA processing in the nucleolus and cytosol	3.25808260615227	2.16571428571429e-09	4736	RPL10A
Reactome	Major pathway of rRNA processing in the nucleolus and cytosol	3.25808260615227	2.16571428571429e-09	6209	RPS15
Reactome	Major pathway of rRNA processing in the nucleolus and cytosol	3.25808260615227	2.16571428571429e-09	10885	WDR3
Reactome	Major pathway of rRNA processing in the nucleolus and cytosol	3.25808260615227	2.16571428571429e-09	6228	RPS23
Reactome	Major pathway of rRNA processing in the nucleolus and cytosol	3.25808260615227	2.16571428571429e-09	6181	RPLP2
Reactome	Major pathway of rRNA processing in the nucleolus and cytosol	3.25808260615227	2.16571428571429e-09	6156	RPL30
Reactome	Major pathway of rRNA processing in the nucleolus and cytosol	3.25808260615227	2.16571428571429e-09	51065	RPS27L
Reactome	Major pathway of rRNA processing in the nucleolus and cytosol	3.25808260615227	2.16571428571429e-09	6218	RPS17
Reactome	Major pathway of rRNA processing in the nucleolus and cytosol	3.25808260615227	2.16571428571429e-09	27340	UTP20
Reactome	Major pathway of rRNA processing in the nucleolus and cytosol	3.25808260615227	2.16571428571429e-09	22984	PDCD11
Reactome	Major pathway of rRNA processing in the nucleolus and cytosol	3.25808260615227	2.16571428571429e-09	6234	RPS28
Reactome	Major pathway of rRNA processing in the nucleolus and cytosol	3.25808260615227	2.16571428571429e-09	6170	RPL39
Reactome	Major pathway of rRNA processing in the nucleolus and cytosol	3.25808260615227	2.16571428571429e-09	92856	IMP4
Reactome	Major pathway of rRNA processing in the nucleolus and cytosol	3.25808260615227	2.16571428571429e-09	6142	RPL18A
Reactome	Major pathway of rRNA processing in the nucleolus and cytosol	3.25808260615227	2.16571428571429e-09	4809	SNU13
Reactome	Major pathway of rRNA processing in the nucleolus and cytosol	3.25808260615227	2.16571428571429e-09	6138	RPL15
Reactome	Major pathway of rRNA processing in the nucleolus and cytosol	3.25808260615227	2.16571428571429e-09	9045	RPL14
Reactome	Major pathway of rRNA processing in the nucleolus and cytosol	3.25808260615227	2.16571428571429e-09	6188	RPS3
Reactome	Major pathway of rRNA processing in the nucleolus and cytosol	3.25808260615227	2.16571428571429e-09	55720	TSR1
Reactome	Major pathway of rRNA processing in the nucleolus and cytosol	3.25808260615227	2.16571428571429e-09	6154	RPL26
Reactome	Major pathway of rRNA processing in the nucleolus and cytosol	3.25808260615227	2.16571428571429e-09	9277	WDR46
Reactome	Major pathway of rRNA processing in the nucleolus and cytosol	3.25808260615227	2.16571428571429e-09	6210	RPS15A
Reactome	Major pathway of rRNA processing in the nucleolus and cytosol	3.25808260615227	2.16571428571429e-09	6224	RPS20
Reactome	Major pathway of rRNA processing in the nucleolus and cytosol	3.25808260615227	2.16571428571429e-09	4691	NCL
Reactome	Major pathway of rRNA processing in the nucleolus and cytosol	3.25808260615227	2.16571428571429e-09	51010	EXOSC3
Reactome	Major pathway of rRNA processing in the nucleolus and cytosol	3.25808260615227	2.16571428571429e-09	84916	UTP4
Reactome	Major pathway of rRNA processing in the nucleolus and cytosol	3.25808260615227	2.16571428571429e-09	23246	BOP1
Reactome	Major pathway of rRNA processing in the nucleolus and cytosol	3.25808260615227	2.16571428571429e-09	51118	UTP11
Reactome	Major pathway of rRNA processing in the nucleolus and cytosol	3.25808260615227	2.16571428571429e-09	9136	RRP9
Reactome	Major pathway of rRNA processing in the nucleolus and cytosol	3.25808260615227	2.16571428571429e-09	23404	EXOSC2
Reactome	Major pathway of rRNA processing in the nucleolus and cytosol	3.25808260615227	2.16571428571429e-09	79707	NOL9
Reactome	Major pathway of rRNA processing in the nucleolus and cytosol	3.25808260615227	2.16571428571429e-09	6135	RPL11
Reactome	Major pathway of rRNA processing in the nucleolus and cytosol	3.25808260615227	2.16571428571429e-09	6229	RPS24
Reactome	Major pathway of rRNA processing in the nucleolus and cytosol	3.25808260615227	2.16571428571429e-09	6159	RPL29
Reactome	Major pathway of rRNA processing in the nucleolus and cytosol	3.25808260615227	2.16571428571429e-09	6235	RPS29
Reactome	Major pathway of rRNA processing in the nucleolus and cytosol	3.25808260615227	2.16571428571429e-09	56915	EXOSC5
Reactome	Major pathway of rRNA processing in the nucleolus and cytosol	3.25808260615227	2.16571428571429e-09	6161	RPL32
Reactome	Major pathway of rRNA processing in the nucleolus and cytosol	3.25808260615227	2.16571428571429e-09	6128	RPL6
Reactome	Major pathway of rRNA processing in the nucleolus and cytosol	3.25808260615227	2.16571428571429e-09	6165	RPL35A
Reactome	Major pathway of rRNA processing in the nucleolus and cytosol	3.25808260615227	2.16571428571429e-09	6141	RPL18
Reactome	Major pathway of rRNA processing in the nucleolus and cytosol	3.25808260615227	2.16571428571429e-09	54555	DDX49
Reactome	Major pathway of rRNA processing in the nucleolus and cytosol	3.25808260615227	2.16571428571429e-09	6122	RPL3
Reactome	Major pathway of rRNA processing in the nucleolus and cytosol	3.25808260615227	2.16571428571429e-09	9188	DDX21
Reactome	Major pathway of rRNA processing in the nucleolus and cytosol	3.25808260615227	2.16571428571429e-09	134430	WDR36
Reactome	Major pathway of rRNA processing in the nucleolus and cytosol	3.25808260615227	2.16571428571429e-09	25879	DCAF13
Reactome	Major pathway of rRNA processing in the nucleolus and cytosol	3.25808260615227	2.16571428571429e-09	55813	UTP6
Reactome	Major pathway of rRNA processing in the nucleolus and cytosol	3.25808260615227	2.16571428571429e-09	6157	RPL27A
Reactome	Major pathway of rRNA processing in the nucleolus and cytosol	3.25808260615227	2.16571428571429e-09	55127	HEATR1
Reactome	Major pathway of rRNA processing in the nucleolus and cytosol	3.25808260615227	2.16571428571429e-09	55272	IMP3
Reactome	Major pathway of rRNA processing in the nucleolus and cytosol	3.25808260615227	2.16571428571429e-09	6155	RPL27
Reactome	Major pathway of rRNA processing in the nucleolus and cytosol	3.25808260615227	2.16571428571429e-09	7311	UBA52
Reactome	Major pathway of rRNA processing in the nucleolus and cytosol	3.25808260615227	2.16571428571429e-09	27341	RRP7A
Reactome	Major pathway of rRNA processing in the nucleolus and cytosol	3.25808260615227	2.16571428571429e-09	10813	UTP14A
Reactome	Major pathway of rRNA processing in the nucleolus and cytosol	3.25808260615227	2.16571428571429e-09	6166	RPL36AL
Reactome	Major pathway of rRNA processing in the nucleolus and cytosol	3.25808260615227	2.16571428571429e-09	2197	FAU
Reactome	Major pathway of rRNA processing in the nucleolus and cytosol	3.25808260615227	2.16571428571429e-09	6125	RPL5
Reactome	Major pathway of rRNA processing in the nucleolus and cytosol	3.25808260615227	2.16571428571429e-09	6130	RPL7A
Reactome	Major pathway of rRNA processing in the nucleolus and cytosol	3.25808260615227	2.16571428571429e-09	56902	PNO1
Reactome	Major pathway of rRNA processing in the nucleolus and cytosol	3.25808260615227	2.16571428571429e-09	23481	PES1
Reactome	Major pathway of rRNA processing in the nucleolus and cytosol	3.25808260615227	2.16571428571429e-09	55759	WDR12
Reactome	Major pathway of rRNA processing in the nucleolus and cytosol	3.25808260615227	2.16571428571429e-09	51388	NIP7
Reactome	Major pathway of rRNA processing in the nucleolus and cytosol	3.25808260615227	2.16571428571429e-09	10436	EMG1
Reactome	Major pathway of rRNA processing in the nucleolus and cytosol	3.25808260615227	2.16571428571429e-09	8602	NOP14
Reactome	Major pathway of rRNA processing in the nucleolus and cytosol	3.25808260615227	2.16571428571429e-09	23517	MTREX
Reactome	Major pathway of rRNA processing in the nucleolus and cytosol	3.25808260615227	2.16571428571429e-09	25873	RPL36
Reactome	Major pathway of rRNA processing in the nucleolus and cytosol	3.25808260615227	2.16571428571429e-09	57050	UTP3
Reactome	Major pathway of rRNA processing in the nucleolus and cytosol	3.25808260615227	2.16571428571429e-09	23016	EXOSC7
Reactome	Major pathway of rRNA processing in the nucleolus and cytosol	3.25808260615227	2.16571428571429e-09	26354	GNL3
Reactome	Major pathway of rRNA processing in the nucleolus and cytosol	3.25808260615227	2.16571428571429e-09	11224	RPL35
Reactome	Major pathway of rRNA processing in the nucleolus and cytosol	3.25808260615227	2.16571428571429e-09	79897	RPP21
Reactome	Major pathway of rRNA processing in the nucleolus and cytosol	3.25808260615227	2.16571428571429e-09	2091	FBL
Reactome	Major pathway of rRNA processing in the nucleolus and cytosol	3.25808260615227	2.16571428571429e-09	6230	RPS25
Reactome	rRNA processing in the nucleus and cytosol	3.2430689180746	2.16571428571429e-09	6129	RPL7
Reactome	rRNA processing in the nucleus and cytosol	3.2430689180746	2.16571428571429e-09	6233	RPS27A
Reactome	rRNA processing in the nucleus and cytosol	3.2430689180746	2.16571428571429e-09	6231	RPS26
Reactome	rRNA processing in the nucleus and cytosol	3.2430689180746	2.16571428571429e-09	6206	RPS12
Reactome	rRNA processing in the nucleus and cytosol	3.2430689180746	2.16571428571429e-09	6144	RPL21
Reactome	rRNA processing in the nucleus and cytosol	3.2430689180746	2.16571428571429e-09	6160	RPL31
Reactome	rRNA processing in the nucleus and cytosol	3.2430689180746	2.16571428571429e-09	6227	RPS21
Reactome	rRNA processing in the nucleus and cytosol	3.2430689180746	2.16571428571429e-09	6168	RPL37A
Reactome	rRNA processing in the nucleus and cytosol	3.2430689180746	2.16571428571429e-09	6176	RPLP1
Reactome	rRNA processing in the nucleus and cytosol	3.2430689180746	2.16571428571429e-09	6222	RPS18
Reactome	rRNA processing in the nucleus and cytosol	3.2430689180746	2.16571428571429e-09	6133	RPL9
Reactome	rRNA processing in the nucleus and cytosol	3.2430689180746	2.16571428571429e-09	6208	RPS14
Reactome	rRNA processing in the nucleus and cytosol	3.2430689180746	2.16571428571429e-09	6134	RPL10
Reactome	rRNA processing in the nucleus and cytosol	3.2430689180746	2.16571428571429e-09	54881	TEX10
Reactome	rRNA processing in the nucleus and cytosol	3.2430689180746	2.16571428571429e-09	6164	RPL34
Reactome	rRNA processing in the nucleus and cytosol	3.2430689180746	2.16571428571429e-09	6203	RPS9
Reactome	rRNA processing in the nucleus and cytosol	3.2430689180746	2.16571428571429e-09	6217	RPS16
Reactome	rRNA processing in the nucleus and cytosol	3.2430689180746	2.16571428571429e-09	200916	RPL22L1
Reactome	rRNA processing in the nucleus and cytosol	3.2430689180746	2.16571428571429e-09	6223	RPS19
Reactome	rRNA processing in the nucleus and cytosol	3.2430689180746	2.16571428571429e-09	6173	RPL36A
Reactome	rRNA processing in the nucleus and cytosol	3.2430689180746	2.16571428571429e-09	10969	EBNA1BP2
Reactome	rRNA processing in the nucleus and cytosol	3.2430689180746	2.16571428571429e-09	6207	RPS13
Reactome	rRNA processing in the nucleus and cytosol	3.2430689180746	2.16571428571429e-09	6139	RPL17
Reactome	rRNA processing in the nucleus and cytosol	3.2430689180746	2.16571428571429e-09	6146	RPL22
Reactome	rRNA processing in the nucleus and cytosol	3.2430689180746	2.16571428571429e-09	9349	RPL23
Reactome	rRNA processing in the nucleus and cytosol	3.2430689180746	2.16571428571429e-09	10528	NOP56
Reactome	rRNA processing in the nucleus and cytosol	3.2430689180746	2.16571428571429e-09	65083	NOL6
Reactome	rRNA processing in the nucleus and cytosol	3.2430689180746	2.16571428571429e-09	6175	RPLP0
Reactome	rRNA processing in the nucleus and cytosol	3.2430689180746	2.16571428571429e-09	6189	RPS3A
Reactome	rRNA processing in the nucleus and cytosol	3.2430689180746	2.16571428571429e-09	6193	RPS5
Reactome	rRNA processing in the nucleus and cytosol	3.2430689180746	2.16571428571429e-09	3921	RPSA
Reactome	rRNA processing in the nucleus and cytosol	3.2430689180746	2.16571428571429e-09	6201	RPS7
Reactome	rRNA processing in the nucleus and cytosol	3.2430689180746	2.16571428571429e-09	57647	DHX37
Reactome	rRNA processing in the nucleus and cytosol	3.2430689180746	2.16571428571429e-09	22803	XRN2
Reactome	rRNA processing in the nucleus and cytosol	3.2430689180746	2.16571428571429e-09	4736	RPL10A
Reactome	rRNA processing in the nucleus and cytosol	3.2430689180746	2.16571428571429e-09	6209	RPS15
Reactome	rRNA processing in the nucleus and cytosol	3.2430689180746	2.16571428571429e-09	10885	WDR3
Reactome	rRNA processing in the nucleus and cytosol	3.2430689180746	2.16571428571429e-09	6228	RPS23
Reactome	rRNA processing in the nucleus and cytosol	3.2430689180746	2.16571428571429e-09	6181	RPLP2
Reactome	rRNA processing in the nucleus and cytosol	3.2430689180746	2.16571428571429e-09	6156	RPL30
Reactome	rRNA processing in the nucleus and cytosol	3.2430689180746	2.16571428571429e-09	51065	RPS27L
Reactome	rRNA processing in the nucleus and cytosol	3.2430689180746	2.16571428571429e-09	6218	RPS17
Reactome	rRNA processing in the nucleus and cytosol	3.2430689180746	2.16571428571429e-09	27340	UTP20
Reactome	rRNA processing in the nucleus and cytosol	3.2430689180746	2.16571428571429e-09	22984	PDCD11
Reactome	rRNA processing in the nucleus and cytosol	3.2430689180746	2.16571428571429e-09	6234	RPS28
Reactome	rRNA processing in the nucleus and cytosol	3.2430689180746	2.16571428571429e-09	6170	RPL39
Reactome	rRNA processing in the nucleus and cytosol	3.2430689180746	2.16571428571429e-09	92856	IMP4
Reactome	rRNA processing in the nucleus and cytosol	3.2430689180746	2.16571428571429e-09	6142	RPL18A
Reactome	rRNA processing in the nucleus and cytosol	3.2430689180746	2.16571428571429e-09	4809	SNU13
Reactome	rRNA processing in the nucleus and cytosol	3.2430689180746	2.16571428571429e-09	6138	RPL15
Reactome	rRNA processing in the nucleus and cytosol	3.2430689180746	2.16571428571429e-09	9045	RPL14
Reactome	rRNA processing in the nucleus and cytosol	3.2430689180746	2.16571428571429e-09	6188	RPS3
Reactome	rRNA processing in the nucleus and cytosol	3.2430689180746	2.16571428571429e-09	55720	TSR1
Reactome	rRNA processing in the nucleus and cytosol	3.2430689180746	2.16571428571429e-09	6154	RPL26
Reactome	rRNA processing in the nucleus and cytosol	3.2430689180746	2.16571428571429e-09	9277	WDR46
Reactome	rRNA processing in the nucleus and cytosol	3.2430689180746	2.16571428571429e-09	6210	RPS15A
Reactome	rRNA processing in the nucleus and cytosol	3.2430689180746	2.16571428571429e-09	6224	RPS20
Reactome	rRNA processing in the nucleus and cytosol	3.2430689180746	2.16571428571429e-09	4691	NCL
Reactome	rRNA processing in the nucleus and cytosol	3.2430689180746	2.16571428571429e-09	51010	EXOSC3
Reactome	rRNA processing in the nucleus and cytosol	3.2430689180746	2.16571428571429e-09	84916	UTP4
Reactome	rRNA processing in the nucleus and cytosol	3.2430689180746	2.16571428571429e-09	23246	BOP1
Reactome	rRNA processing in the nucleus and cytosol	3.2430689180746	2.16571428571429e-09	51118	UTP11
Reactome	rRNA processing in the nucleus and cytosol	3.2430689180746	2.16571428571429e-09	9136	RRP9
Reactome	rRNA processing in the nucleus and cytosol	3.2430689180746	2.16571428571429e-09	23404	EXOSC2
Reactome	rRNA processing in the nucleus and cytosol	3.2430689180746	2.16571428571429e-09	79707	NOL9
Reactome	rRNA processing in the nucleus and cytosol	3.2430689180746	2.16571428571429e-09	6135	RPL11
Reactome	rRNA processing in the nucleus and cytosol	3.2430689180746	2.16571428571429e-09	6229	RPS24
Reactome	rRNA processing in the nucleus and cytosol	3.2430689180746	2.16571428571429e-09	1736	DKC1
Reactome	rRNA processing in the nucleus and cytosol	3.2430689180746	2.16571428571429e-09	6159	RPL29
Reactome	rRNA processing in the nucleus and cytosol	3.2430689180746	2.16571428571429e-09	6235	RPS29
Reactome	rRNA processing in the nucleus and cytosol	3.2430689180746	2.16571428571429e-09	56915	EXOSC5
Reactome	rRNA processing in the nucleus and cytosol	3.2430689180746	2.16571428571429e-09	6161	RPL32
Reactome	rRNA processing in the nucleus and cytosol	3.2430689180746	2.16571428571429e-09	6128	RPL6
Reactome	rRNA processing in the nucleus and cytosol	3.2430689180746	2.16571428571429e-09	6165	RPL35A
Reactome	rRNA processing in the nucleus and cytosol	3.2430689180746	2.16571428571429e-09	6141	RPL18
Reactome	rRNA processing in the nucleus and cytosol	3.2430689180746	2.16571428571429e-09	54555	DDX49
Reactome	rRNA processing in the nucleus and cytosol	3.2430689180746	2.16571428571429e-09	6122	RPL3
Reactome	rRNA processing in the nucleus and cytosol	3.2430689180746	2.16571428571429e-09	55651	NHP2
Reactome	rRNA processing in the nucleus and cytosol	3.2430689180746	2.16571428571429e-09	9188	DDX21
Reactome	rRNA processing in the nucleus and cytosol	3.2430689180746	2.16571428571429e-09	134430	WDR36
Reactome	rRNA processing in the nucleus and cytosol	3.2430689180746	2.16571428571429e-09	25879	DCAF13
Reactome	rRNA processing in the nucleus and cytosol	3.2430689180746	2.16571428571429e-09	55813	UTP6
Reactome	rRNA processing in the nucleus and cytosol	3.2430689180746	2.16571428571429e-09	54433	GAR1
Reactome	rRNA processing in the nucleus and cytosol	3.2430689180746	2.16571428571429e-09	6157	RPL27A
Reactome	rRNA processing in the nucleus and cytosol	3.2430689180746	2.16571428571429e-09	55127	HEATR1
Reactome	rRNA processing in the nucleus and cytosol	3.2430689180746	2.16571428571429e-09	55272	IMP3
Reactome	rRNA processing in the nucleus and cytosol	3.2430689180746	2.16571428571429e-09	6155	RPL27
Reactome	rRNA processing in the nucleus and cytosol	3.2430689180746	2.16571428571429e-09	7311	UBA52
Reactome	rRNA processing in the nucleus and cytosol	3.2430689180746	2.16571428571429e-09	27341	RRP7A
Reactome	rRNA processing in the nucleus and cytosol	3.2430689180746	2.16571428571429e-09	10813	UTP14A
Reactome	rRNA processing in the nucleus and cytosol	3.2430689180746	2.16571428571429e-09	6166	RPL36AL
Reactome	rRNA processing in the nucleus and cytosol	3.2430689180746	2.16571428571429e-09	2197	FAU
Reactome	rRNA processing in the nucleus and cytosol	3.2430689180746	2.16571428571429e-09	6125	RPL5
Reactome	rRNA processing in the nucleus and cytosol	3.2430689180746	2.16571428571429e-09	6130	RPL7A
Reactome	rRNA processing in the nucleus and cytosol	3.2430689180746	2.16571428571429e-09	56902	PNO1
Reactome	rRNA processing in the nucleus and cytosol	3.2430689180746	2.16571428571429e-09	23481	PES1
Reactome	rRNA processing in the nucleus and cytosol	3.2430689180746	2.16571428571429e-09	55759	WDR12
Reactome	rRNA processing in the nucleus and cytosol	3.2430689180746	2.16571428571429e-09	51388	NIP7
Reactome	rRNA processing in the nucleus and cytosol	3.2430689180746	2.16571428571429e-09	10436	EMG1
Reactome	rRNA processing in the nucleus and cytosol	3.2430689180746	2.16571428571429e-09	51504	TRMT112
Reactome	rRNA processing in the nucleus and cytosol	3.2430689180746	2.16571428571429e-09	8602	NOP14
Reactome	rRNA processing in the nucleus and cytosol	3.2430689180746	2.16571428571429e-09	23517	MTREX
Reactome	rRNA processing in the nucleus and cytosol	3.2430689180746	2.16571428571429e-09	25873	RPL36
Reactome	rRNA processing in the nucleus and cytosol	3.2430689180746	2.16571428571429e-09	57050	UTP3
Reactome	rRNA processing in the nucleus and cytosol	3.2430689180746	2.16571428571429e-09	23016	EXOSC7
Reactome	rRNA processing in the nucleus and cytosol	3.2430689180746	2.16571428571429e-09	26354	GNL3
Reactome	rRNA processing in the nucleus and cytosol	3.2430689180746	2.16571428571429e-09	11224	RPL35
Reactome	rRNA processing in the nucleus and cytosol	3.2430689180746	2.16571428571429e-09	79897	RPP21
Reactome	rRNA processing in the nucleus and cytosol	3.2430689180746	2.16571428571429e-09	2091	FBL
Reactome	rRNA processing in the nucleus and cytosol	3.2430689180746	2.16571428571429e-09	6230	RPS25
Reactome	rRNA processing in the nucleus and cytosol	3.2430689180746	2.16571428571429e-09	55505	NOP10
Reactome	rRNA processing in the nucleus and cytosol	3.2430689180746	2.16571428571429e-09	6132	RPL8
Reactome	rRNA processing in the nucleus and cytosol	3.2430689180746	2.16571428571429e-09	84128	WDR75
Reactome	rRNA processing in the nucleus and cytosol	3.2430689180746	2.16571428571429e-09	51602	NOP58
Reactome	L13a-mediated translational silencing of Ceruloplasmin expression	3.22448125048873	2.16571428571429e-09	6129	RPL7
Reactome	L13a-mediated translational silencing of Ceruloplasmin expression	3.22448125048873	2.16571428571429e-09	6233	RPS27A
Reactome	L13a-mediated translational silencing of Ceruloplasmin expression	3.22448125048873	2.16571428571429e-09	6231	RPS26
Reactome	L13a-mediated translational silencing of Ceruloplasmin expression	3.22448125048873	2.16571428571429e-09	6206	RPS12
Reactome	L13a-mediated translational silencing of Ceruloplasmin expression	3.22448125048873	2.16571428571429e-09	6144	RPL21
Reactome	L13a-mediated translational silencing of Ceruloplasmin expression	3.22448125048873	2.16571428571429e-09	6160	RPL31
Reactome	L13a-mediated translational silencing of Ceruloplasmin expression	3.22448125048873	2.16571428571429e-09	6227	RPS21
Reactome	L13a-mediated translational silencing of Ceruloplasmin expression	3.22448125048873	2.16571428571429e-09	6168	RPL37A
Reactome	L13a-mediated translational silencing of Ceruloplasmin expression	3.22448125048873	2.16571428571429e-09	6176	RPLP1
Reactome	L13a-mediated translational silencing of Ceruloplasmin expression	3.22448125048873	2.16571428571429e-09	6222	RPS18
Reactome	L13a-mediated translational silencing of Ceruloplasmin expression	3.22448125048873	2.16571428571429e-09	6133	RPL9
Reactome	L13a-mediated translational silencing of Ceruloplasmin expression	3.22448125048873	2.16571428571429e-09	6208	RPS14
Reactome	L13a-mediated translational silencing of Ceruloplasmin expression	3.22448125048873	2.16571428571429e-09	6134	RPL10
Reactome	L13a-mediated translational silencing of Ceruloplasmin expression	3.22448125048873	2.16571428571429e-09	6164	RPL34
Reactome	L13a-mediated translational silencing of Ceruloplasmin expression	3.22448125048873	2.16571428571429e-09	6203	RPS9
Reactome	L13a-mediated translational silencing of Ceruloplasmin expression	3.22448125048873	2.16571428571429e-09	6217	RPS16
Reactome	L13a-mediated translational silencing of Ceruloplasmin expression	3.22448125048873	2.16571428571429e-09	200916	RPL22L1
Reactome	L13a-mediated translational silencing of Ceruloplasmin expression	3.22448125048873	2.16571428571429e-09	6223	RPS19
Reactome	L13a-mediated translational silencing of Ceruloplasmin expression	3.22448125048873	2.16571428571429e-09	6173	RPL36A
Reactome	L13a-mediated translational silencing of Ceruloplasmin expression	3.22448125048873	2.16571428571429e-09	6207	RPS13
Reactome	L13a-mediated translational silencing of Ceruloplasmin expression	3.22448125048873	2.16571428571429e-09	6139	RPL17
Reactome	L13a-mediated translational silencing of Ceruloplasmin expression	3.22448125048873	2.16571428571429e-09	6146	RPL22
Reactome	L13a-mediated translational silencing of Ceruloplasmin expression	3.22448125048873	2.16571428571429e-09	9349	RPL23
Reactome	L13a-mediated translational silencing of Ceruloplasmin expression	3.22448125048873	2.16571428571429e-09	6175	RPLP0
Reactome	L13a-mediated translational silencing of Ceruloplasmin expression	3.22448125048873	2.16571428571429e-09	6189	RPS3A
Reactome	L13a-mediated translational silencing of Ceruloplasmin expression	3.22448125048873	2.16571428571429e-09	6193	RPS5
Reactome	L13a-mediated translational silencing of Ceruloplasmin expression	3.22448125048873	2.16571428571429e-09	3921	RPSA
Reactome	L13a-mediated translational silencing of Ceruloplasmin expression	3.22448125048873	2.16571428571429e-09	6201	RPS7
Reactome	L13a-mediated translational silencing of Ceruloplasmin expression	3.22448125048873	2.16571428571429e-09	4736	RPL10A
Reactome	L13a-mediated translational silencing of Ceruloplasmin expression	3.22448125048873	2.16571428571429e-09	6209	RPS15
Reactome	L13a-mediated translational silencing of Ceruloplasmin expression	3.22448125048873	2.16571428571429e-09	6228	RPS23
Reactome	L13a-mediated translational silencing of Ceruloplasmin expression	3.22448125048873	2.16571428571429e-09	6181	RPLP2
Reactome	L13a-mediated translational silencing of Ceruloplasmin expression	3.22448125048873	2.16571428571429e-09	6156	RPL30
Reactome	L13a-mediated translational silencing of Ceruloplasmin expression	3.22448125048873	2.16571428571429e-09	51065	RPS27L
Reactome	L13a-mediated translational silencing of Ceruloplasmin expression	3.22448125048873	2.16571428571429e-09	6218	RPS17
Reactome	L13a-mediated translational silencing of Ceruloplasmin expression	3.22448125048873	2.16571428571429e-09	6234	RPS28
Reactome	L13a-mediated translational silencing of Ceruloplasmin expression	3.22448125048873	2.16571428571429e-09	6170	RPL39
Reactome	L13a-mediated translational silencing of Ceruloplasmin expression	3.22448125048873	2.16571428571429e-09	6142	RPL18A
Reactome	L13a-mediated translational silencing of Ceruloplasmin expression	3.22448125048873	2.16571428571429e-09	6138	RPL15
Reactome	L13a-mediated translational silencing of Ceruloplasmin expression	3.22448125048873	2.16571428571429e-09	9045	RPL14
Reactome	L13a-mediated translational silencing of Ceruloplasmin expression	3.22448125048873	2.16571428571429e-09	6188	RPS3
Reactome	L13a-mediated translational silencing of Ceruloplasmin expression	3.22448125048873	2.16571428571429e-09	6154	RPL26
Reactome	L13a-mediated translational silencing of Ceruloplasmin expression	3.22448125048873	2.16571428571429e-09	6210	RPS15A
Reactome	L13a-mediated translational silencing of Ceruloplasmin expression	3.22448125048873	2.16571428571429e-09	6224	RPS20
Reactome	L13a-mediated translational silencing of Ceruloplasmin expression	3.22448125048873	2.16571428571429e-09	8663	EIF3C
Reactome	L13a-mediated translational silencing of Ceruloplasmin expression	3.22448125048873	2.16571428571429e-09	1973	EIF4A1
Reactome	L13a-mediated translational silencing of Ceruloplasmin expression	3.22448125048873	2.16571428571429e-09	8894	EIF2S2
Reactome	L13a-mediated translational silencing of Ceruloplasmin expression	3.22448125048873	2.16571428571429e-09	10480	EIF3M
Reactome	L13a-mediated translational silencing of Ceruloplasmin expression	3.22448125048873	2.16571428571429e-09	6135	RPL11
Reactome	L13a-mediated translational silencing of Ceruloplasmin expression	3.22448125048873	2.16571428571429e-09	6229	RPS24
Reactome	L13a-mediated translational silencing of Ceruloplasmin expression	3.22448125048873	2.16571428571429e-09	6159	RPL29
Reactome	L13a-mediated translational silencing of Ceruloplasmin expression	3.22448125048873	2.16571428571429e-09	6235	RPS29
Reactome	L13a-mediated translational silencing of Ceruloplasmin expression	3.22448125048873	2.16571428571429e-09	6161	RPL32
Reactome	L13a-mediated translational silencing of Ceruloplasmin expression	3.22448125048873	2.16571428571429e-09	6128	RPL6
Reactome	L13a-mediated translational silencing of Ceruloplasmin expression	3.22448125048873	2.16571428571429e-09	6165	RPL35A
Reactome	L13a-mediated translational silencing of Ceruloplasmin expression	3.22448125048873	2.16571428571429e-09	6141	RPL18
Reactome	L13a-mediated translational silencing of Ceruloplasmin expression	3.22448125048873	2.16571428571429e-09	6122	RPL3
Reactome	L13a-mediated translational silencing of Ceruloplasmin expression	3.22448125048873	2.16571428571429e-09	26986	PABPC1
Reactome	L13a-mediated translational silencing of Ceruloplasmin expression	3.22448125048873	2.16571428571429e-09	6157	RPL27A
Reactome	L13a-mediated translational silencing of Ceruloplasmin expression	3.22448125048873	2.16571428571429e-09	1977	EIF4E
Reactome	L13a-mediated translational silencing of Ceruloplasmin expression	3.22448125048873	2.16571428571429e-09	6155	RPL27
Reactome	L13a-mediated translational silencing of Ceruloplasmin expression	3.22448125048873	2.16571428571429e-09	7311	UBA52
Reactome	L13a-mediated translational silencing of Ceruloplasmin expression	3.22448125048873	2.16571428571429e-09	6166	RPL36AL
Reactome	L13a-mediated translational silencing of Ceruloplasmin expression	3.22448125048873	2.16571428571429e-09	2197	FAU
Reactome	L13a-mediated translational silencing of Ceruloplasmin expression	3.22448125048873	2.16571428571429e-09	6125	RPL5
Reactome	L13a-mediated translational silencing of Ceruloplasmin expression	3.22448125048873	2.16571428571429e-09	6130	RPL7A
Reactome	Eukaryotic Translation Elongation	3.22242652602104	2.16571428571429e-09	6129	RPL7
Reactome	Eukaryotic Translation Elongation	3.22242652602104	2.16571428571429e-09	6233	RPS27A
Reactome	Eukaryotic Translation Elongation	3.22242652602104	2.16571428571429e-09	6231	RPS26
Reactome	Eukaryotic Translation Elongation	3.22242652602104	2.16571428571429e-09	6206	RPS12
Reactome	Eukaryotic Translation Elongation	3.22242652602104	2.16571428571429e-09	6144	RPL21
Reactome	Eukaryotic Translation Elongation	3.22242652602104	2.16571428571429e-09	6160	RPL31
Reactome	Eukaryotic Translation Elongation	3.22242652602104	2.16571428571429e-09	6227	RPS21
Reactome	Eukaryotic Translation Elongation	3.22242652602104	2.16571428571429e-09	6168	RPL37A
Reactome	Eukaryotic Translation Elongation	3.22242652602104	2.16571428571429e-09	6176	RPLP1
Reactome	Eukaryotic Translation Elongation	3.22242652602104	2.16571428571429e-09	6222	RPS18
Reactome	Eukaryotic Translation Elongation	3.22242652602104	2.16571428571429e-09	6133	RPL9
Reactome	Eukaryotic Translation Elongation	3.22242652602104	2.16571428571429e-09	6208	RPS14
Reactome	Eukaryotic Translation Elongation	3.22242652602104	2.16571428571429e-09	6134	RPL10
Reactome	Eukaryotic Translation Elongation	3.22242652602104	2.16571428571429e-09	6164	RPL34
Reactome	Eukaryotic Translation Elongation	3.22242652602104	2.16571428571429e-09	6203	RPS9
Reactome	Eukaryotic Translation Elongation	3.22242652602104	2.16571428571429e-09	6217	RPS16
Reactome	Eukaryotic Translation Elongation	3.22242652602104	2.16571428571429e-09	200916	RPL22L1
Reactome	Eukaryotic Translation Elongation	3.22242652602104	2.16571428571429e-09	6223	RPS19
Reactome	Eukaryotic Translation Elongation	3.22242652602104	2.16571428571429e-09	6173	RPL36A
Reactome	Eukaryotic Translation Elongation	3.22242652602104	2.16571428571429e-09	6207	RPS13
Reactome	Eukaryotic Translation Elongation	3.22242652602104	2.16571428571429e-09	6139	RPL17
Reactome	Eukaryotic Translation Elongation	3.22242652602104	2.16571428571429e-09	6146	RPL22
Reactome	Eukaryotic Translation Elongation	3.22242652602104	2.16571428571429e-09	9349	RPL23
Reactome	Eukaryotic Translation Elongation	3.22242652602104	2.16571428571429e-09	6175	RPLP0
Reactome	Eukaryotic Translation Elongation	3.22242652602104	2.16571428571429e-09	6189	RPS3A
Reactome	Eukaryotic Translation Elongation	3.22242652602104	2.16571428571429e-09	6193	RPS5
Reactome	Eukaryotic Translation Elongation	3.22242652602104	2.16571428571429e-09	3921	RPSA
Reactome	Eukaryotic Translation Elongation	3.22242652602104	2.16571428571429e-09	6201	RPS7
Reactome	Eukaryotic Translation Elongation	3.22242652602104	2.16571428571429e-09	4736	RPL10A
Reactome	Eukaryotic Translation Elongation	3.22242652602104	2.16571428571429e-09	6209	RPS15
Reactome	Eukaryotic Translation Elongation	3.22242652602104	2.16571428571429e-09	6228	RPS23
Reactome	Eukaryotic Translation Elongation	3.22242652602104	2.16571428571429e-09	6181	RPLP2
Reactome	Eukaryotic Translation Elongation	3.22242652602104	2.16571428571429e-09	6156	RPL30
Reactome	Eukaryotic Translation Elongation	3.22242652602104	2.16571428571429e-09	51065	RPS27L
Reactome	Eukaryotic Translation Elongation	3.22242652602104	2.16571428571429e-09	6218	RPS17
Reactome	Eukaryotic Translation Elongation	3.22242652602104	2.16571428571429e-09	6234	RPS28
Reactome	Eukaryotic Translation Elongation	3.22242652602104	2.16571428571429e-09	6170	RPL39
Reactome	Eukaryotic Translation Elongation	3.22242652602104	2.16571428571429e-09	6142	RPL18A
Reactome	Eukaryotic Translation Elongation	3.22242652602104	2.16571428571429e-09	6138	RPL15
Reactome	Eukaryotic Translation Elongation	3.22242652602104	2.16571428571429e-09	9045	RPL14
Reactome	Eukaryotic Translation Elongation	3.22242652602104	2.16571428571429e-09	6188	RPS3
Reactome	Eukaryotic Translation Elongation	3.22242652602104	2.16571428571429e-09	6154	RPL26
Reactome	Eukaryotic Translation Elongation	3.22242652602104	2.16571428571429e-09	1933	EEF1B2
Reactome	Eukaryotic Translation Elongation	3.22242652602104	2.16571428571429e-09	6210	RPS15A
Reactome	Eukaryotic Translation Elongation	3.22242652602104	2.16571428571429e-09	6224	RPS20
Reactome	Eukaryotic Translation Elongation	3.22242652602104	2.16571428571429e-09	1936	EEF1D
Reactome	Eukaryotic Translation Elongation	3.22242652602104	2.16571428571429e-09	6135	RPL11
Reactome	Eukaryotic Translation Elongation	3.22242652602104	2.16571428571429e-09	6229	RPS24
Reactome	Eukaryotic Translation Elongation	3.22242652602104	2.16571428571429e-09	6159	RPL29
Reactome	Eukaryotic Translation Elongation	3.22242652602104	2.16571428571429e-09	6235	RPS29
Reactome	Eukaryotic Translation Elongation	3.22242652602104	2.16571428571429e-09	6161	RPL32
Reactome	Eukaryotic Translation Elongation	3.22242652602104	2.16571428571429e-09	6128	RPL6
Reactome	Eukaryotic Translation Elongation	3.22242652602104	2.16571428571429e-09	6165	RPL35A
Reactome	Eukaryotic Translation Elongation	3.22242652602104	2.16571428571429e-09	6141	RPL18
Reactome	Eukaryotic Translation Elongation	3.22242652602104	2.16571428571429e-09	6122	RPL3
Reactome	Eukaryotic Translation Elongation	3.22242652602104	2.16571428571429e-09	6157	RPL27A
Reactome	Eukaryotic Translation Elongation	3.22242652602104	2.16571428571429e-09	6155	RPL27
Reactome	Eukaryotic Translation Elongation	3.22242652602104	2.16571428571429e-09	7311	UBA52
Reactome	Eukaryotic Translation Elongation	3.22242652602104	2.16571428571429e-09	6166	RPL36AL
Reactome	Eukaryotic Translation Elongation	3.22242652602104	2.16571428571429e-09	2197	FAU
Reactome	Eukaryotic Translation Elongation	3.22242652602104	2.16571428571429e-09	6125	RPL5
Reactome	Eukaryotic Translation Elongation	3.22242652602104	2.16571428571429e-09	6130	RPL7A
Reactome	Eukaryotic Translation Termination	3.218723366456	2.16571428571429e-09	6129	RPL7
Reactome	Eukaryotic Translation Termination	3.218723366456	2.16571428571429e-09	6233	RPS27A
Reactome	Eukaryotic Translation Termination	3.218723366456	2.16571428571429e-09	6231	RPS26
Reactome	Eukaryotic Translation Termination	3.218723366456	2.16571428571429e-09	6206	RPS12
Reactome	Eukaryotic Translation Termination	3.218723366456	2.16571428571429e-09	6144	RPL21
Reactome	Eukaryotic Translation Termination	3.218723366456	2.16571428571429e-09	6160	RPL31
Reactome	Eukaryotic Translation Termination	3.218723366456	2.16571428571429e-09	6227	RPS21
Reactome	Eukaryotic Translation Termination	3.218723366456	2.16571428571429e-09	6168	RPL37A
Reactome	Eukaryotic Translation Termination	3.218723366456	2.16571428571429e-09	6176	RPLP1
Reactome	Eukaryotic Translation Termination	3.218723366456	2.16571428571429e-09	6222	RPS18
Reactome	Eukaryotic Translation Termination	3.218723366456	2.16571428571429e-09	6133	RPL9
Reactome	Eukaryotic Translation Termination	3.218723366456	2.16571428571429e-09	6208	RPS14
Reactome	Eukaryotic Translation Termination	3.218723366456	2.16571428571429e-09	6134	RPL10
Reactome	Eukaryotic Translation Termination	3.218723366456	2.16571428571429e-09	6164	RPL34
Reactome	Eukaryotic Translation Termination	3.218723366456	2.16571428571429e-09	6203	RPS9
Reactome	Eukaryotic Translation Termination	3.218723366456	2.16571428571429e-09	6217	RPS16
Reactome	Eukaryotic Translation Termination	3.218723366456	2.16571428571429e-09	200916	RPL22L1
Reactome	Eukaryotic Translation Termination	3.218723366456	2.16571428571429e-09	6223	RPS19
Reactome	Eukaryotic Translation Termination	3.218723366456	2.16571428571429e-09	6173	RPL36A
Reactome	Eukaryotic Translation Termination	3.218723366456	2.16571428571429e-09	6207	RPS13
Reactome	Eukaryotic Translation Termination	3.218723366456	2.16571428571429e-09	6139	RPL17
Reactome	Eukaryotic Translation Termination	3.218723366456	2.16571428571429e-09	6146	RPL22
Reactome	Eukaryotic Translation Termination	3.218723366456	2.16571428571429e-09	9349	RPL23
Reactome	Eukaryotic Translation Termination	3.218723366456	2.16571428571429e-09	6175	RPLP0
Reactome	Eukaryotic Translation Termination	3.218723366456	2.16571428571429e-09	6189	RPS3A
Reactome	Eukaryotic Translation Termination	3.218723366456	2.16571428571429e-09	6193	RPS5
Reactome	Eukaryotic Translation Termination	3.218723366456	2.16571428571429e-09	3921	RPSA
Reactome	Eukaryotic Translation Termination	3.218723366456	2.16571428571429e-09	6201	RPS7
Reactome	Eukaryotic Translation Termination	3.218723366456	2.16571428571429e-09	4736	RPL10A
Reactome	Eukaryotic Translation Termination	3.218723366456	2.16571428571429e-09	6209	RPS15
Reactome	Eukaryotic Translation Termination	3.218723366456	2.16571428571429e-09	6228	RPS23
Reactome	Eukaryotic Translation Termination	3.218723366456	2.16571428571429e-09	6181	RPLP2
Reactome	Eukaryotic Translation Termination	3.218723366456	2.16571428571429e-09	6156	RPL30
Reactome	Eukaryotic Translation Termination	3.218723366456	2.16571428571429e-09	51065	RPS27L
Reactome	Eukaryotic Translation Termination	3.218723366456	2.16571428571429e-09	6218	RPS17
Reactome	Eukaryotic Translation Termination	3.218723366456	2.16571428571429e-09	6234	RPS28
Reactome	Eukaryotic Translation Termination	3.218723366456	2.16571428571429e-09	6170	RPL39
Reactome	Eukaryotic Translation Termination	3.218723366456	2.16571428571429e-09	6142	RPL18A
Reactome	Eukaryotic Translation Termination	3.218723366456	2.16571428571429e-09	2107	ETF1
Reactome	Eukaryotic Translation Termination	3.218723366456	2.16571428571429e-09	6138	RPL15
Reactome	Eukaryotic Translation Termination	3.218723366456	2.16571428571429e-09	9045	RPL14
Reactome	Eukaryotic Translation Termination	3.218723366456	2.16571428571429e-09	6188	RPS3
Reactome	Eukaryotic Translation Termination	3.218723366456	2.16571428571429e-09	6154	RPL26
Reactome	Eukaryotic Translation Termination	3.218723366456	2.16571428571429e-09	6210	RPS15A
Reactome	Eukaryotic Translation Termination	3.218723366456	2.16571428571429e-09	6224	RPS20
Reactome	Eukaryotic Translation Termination	3.218723366456	2.16571428571429e-09	6135	RPL11
Reactome	Eukaryotic Translation Termination	3.218723366456	2.16571428571429e-09	6229	RPS24
Reactome	Eukaryotic Translation Termination	3.218723366456	2.16571428571429e-09	6159	RPL29
Reactome	Eukaryotic Translation Termination	3.218723366456	2.16571428571429e-09	6235	RPS29
Reactome	Eukaryotic Translation Termination	3.218723366456	2.16571428571429e-09	6161	RPL32
Reactome	Eukaryotic Translation Termination	3.218723366456	2.16571428571429e-09	6128	RPL6
Reactome	Eukaryotic Translation Termination	3.218723366456	2.16571428571429e-09	6165	RPL35A
Reactome	Eukaryotic Translation Termination	3.218723366456	2.16571428571429e-09	6141	RPL18
Reactome	Eukaryotic Translation Termination	3.218723366456	2.16571428571429e-09	6122	RPL3
Reactome	Eukaryotic Translation Termination	3.218723366456	2.16571428571429e-09	6157	RPL27A
Reactome	Eukaryotic Translation Termination	3.218723366456	2.16571428571429e-09	6155	RPL27
Reactome	Eukaryotic Translation Termination	3.218723366456	2.16571428571429e-09	7311	UBA52
Reactome	Eukaryotic Translation Termination	3.218723366456	2.16571428571429e-09	6166	RPL36AL
Reactome	Eukaryotic Translation Termination	3.218723366456	2.16571428571429e-09	2197	FAU
Reactome	Eukaryotic Translation Termination	3.218723366456	2.16571428571429e-09	6125	RPL5
Reactome	Eukaryotic Translation Termination	3.218723366456	2.16571428571429e-09	6130	RPL7A
Reactome	Eukaryotic Translation Termination	3.218723366456	2.16571428571429e-09	51504	TRMT112
Reactome	Eukaryotic Translation Termination	3.218723366456	2.16571428571429e-09	25873	RPL36
Reactome	Eukaryotic Translation Termination	3.218723366456	2.16571428571429e-09	11224	RPL35
Reactome	Eukaryotic Translation Termination	3.218723366456	2.16571428571429e-09	6230	RPS25
Reactome	rRNA processing	3.21380962122428	2.16571428571429e-09	6129	RPL7
Reactome	rRNA processing	3.21380962122428	2.16571428571429e-09	6233	RPS27A
Reactome	rRNA processing	3.21380962122428	2.16571428571429e-09	6231	RPS26
Reactome	rRNA processing	3.21380962122428	2.16571428571429e-09	6206	RPS12
Reactome	rRNA processing	3.21380962122428	2.16571428571429e-09	6144	RPL21
Reactome	rRNA processing	3.21380962122428	2.16571428571429e-09	6160	RPL31
Reactome	rRNA processing	3.21380962122428	2.16571428571429e-09	6227	RPS21
Reactome	rRNA processing	3.21380962122428	2.16571428571429e-09	6168	RPL37A
Reactome	rRNA processing	3.21380962122428	2.16571428571429e-09	6176	RPLP1
Reactome	rRNA processing	3.21380962122428	2.16571428571429e-09	6222	RPS18
Reactome	rRNA processing	3.21380962122428	2.16571428571429e-09	6133	RPL9
Reactome	rRNA processing	3.21380962122428	2.16571428571429e-09	6208	RPS14
Reactome	rRNA processing	3.21380962122428	2.16571428571429e-09	6134	RPL10
Reactome	rRNA processing	3.21380962122428	2.16571428571429e-09	54881	TEX10
Reactome	rRNA processing	3.21380962122428	2.16571428571429e-09	6164	RPL34
Reactome	rRNA processing	3.21380962122428	2.16571428571429e-09	6203	RPS9
Reactome	rRNA processing	3.21380962122428	2.16571428571429e-09	6217	RPS16
Reactome	rRNA processing	3.21380962122428	2.16571428571429e-09	200916	RPL22L1
Reactome	rRNA processing	3.21380962122428	2.16571428571429e-09	6223	RPS19
Reactome	rRNA processing	3.21380962122428	2.16571428571429e-09	6173	RPL36A
Reactome	rRNA processing	3.21380962122428	2.16571428571429e-09	10969	EBNA1BP2
Reactome	rRNA processing	3.21380962122428	2.16571428571429e-09	6207	RPS13
Reactome	rRNA processing	3.21380962122428	2.16571428571429e-09	6139	RPL17
Reactome	rRNA processing	3.21380962122428	2.16571428571429e-09	6146	RPL22
Reactome	rRNA processing	3.21380962122428	2.16571428571429e-09	9349	RPL23
Reactome	rRNA processing	3.21380962122428	2.16571428571429e-09	10528	NOP56
Reactome	rRNA processing	3.21380962122428	2.16571428571429e-09	65083	NOL6
Reactome	rRNA processing	3.21380962122428	2.16571428571429e-09	6175	RPLP0
Reactome	rRNA processing	3.21380962122428	2.16571428571429e-09	6189	RPS3A
Reactome	rRNA processing	3.21380962122428	2.16571428571429e-09	6193	RPS5
Reactome	rRNA processing	3.21380962122428	2.16571428571429e-09	3921	RPSA
Reactome	rRNA processing	3.21380962122428	2.16571428571429e-09	6201	RPS7
Reactome	rRNA processing	3.21380962122428	2.16571428571429e-09	57647	DHX37
Reactome	rRNA processing	3.21380962122428	2.16571428571429e-09	22803	XRN2
Reactome	rRNA processing	3.21380962122428	2.16571428571429e-09	4736	RPL10A
Reactome	rRNA processing	3.21380962122428	2.16571428571429e-09	6209	RPS15
Reactome	rRNA processing	3.21380962122428	2.16571428571429e-09	10885	WDR3
Reactome	rRNA processing	3.21380962122428	2.16571428571429e-09	6228	RPS23
Reactome	rRNA processing	3.21380962122428	2.16571428571429e-09	6181	RPLP2
Reactome	rRNA processing	3.21380962122428	2.16571428571429e-09	6156	RPL30
Reactome	rRNA processing	3.21380962122428	2.16571428571429e-09	51065	RPS27L
Reactome	rRNA processing	3.21380962122428	2.16571428571429e-09	51335	NGRN
Reactome	rRNA processing	3.21380962122428	2.16571428571429e-09	6218	RPS17
Reactome	rRNA processing	3.21380962122428	2.16571428571429e-09	27340	UTP20
Reactome	rRNA processing	3.21380962122428	2.16571428571429e-09	22984	PDCD11
Reactome	rRNA processing	3.21380962122428	2.16571428571429e-09	6234	RPS28
Reactome	rRNA processing	3.21380962122428	2.16571428571429e-09	6170	RPL39
Reactome	rRNA processing	3.21380962122428	2.16571428571429e-09	92856	IMP4
Reactome	rRNA processing	3.21380962122428	2.16571428571429e-09	6142	RPL18A
Reactome	rRNA processing	3.21380962122428	2.16571428571429e-09	4809	SNU13
Reactome	rRNA processing	3.21380962122428	2.16571428571429e-09	6138	RPL15
Reactome	rRNA processing	3.21380962122428	2.16571428571429e-09	9045	RPL14
Reactome	rRNA processing	3.21380962122428	2.16571428571429e-09	6188	RPS3
Reactome	rRNA processing	3.21380962122428	2.16571428571429e-09	55720	TSR1
Reactome	rRNA processing	3.21380962122428	2.16571428571429e-09	6154	RPL26
Reactome	rRNA processing	3.21380962122428	2.16571428571429e-09	9277	WDR46
Reactome	rRNA processing	3.21380962122428	2.16571428571429e-09	6210	RPS15A
Reactome	rRNA processing	3.21380962122428	2.16571428571429e-09	6224	RPS20
Reactome	rRNA processing	3.21380962122428	2.16571428571429e-09	4691	NCL
Reactome	rRNA processing	3.21380962122428	2.16571428571429e-09	51010	EXOSC3
Reactome	rRNA processing	3.21380962122428	2.16571428571429e-09	84916	UTP4
Reactome	rRNA processing	3.21380962122428	2.16571428571429e-09	23246	BOP1
Reactome	rRNA processing	3.21380962122428	2.16571428571429e-09	51118	UTP11
Reactome	rRNA processing	3.21380962122428	2.16571428571429e-09	9136	RRP9
Reactome	rRNA processing	3.21380962122428	2.16571428571429e-09	23404	EXOSC2
Reactome	rRNA processing	3.21380962122428	2.16571428571429e-09	79707	NOL9
Reactome	rRNA processing	3.21380962122428	2.16571428571429e-09	6135	RPL11
Reactome	rRNA processing	3.21380962122428	2.16571428571429e-09	6229	RPS24
Reactome	rRNA processing	3.21380962122428	2.16571428571429e-09	1736	DKC1
Reactome	rRNA processing	3.21380962122428	2.16571428571429e-09	6159	RPL29
Reactome	rRNA processing	3.21380962122428	2.16571428571429e-09	6235	RPS29
Reactome	rRNA processing	3.21380962122428	2.16571428571429e-09	56915	EXOSC5
Reactome	rRNA processing	3.21380962122428	2.16571428571429e-09	6161	RPL32
Reactome	rRNA processing	3.21380962122428	2.16571428571429e-09	6128	RPL6
Reactome	rRNA processing	3.21380962122428	2.16571428571429e-09	6165	RPL35A
Reactome	rRNA processing	3.21380962122428	2.16571428571429e-09	6141	RPL18
Reactome	rRNA processing	3.21380962122428	2.16571428571429e-09	54555	DDX49
Reactome	rRNA processing	3.21380962122428	2.16571428571429e-09	6122	RPL3
Reactome	rRNA processing	3.21380962122428	2.16571428571429e-09	55651	NHP2
Reactome	rRNA processing	3.21380962122428	2.16571428571429e-09	9188	DDX21
Reactome	rRNA processing	3.21380962122428	2.16571428571429e-09	134430	WDR36
Reactome	rRNA processing	3.21380962122428	2.16571428571429e-09	54931	TRMT10C
Reactome	rRNA processing	3.21380962122428	2.16571428571429e-09	25879	DCAF13
Reactome	rRNA processing	3.21380962122428	2.16571428571429e-09	55813	UTP6
Reactome	rRNA processing	3.21380962122428	2.16571428571429e-09	54433	GAR1
Reactome	rRNA processing	3.21380962122428	2.16571428571429e-09	6157	RPL27A
Reactome	rRNA processing	3.21380962122428	2.16571428571429e-09	55127	HEATR1
Reactome	rRNA processing	3.21380962122428	2.16571428571429e-09	55272	IMP3
Reactome	rRNA processing	3.21380962122428	2.16571428571429e-09	6155	RPL27
Reactome	rRNA processing	3.21380962122428	2.16571428571429e-09	81554	RCC1L
Reactome	rRNA processing	3.21380962122428	2.16571428571429e-09	7311	UBA52
Reactome	rRNA processing	3.21380962122428	2.16571428571429e-09	27341	RRP7A
Reactome	rRNA processing	3.21380962122428	2.16571428571429e-09	10813	UTP14A
Reactome	rRNA processing	3.21380962122428	2.16571428571429e-09	84881	RPUSD4
Reactome	rRNA processing	3.21380962122428	2.16571428571429e-09	6166	RPL36AL
Reactome	rRNA processing	3.21380962122428	2.16571428571429e-09	2197	FAU
Reactome	rRNA processing	3.21380962122428	2.16571428571429e-09	6125	RPL5
Reactome	rRNA processing	3.21380962122428	2.16571428571429e-09	6130	RPL7A
Reactome	rRNA processing	3.21380962122428	2.16571428571429e-09	22868	FASTKD2
Reactome	rRNA processing	3.21380962122428	2.16571428571429e-09	56902	PNO1
Reactome	rRNA processing	3.21380962122428	2.16571428571429e-09	23481	PES1
Reactome	rRNA processing	3.21380962122428	2.16571428571429e-09	55759	WDR12
Reactome	rRNA processing	3.21380962122428	2.16571428571429e-09	51388	NIP7
Reactome	rRNA processing	3.21380962122428	2.16571428571429e-09	10436	EMG1
Reactome	rRNA processing	3.21380962122428	2.16571428571429e-09	51504	TRMT112
Reactome	rRNA processing	3.21380962122428	2.16571428571429e-09	8602	NOP14
Reactome	rRNA processing	3.21380962122428	2.16571428571429e-09	23517	MTREX
Reactome	rRNA processing	3.21380962122428	2.16571428571429e-09	25873	RPL36
Reactome	rRNA processing	3.21380962122428	2.16571428571429e-09	57050	UTP3
Reactome	rRNA processing	3.21380962122428	2.16571428571429e-09	23016	EXOSC7
Reactome	rRNA processing	3.21380962122428	2.16571428571429e-09	26354	GNL3
Reactome	rRNA processing	3.21380962122428	2.16571428571429e-09	11224	RPL35
Reactome	rRNA processing	3.21380962122428	2.16571428571429e-09	79897	RPP21
Reactome	rRNA processing	3.21380962122428	2.16571428571429e-09	2091	FBL
Reactome	rRNA processing	3.21380962122428	2.16571428571429e-09	6230	RPS25
Reactome	rRNA processing	3.21380962122428	2.16571428571429e-09	55505	NOP10
Reactome	rRNA processing	3.21380962122428	2.16571428571429e-09	6132	RPL8
Reactome	rRNA processing	3.21380962122428	2.16571428571429e-09	84128	WDR75
Reactome	rRNA processing	3.21380962122428	2.16571428571429e-09	51602	NOP58
Reactome	Eukaryotic Translation Initiation	3.21013386832312	2.16571428571429e-09	6129	RPL7
Reactome	Eukaryotic Translation Initiation	3.21013386832312	2.16571428571429e-09	6233	RPS27A
Reactome	Eukaryotic Translation Initiation	3.21013386832312	2.16571428571429e-09	6231	RPS26
Reactome	Eukaryotic Translation Initiation	3.21013386832312	2.16571428571429e-09	6206	RPS12
Reactome	Eukaryotic Translation Initiation	3.21013386832312	2.16571428571429e-09	6144	RPL21
Reactome	Eukaryotic Translation Initiation	3.21013386832312	2.16571428571429e-09	6160	RPL31
Reactome	Eukaryotic Translation Initiation	3.21013386832312	2.16571428571429e-09	6227	RPS21
Reactome	Eukaryotic Translation Initiation	3.21013386832312	2.16571428571429e-09	6168	RPL37A
Reactome	Eukaryotic Translation Initiation	3.21013386832312	2.16571428571429e-09	6176	RPLP1
Reactome	Eukaryotic Translation Initiation	3.21013386832312	2.16571428571429e-09	6222	RPS18
Reactome	Eukaryotic Translation Initiation	3.21013386832312	2.16571428571429e-09	6133	RPL9
Reactome	Eukaryotic Translation Initiation	3.21013386832312	2.16571428571429e-09	6208	RPS14
Reactome	Eukaryotic Translation Initiation	3.21013386832312	2.16571428571429e-09	6134	RPL10
Reactome	Eukaryotic Translation Initiation	3.21013386832312	2.16571428571429e-09	6164	RPL34
Reactome	Eukaryotic Translation Initiation	3.21013386832312	2.16571428571429e-09	6203	RPS9
Reactome	Eukaryotic Translation Initiation	3.21013386832312	2.16571428571429e-09	6217	RPS16
Reactome	Eukaryotic Translation Initiation	3.21013386832312	2.16571428571429e-09	200916	RPL22L1
Reactome	Eukaryotic Translation Initiation	3.21013386832312	2.16571428571429e-09	6223	RPS19
Reactome	Eukaryotic Translation Initiation	3.21013386832312	2.16571428571429e-09	6173	RPL36A
Reactome	Eukaryotic Translation Initiation	3.21013386832312	2.16571428571429e-09	6207	RPS13
Reactome	Eukaryotic Translation Initiation	3.21013386832312	2.16571428571429e-09	6139	RPL17
Reactome	Eukaryotic Translation Initiation	3.21013386832312	2.16571428571429e-09	6146	RPL22
Reactome	Eukaryotic Translation Initiation	3.21013386832312	2.16571428571429e-09	9349	RPL23
Reactome	Eukaryotic Translation Initiation	3.21013386832312	2.16571428571429e-09	6175	RPLP0
Reactome	Eukaryotic Translation Initiation	3.21013386832312	2.16571428571429e-09	6189	RPS3A
Reactome	Eukaryotic Translation Initiation	3.21013386832312	2.16571428571429e-09	6193	RPS5
Reactome	Eukaryotic Translation Initiation	3.21013386832312	2.16571428571429e-09	3921	RPSA
Reactome	Eukaryotic Translation Initiation	3.21013386832312	2.16571428571429e-09	6201	RPS7
Reactome	Eukaryotic Translation Initiation	3.21013386832312	2.16571428571429e-09	4736	RPL10A
Reactome	Eukaryotic Translation Initiation	3.21013386832312	2.16571428571429e-09	6209	RPS15
Reactome	Eukaryotic Translation Initiation	3.21013386832312	2.16571428571429e-09	6228	RPS23
Reactome	Eukaryotic Translation Initiation	3.21013386832312	2.16571428571429e-09	6181	RPLP2
Reactome	Eukaryotic Translation Initiation	3.21013386832312	2.16571428571429e-09	6156	RPL30
Reactome	Eukaryotic Translation Initiation	3.21013386832312	2.16571428571429e-09	51065	RPS27L
Reactome	Eukaryotic Translation Initiation	3.21013386832312	2.16571428571429e-09	6218	RPS17
Reactome	Eukaryotic Translation Initiation	3.21013386832312	2.16571428571429e-09	6234	RPS28
Reactome	Eukaryotic Translation Initiation	3.21013386832312	2.16571428571429e-09	6170	RPL39
Reactome	Eukaryotic Translation Initiation	3.21013386832312	2.16571428571429e-09	6142	RPL18A
Reactome	Eukaryotic Translation Initiation	3.21013386832312	2.16571428571429e-09	6138	RPL15
Reactome	Eukaryotic Translation Initiation	3.21013386832312	2.16571428571429e-09	9045	RPL14
Reactome	Eukaryotic Translation Initiation	3.21013386832312	2.16571428571429e-09	6188	RPS3
Reactome	Eukaryotic Translation Initiation	3.21013386832312	2.16571428571429e-09	6154	RPL26
Reactome	Eukaryotic Translation Initiation	3.21013386832312	2.16571428571429e-09	6210	RPS15A
Reactome	Eukaryotic Translation Initiation	3.21013386832312	2.16571428571429e-09	6224	RPS20
Reactome	Eukaryotic Translation Initiation	3.21013386832312	2.16571428571429e-09	8663	EIF3C
Reactome	Eukaryotic Translation Initiation	3.21013386832312	2.16571428571429e-09	1973	EIF4A1
Reactome	Eukaryotic Translation Initiation	3.21013386832312	2.16571428571429e-09	8894	EIF2S2
Reactome	Eukaryotic Translation Initiation	3.21013386832312	2.16571428571429e-09	10480	EIF3M
Reactome	Eukaryotic Translation Initiation	3.21013386832312	2.16571428571429e-09	6135	RPL11
Reactome	Eukaryotic Translation Initiation	3.21013386832312	2.16571428571429e-09	6229	RPS24
Reactome	Eukaryotic Translation Initiation	3.21013386832312	2.16571428571429e-09	6159	RPL29
Reactome	Eukaryotic Translation Initiation	3.21013386832312	2.16571428571429e-09	6235	RPS29
Reactome	Eukaryotic Translation Initiation	3.21013386832312	2.16571428571429e-09	6161	RPL32
Reactome	Eukaryotic Translation Initiation	3.21013386832312	2.16571428571429e-09	6128	RPL6
Reactome	Eukaryotic Translation Initiation	3.21013386832312	2.16571428571429e-09	6165	RPL35A
Reactome	Eukaryotic Translation Initiation	3.21013386832312	2.16571428571429e-09	6141	RPL18
Reactome	Eukaryotic Translation Initiation	3.21013386832312	2.16571428571429e-09	6122	RPL3
Reactome	Eukaryotic Translation Initiation	3.21013386832312	2.16571428571429e-09	26986	PABPC1
Reactome	Eukaryotic Translation Initiation	3.21013386832312	2.16571428571429e-09	6157	RPL27A
Reactome	Eukaryotic Translation Initiation	3.21013386832312	2.16571428571429e-09	1977	EIF4E
Reactome	Eukaryotic Translation Initiation	3.21013386832312	2.16571428571429e-09	8890	EIF2B4
Reactome	Eukaryotic Translation Initiation	3.21013386832312	2.16571428571429e-09	6155	RPL27
Reactome	Eukaryotic Translation Initiation	3.21013386832312	2.16571428571429e-09	7311	UBA52
Reactome	Eukaryotic Translation Initiation	3.21013386832312	2.16571428571429e-09	1978	EIF4EBP1
Reactome	Eukaryotic Translation Initiation	3.21013386832312	2.16571428571429e-09	6166	RPL36AL
Reactome	Eukaryotic Translation Initiation	3.21013386832312	2.16571428571429e-09	2197	FAU
Reactome	Eukaryotic Translation Initiation	3.21013386832312	2.16571428571429e-09	6125	RPL5
Reactome	Eukaryotic Translation Initiation	3.21013386832312	2.16571428571429e-09	6130	RPL7A
Reactome	Cap-dependent Translation Initiation	3.21013386832312	2.16571428571429e-09	6129	RPL7
Reactome	Cap-dependent Translation Initiation	3.21013386832312	2.16571428571429e-09	6233	RPS27A
Reactome	Cap-dependent Translation Initiation	3.21013386832312	2.16571428571429e-09	6231	RPS26
Reactome	Cap-dependent Translation Initiation	3.21013386832312	2.16571428571429e-09	6206	RPS12
Reactome	Cap-dependent Translation Initiation	3.21013386832312	2.16571428571429e-09	6144	RPL21
Reactome	Cap-dependent Translation Initiation	3.21013386832312	2.16571428571429e-09	6160	RPL31
Reactome	Cap-dependent Translation Initiation	3.21013386832312	2.16571428571429e-09	6227	RPS21
Reactome	Cap-dependent Translation Initiation	3.21013386832312	2.16571428571429e-09	6168	RPL37A
Reactome	Cap-dependent Translation Initiation	3.21013386832312	2.16571428571429e-09	6176	RPLP1
Reactome	Cap-dependent Translation Initiation	3.21013386832312	2.16571428571429e-09	6222	RPS18
Reactome	Cap-dependent Translation Initiation	3.21013386832312	2.16571428571429e-09	6133	RPL9
Reactome	Cap-dependent Translation Initiation	3.21013386832312	2.16571428571429e-09	6208	RPS14
Reactome	Cap-dependent Translation Initiation	3.21013386832312	2.16571428571429e-09	6134	RPL10
Reactome	Cap-dependent Translation Initiation	3.21013386832312	2.16571428571429e-09	6164	RPL34
Reactome	Cap-dependent Translation Initiation	3.21013386832312	2.16571428571429e-09	6203	RPS9
Reactome	Cap-dependent Translation Initiation	3.21013386832312	2.16571428571429e-09	6217	RPS16
Reactome	Cap-dependent Translation Initiation	3.21013386832312	2.16571428571429e-09	200916	RPL22L1
Reactome	Cap-dependent Translation Initiation	3.21013386832312	2.16571428571429e-09	6223	RPS19
Reactome	Cap-dependent Translation Initiation	3.21013386832312	2.16571428571429e-09	6173	RPL36A
Reactome	Cap-dependent Translation Initiation	3.21013386832312	2.16571428571429e-09	6207	RPS13
Reactome	Cap-dependent Translation Initiation	3.21013386832312	2.16571428571429e-09	6139	RPL17
Reactome	Cap-dependent Translation Initiation	3.21013386832312	2.16571428571429e-09	6146	RPL22
Reactome	Cap-dependent Translation Initiation	3.21013386832312	2.16571428571429e-09	9349	RPL23
Reactome	Cap-dependent Translation Initiation	3.21013386832312	2.16571428571429e-09	6175	RPLP0
Reactome	Cap-dependent Translation Initiation	3.21013386832312	2.16571428571429e-09	6189	RPS3A
Reactome	Cap-dependent Translation Initiation	3.21013386832312	2.16571428571429e-09	6193	RPS5
Reactome	Cap-dependent Translation Initiation	3.21013386832312	2.16571428571429e-09	3921	RPSA
Reactome	Cap-dependent Translation Initiation	3.21013386832312	2.16571428571429e-09	6201	RPS7
Reactome	Cap-dependent Translation Initiation	3.21013386832312	2.16571428571429e-09	4736	RPL10A
Reactome	Cap-dependent Translation Initiation	3.21013386832312	2.16571428571429e-09	6209	RPS15
Reactome	Cap-dependent Translation Initiation	3.21013386832312	2.16571428571429e-09	6228	RPS23
Reactome	Cap-dependent Translation Initiation	3.21013386832312	2.16571428571429e-09	6181	RPLP2
Reactome	Cap-dependent Translation Initiation	3.21013386832312	2.16571428571429e-09	6156	RPL30
Reactome	Cap-dependent Translation Initiation	3.21013386832312	2.16571428571429e-09	51065	RPS27L
Reactome	Cap-dependent Translation Initiation	3.21013386832312	2.16571428571429e-09	6218	RPS17
Reactome	Cap-dependent Translation Initiation	3.21013386832312	2.16571428571429e-09	6234	RPS28
Reactome	Cap-dependent Translation Initiation	3.21013386832312	2.16571428571429e-09	6170	RPL39
Reactome	Cap-dependent Translation Initiation	3.21013386832312	2.16571428571429e-09	6142	RPL18A
Reactome	Cap-dependent Translation Initiation	3.21013386832312	2.16571428571429e-09	6138	RPL15
Reactome	Cap-dependent Translation Initiation	3.21013386832312	2.16571428571429e-09	9045	RPL14
Reactome	Cap-dependent Translation Initiation	3.21013386832312	2.16571428571429e-09	6188	RPS3
Reactome	Cap-dependent Translation Initiation	3.21013386832312	2.16571428571429e-09	6154	RPL26
Reactome	Cap-dependent Translation Initiation	3.21013386832312	2.16571428571429e-09	6210	RPS15A
Reactome	Cap-dependent Translation Initiation	3.21013386832312	2.16571428571429e-09	6224	RPS20
Reactome	Cap-dependent Translation Initiation	3.21013386832312	2.16571428571429e-09	8663	EIF3C
Reactome	Cap-dependent Translation Initiation	3.21013386832312	2.16571428571429e-09	1973	EIF4A1
Reactome	Cap-dependent Translation Initiation	3.21013386832312	2.16571428571429e-09	8894	EIF2S2
Reactome	Cap-dependent Translation Initiation	3.21013386832312	2.16571428571429e-09	10480	EIF3M
Reactome	Cap-dependent Translation Initiation	3.21013386832312	2.16571428571429e-09	6135	RPL11
Reactome	Cap-dependent Translation Initiation	3.21013386832312	2.16571428571429e-09	6229	RPS24
Reactome	Cap-dependent Translation Initiation	3.21013386832312	2.16571428571429e-09	6159	RPL29
Reactome	Cap-dependent Translation Initiation	3.21013386832312	2.16571428571429e-09	6235	RPS29
Reactome	Cap-dependent Translation Initiation	3.21013386832312	2.16571428571429e-09	6161	RPL32
Reactome	Cap-dependent Translation Initiation	3.21013386832312	2.16571428571429e-09	6128	RPL6
Reactome	Cap-dependent Translation Initiation	3.21013386832312	2.16571428571429e-09	6165	RPL35A
Reactome	Cap-dependent Translation Initiation	3.21013386832312	2.16571428571429e-09	6141	RPL18
Reactome	Cap-dependent Translation Initiation	3.21013386832312	2.16571428571429e-09	6122	RPL3
Reactome	Cap-dependent Translation Initiation	3.21013386832312	2.16571428571429e-09	26986	PABPC1
Reactome	Cap-dependent Translation Initiation	3.21013386832312	2.16571428571429e-09	6157	RPL27A
Reactome	Cap-dependent Translation Initiation	3.21013386832312	2.16571428571429e-09	1977	EIF4E
Reactome	Cap-dependent Translation Initiation	3.21013386832312	2.16571428571429e-09	8890	EIF2B4
Reactome	Cap-dependent Translation Initiation	3.21013386832312	2.16571428571429e-09	6155	RPL27
Reactome	Cap-dependent Translation Initiation	3.21013386832312	2.16571428571429e-09	7311	UBA52
Reactome	Cap-dependent Translation Initiation	3.21013386832312	2.16571428571429e-09	1978	EIF4EBP1
Reactome	Cap-dependent Translation Initiation	3.21013386832312	2.16571428571429e-09	6166	RPL36AL
Reactome	Cap-dependent Translation Initiation	3.21013386832312	2.16571428571429e-09	2197	FAU
Reactome	Cap-dependent Translation Initiation	3.21013386832312	2.16571428571429e-09	6125	RPL5
Reactome	Cap-dependent Translation Initiation	3.21013386832312	2.16571428571429e-09	6130	RPL7A
Reactome	Viral mRNA Translation	3.2047286971413	2.16571428571429e-09	6129	RPL7
Reactome	Viral mRNA Translation	3.2047286971413	2.16571428571429e-09	6233	RPS27A
Reactome	Viral mRNA Translation	3.2047286971413	2.16571428571429e-09	6231	RPS26
Reactome	Viral mRNA Translation	3.2047286971413	2.16571428571429e-09	6206	RPS12
Reactome	Viral mRNA Translation	3.2047286971413	2.16571428571429e-09	6144	RPL21
Reactome	Viral mRNA Translation	3.2047286971413	2.16571428571429e-09	6160	RPL31
Reactome	Viral mRNA Translation	3.2047286971413	2.16571428571429e-09	6227	RPS21
Reactome	Viral mRNA Translation	3.2047286971413	2.16571428571429e-09	6168	RPL37A
Reactome	Viral mRNA Translation	3.2047286971413	2.16571428571429e-09	6176	RPLP1
Reactome	Viral mRNA Translation	3.2047286971413	2.16571428571429e-09	6222	RPS18
Reactome	Viral mRNA Translation	3.2047286971413	2.16571428571429e-09	6133	RPL9
Reactome	Viral mRNA Translation	3.2047286971413	2.16571428571429e-09	6208	RPS14
Reactome	Viral mRNA Translation	3.2047286971413	2.16571428571429e-09	2926	GRSF1
Reactome	Viral mRNA Translation	3.2047286971413	2.16571428571429e-09	6134	RPL10
Reactome	Viral mRNA Translation	3.2047286971413	2.16571428571429e-09	6164	RPL34
Reactome	Viral mRNA Translation	3.2047286971413	2.16571428571429e-09	6203	RPS9
Reactome	Viral mRNA Translation	3.2047286971413	2.16571428571429e-09	6217	RPS16
Reactome	Viral mRNA Translation	3.2047286971413	2.16571428571429e-09	200916	RPL22L1
Reactome	Viral mRNA Translation	3.2047286971413	2.16571428571429e-09	6223	RPS19
Reactome	Viral mRNA Translation	3.2047286971413	2.16571428571429e-09	6173	RPL36A
Reactome	Viral mRNA Translation	3.2047286971413	2.16571428571429e-09	6207	RPS13
Reactome	Viral mRNA Translation	3.2047286971413	2.16571428571429e-09	6139	RPL17
Reactome	Viral mRNA Translation	3.2047286971413	2.16571428571429e-09	6146	RPL22
Reactome	Viral mRNA Translation	3.2047286971413	2.16571428571429e-09	9349	RPL23
Reactome	Viral mRNA Translation	3.2047286971413	2.16571428571429e-09	6175	RPLP0
Reactome	Viral mRNA Translation	3.2047286971413	2.16571428571429e-09	6189	RPS3A
Reactome	Viral mRNA Translation	3.2047286971413	2.16571428571429e-09	6193	RPS5
Reactome	Viral mRNA Translation	3.2047286971413	2.16571428571429e-09	3921	RPSA
Reactome	Viral mRNA Translation	3.2047286971413	2.16571428571429e-09	6201	RPS7
Reactome	Viral mRNA Translation	3.2047286971413	2.16571428571429e-09	4736	RPL10A
Reactome	Viral mRNA Translation	3.2047286971413	2.16571428571429e-09	6209	RPS15
Reactome	Viral mRNA Translation	3.2047286971413	2.16571428571429e-09	6228	RPS23
Reactome	Viral mRNA Translation	3.2047286971413	2.16571428571429e-09	6181	RPLP2
Reactome	Viral mRNA Translation	3.2047286971413	2.16571428571429e-09	6156	RPL30
Reactome	Viral mRNA Translation	3.2047286971413	2.16571428571429e-09	51065	RPS27L
Reactome	Viral mRNA Translation	3.2047286971413	2.16571428571429e-09	6218	RPS17
Reactome	Viral mRNA Translation	3.2047286971413	2.16571428571429e-09	6234	RPS28
Reactome	Viral mRNA Translation	3.2047286971413	2.16571428571429e-09	6170	RPL39
Reactome	Viral mRNA Translation	3.2047286971413	2.16571428571429e-09	6142	RPL18A
Reactome	Viral mRNA Translation	3.2047286971413	2.16571428571429e-09	6138	RPL15
Reactome	Viral mRNA Translation	3.2047286971413	2.16571428571429e-09	9045	RPL14
Reactome	Viral mRNA Translation	3.2047286971413	2.16571428571429e-09	6188	RPS3
Reactome	Viral mRNA Translation	3.2047286971413	2.16571428571429e-09	6154	RPL26
Reactome	Viral mRNA Translation	3.2047286971413	2.16571428571429e-09	6210	RPS15A
Reactome	Viral mRNA Translation	3.2047286971413	2.16571428571429e-09	6224	RPS20
Reactome	Viral mRNA Translation	3.2047286971413	2.16571428571429e-09	6135	RPL11
Reactome	Viral mRNA Translation	3.2047286971413	2.16571428571429e-09	6229	RPS24
Reactome	Viral mRNA Translation	3.2047286971413	2.16571428571429e-09	6159	RPL29
Reactome	Viral mRNA Translation	3.2047286971413	2.16571428571429e-09	6235	RPS29
Reactome	Viral mRNA Translation	3.2047286971413	2.16571428571429e-09	6161	RPL32
Reactome	Viral mRNA Translation	3.2047286971413	2.16571428571429e-09	6128	RPL6
Reactome	Viral mRNA Translation	3.2047286971413	2.16571428571429e-09	6165	RPL35A
Reactome	Viral mRNA Translation	3.2047286971413	2.16571428571429e-09	6141	RPL18
Reactome	Viral mRNA Translation	3.2047286971413	2.16571428571429e-09	6122	RPL3
Reactome	Viral mRNA Translation	3.2047286971413	2.16571428571429e-09	6157	RPL27A
Reactome	Viral mRNA Translation	3.2047286971413	2.16571428571429e-09	6155	RPL27
Reactome	Viral mRNA Translation	3.2047286971413	2.16571428571429e-09	7311	UBA52
Reactome	Viral mRNA Translation	3.2047286971413	2.16571428571429e-09	6166	RPL36AL
Reactome	Viral mRNA Translation	3.2047286971413	2.16571428571429e-09	2197	FAU
Reactome	Viral mRNA Translation	3.2047286971413	2.16571428571429e-09	6125	RPL5
Reactome	Viral mRNA Translation	3.2047286971413	2.16571428571429e-09	6130	RPL7A
Reactome	Viral mRNA Translation	3.2047286971413	2.16571428571429e-09	25873	RPL36
Reactome	Viral mRNA Translation	3.2047286971413	2.16571428571429e-09	5611	DNAJC3
Reactome	Viral mRNA Translation	3.2047286971413	2.16571428571429e-09	11224	RPL35
Reactome	Viral mRNA Translation	3.2047286971413	2.16571428571429e-09	6230	RPS25
Reactome	PELO:HBS1L and ABCE1 dissociate a ribosome on a non-stop mRNA	3.18992621860279	2.16571428571429e-09	6129	RPL7
Reactome	PELO:HBS1L and ABCE1 dissociate a ribosome on a non-stop mRNA	3.18992621860279	2.16571428571429e-09	6233	RPS27A
Reactome	PELO:HBS1L and ABCE1 dissociate a ribosome on a non-stop mRNA	3.18992621860279	2.16571428571429e-09	6231	RPS26
Reactome	PELO:HBS1L and ABCE1 dissociate a ribosome on a non-stop mRNA	3.18992621860279	2.16571428571429e-09	6206	RPS12
Reactome	PELO:HBS1L and ABCE1 dissociate a ribosome on a non-stop mRNA	3.18992621860279	2.16571428571429e-09	6144	RPL21
Reactome	PELO:HBS1L and ABCE1 dissociate a ribosome on a non-stop mRNA	3.18992621860279	2.16571428571429e-09	6160	RPL31
Reactome	PELO:HBS1L and ABCE1 dissociate a ribosome on a non-stop mRNA	3.18992621860279	2.16571428571429e-09	6227	RPS21
Reactome	PELO:HBS1L and ABCE1 dissociate a ribosome on a non-stop mRNA	3.18992621860279	2.16571428571429e-09	6168	RPL37A
Reactome	PELO:HBS1L and ABCE1 dissociate a ribosome on a non-stop mRNA	3.18992621860279	2.16571428571429e-09	6176	RPLP1
Reactome	PELO:HBS1L and ABCE1 dissociate a ribosome on a non-stop mRNA	3.18992621860279	2.16571428571429e-09	6222	RPS18
Reactome	PELO:HBS1L and ABCE1 dissociate a ribosome on a non-stop mRNA	3.18992621860279	2.16571428571429e-09	6133	RPL9
Reactome	PELO:HBS1L and ABCE1 dissociate a ribosome on a non-stop mRNA	3.18992621860279	2.16571428571429e-09	6208	RPS14
Reactome	PELO:HBS1L and ABCE1 dissociate a ribosome on a non-stop mRNA	3.18992621860279	2.16571428571429e-09	6134	RPL10
Reactome	PELO:HBS1L and ABCE1 dissociate a ribosome on a non-stop mRNA	3.18992621860279	2.16571428571429e-09	6164	RPL34
Reactome	PELO:HBS1L and ABCE1 dissociate a ribosome on a non-stop mRNA	3.18992621860279	2.16571428571429e-09	6203	RPS9
Reactome	PELO:HBS1L and ABCE1 dissociate a ribosome on a non-stop mRNA	3.18992621860279	2.16571428571429e-09	6217	RPS16
Reactome	PELO:HBS1L and ABCE1 dissociate a ribosome on a non-stop mRNA	3.18992621860279	2.16571428571429e-09	200916	RPL22L1
Reactome	PELO:HBS1L and ABCE1 dissociate a ribosome on a non-stop mRNA	3.18992621860279	2.16571428571429e-09	6223	RPS19
Reactome	PELO:HBS1L and ABCE1 dissociate a ribosome on a non-stop mRNA	3.18992621860279	2.16571428571429e-09	6173	RPL36A
Reactome	PELO:HBS1L and ABCE1 dissociate a ribosome on a non-stop mRNA	3.18992621860279	2.16571428571429e-09	6207	RPS13
Reactome	PELO:HBS1L and ABCE1 dissociate a ribosome on a non-stop mRNA	3.18992621860279	2.16571428571429e-09	6139	RPL17
Reactome	PELO:HBS1L and ABCE1 dissociate a ribosome on a non-stop mRNA	3.18992621860279	2.16571428571429e-09	6146	RPL22
Reactome	PELO:HBS1L and ABCE1 dissociate a ribosome on a non-stop mRNA	3.18992621860279	2.16571428571429e-09	9349	RPL23
Reactome	PELO:HBS1L and ABCE1 dissociate a ribosome on a non-stop mRNA	3.18992621860279	2.16571428571429e-09	6175	RPLP0
Reactome	PELO:HBS1L and ABCE1 dissociate a ribosome on a non-stop mRNA	3.18992621860279	2.16571428571429e-09	6189	RPS3A
Reactome	PELO:HBS1L and ABCE1 dissociate a ribosome on a non-stop mRNA	3.18992621860279	2.16571428571429e-09	6193	RPS5
Reactome	PELO:HBS1L and ABCE1 dissociate a ribosome on a non-stop mRNA	3.18992621860279	2.16571428571429e-09	3921	RPSA
Reactome	PELO:HBS1L and ABCE1 dissociate a ribosome on a non-stop mRNA	3.18992621860279	2.16571428571429e-09	6201	RPS7
Reactome	PELO:HBS1L and ABCE1 dissociate a ribosome on a non-stop mRNA	3.18992621860279	2.16571428571429e-09	4736	RPL10A
Reactome	PELO:HBS1L and ABCE1 dissociate a ribosome on a non-stop mRNA	3.18992621860279	2.16571428571429e-09	6209	RPS15
Reactome	PELO:HBS1L and ABCE1 dissociate a ribosome on a non-stop mRNA	3.18992621860279	2.16571428571429e-09	6228	RPS23
Reactome	PELO:HBS1L and ABCE1 dissociate a ribosome on a non-stop mRNA	3.18992621860279	2.16571428571429e-09	6181	RPLP2
Reactome	PELO:HBS1L and ABCE1 dissociate a ribosome on a non-stop mRNA	3.18992621860279	2.16571428571429e-09	6156	RPL30
Reactome	PELO:HBS1L and ABCE1 dissociate a ribosome on a non-stop mRNA	3.18992621860279	2.16571428571429e-09	51065	RPS27L
Reactome	PELO:HBS1L and ABCE1 dissociate a ribosome on a non-stop mRNA	3.18992621860279	2.16571428571429e-09	6218	RPS17
Reactome	PELO:HBS1L and ABCE1 dissociate a ribosome on a non-stop mRNA	3.18992621860279	2.16571428571429e-09	6234	RPS28
Reactome	PELO:HBS1L and ABCE1 dissociate a ribosome on a non-stop mRNA	3.18992621860279	2.16571428571429e-09	6170	RPL39
Reactome	PELO:HBS1L and ABCE1 dissociate a ribosome on a non-stop mRNA	3.18992621860279	2.16571428571429e-09	6142	RPL18A
Reactome	PELO:HBS1L and ABCE1 dissociate a ribosome on a non-stop mRNA	3.18992621860279	2.16571428571429e-09	6138	RPL15
Reactome	PELO:HBS1L and ABCE1 dissociate a ribosome on a non-stop mRNA	3.18992621860279	2.16571428571429e-09	9045	RPL14
Reactome	PELO:HBS1L and ABCE1 dissociate a ribosome on a non-stop mRNA	3.18992621860279	2.16571428571429e-09	6188	RPS3
Reactome	PELO:HBS1L and ABCE1 dissociate a ribosome on a non-stop mRNA	3.18992621860279	2.16571428571429e-09	6154	RPL26
Reactome	PELO:HBS1L and ABCE1 dissociate a ribosome on a non-stop mRNA	3.18992621860279	2.16571428571429e-09	6210	RPS15A
Reactome	PELO:HBS1L and ABCE1 dissociate a ribosome on a non-stop mRNA	3.18992621860279	2.16571428571429e-09	6224	RPS20
Reactome	PELO:HBS1L and ABCE1 dissociate a ribosome on a non-stop mRNA	3.18992621860279	2.16571428571429e-09	6135	RPL11
Reactome	PELO:HBS1L and ABCE1 dissociate a ribosome on a non-stop mRNA	3.18992621860279	2.16571428571429e-09	6229	RPS24
Reactome	PELO:HBS1L and ABCE1 dissociate a ribosome on a non-stop mRNA	3.18992621860279	2.16571428571429e-09	6159	RPL29
Reactome	PELO:HBS1L and ABCE1 dissociate a ribosome on a non-stop mRNA	3.18992621860279	2.16571428571429e-09	6235	RPS29
Reactome	PELO:HBS1L and ABCE1 dissociate a ribosome on a non-stop mRNA	3.18992621860279	2.16571428571429e-09	6161	RPL32
Reactome	PELO:HBS1L and ABCE1 dissociate a ribosome on a non-stop mRNA	3.18992621860279	2.16571428571429e-09	6128	RPL6
Reactome	PELO:HBS1L and ABCE1 dissociate a ribosome on a non-stop mRNA	3.18992621860279	2.16571428571429e-09	6165	RPL35A
Reactome	PELO:HBS1L and ABCE1 dissociate a ribosome on a non-stop mRNA	3.18992621860279	2.16571428571429e-09	6141	RPL18
Reactome	PELO:HBS1L and ABCE1 dissociate a ribosome on a non-stop mRNA	3.18992621860279	2.16571428571429e-09	6122	RPL3
Reactome	PELO:HBS1L and ABCE1 dissociate a ribosome on a non-stop mRNA	3.18992621860279	2.16571428571429e-09	6157	RPL27A
Reactome	PELO:HBS1L and ABCE1 dissociate a ribosome on a non-stop mRNA	3.18992621860279	2.16571428571429e-09	6155	RPL27
Reactome	PELO:HBS1L and ABCE1 dissociate a ribosome on a non-stop mRNA	3.18992621860279	2.16571428571429e-09	7311	UBA52
Reactome	PELO:HBS1L and ABCE1 dissociate a ribosome on a non-stop mRNA	3.18992621860279	2.16571428571429e-09	6166	RPL36AL
Reactome	PELO:HBS1L and ABCE1 dissociate a ribosome on a non-stop mRNA	3.18992621860279	2.16571428571429e-09	2197	FAU
Reactome	PELO:HBS1L and ABCE1 dissociate a ribosome on a non-stop mRNA	3.18992621860279	2.16571428571429e-09	6125	RPL5
Reactome	PELO:HBS1L and ABCE1 dissociate a ribosome on a non-stop mRNA	3.18992621860279	2.16571428571429e-09	6130	RPL7A
Reactome	SRP-dependent cotranslational protein targeting to membrane	3.18941629782958	2.16571428571429e-09	6129	RPL7
Reactome	SRP-dependent cotranslational protein targeting to membrane	3.18941629782958	2.16571428571429e-09	6233	RPS27A
Reactome	SRP-dependent cotranslational protein targeting to membrane	3.18941629782958	2.16571428571429e-09	6231	RPS26
Reactome	SRP-dependent cotranslational protein targeting to membrane	3.18941629782958	2.16571428571429e-09	6206	RPS12
Reactome	SRP-dependent cotranslational protein targeting to membrane	3.18941629782958	2.16571428571429e-09	6144	RPL21
Reactome	SRP-dependent cotranslational protein targeting to membrane	3.18941629782958	2.16571428571429e-09	6160	RPL31
Reactome	SRP-dependent cotranslational protein targeting to membrane	3.18941629782958	2.16571428571429e-09	6227	RPS21
Reactome	SRP-dependent cotranslational protein targeting to membrane	3.18941629782958	2.16571428571429e-09	6168	RPL37A
Reactome	SRP-dependent cotranslational protein targeting to membrane	3.18941629782958	2.16571428571429e-09	6176	RPLP1
Reactome	SRP-dependent cotranslational protein targeting to membrane	3.18941629782958	2.16571428571429e-09	6222	RPS18
Reactome	SRP-dependent cotranslational protein targeting to membrane	3.18941629782958	2.16571428571429e-09	6133	RPL9
Reactome	SRP-dependent cotranslational protein targeting to membrane	3.18941629782958	2.16571428571429e-09	6208	RPS14
Reactome	SRP-dependent cotranslational protein targeting to membrane	3.18941629782958	2.16571428571429e-09	6134	RPL10
Reactome	SRP-dependent cotranslational protein targeting to membrane	3.18941629782958	2.16571428571429e-09	6164	RPL34
Reactome	SRP-dependent cotranslational protein targeting to membrane	3.18941629782958	2.16571428571429e-09	6203	RPS9
Reactome	SRP-dependent cotranslational protein targeting to membrane	3.18941629782958	2.16571428571429e-09	6217	RPS16
Reactome	SRP-dependent cotranslational protein targeting to membrane	3.18941629782958	2.16571428571429e-09	200916	RPL22L1
Reactome	SRP-dependent cotranslational protein targeting to membrane	3.18941629782958	2.16571428571429e-09	6223	RPS19
Reactome	SRP-dependent cotranslational protein targeting to membrane	3.18941629782958	2.16571428571429e-09	6173	RPL36A
Reactome	SRP-dependent cotranslational protein targeting to membrane	3.18941629782958	2.16571428571429e-09	6207	RPS13
Reactome	SRP-dependent cotranslational protein targeting to membrane	3.18941629782958	2.16571428571429e-09	6139	RPL17
Reactome	SRP-dependent cotranslational protein targeting to membrane	3.18941629782958	2.16571428571429e-09	6146	RPL22
Reactome	SRP-dependent cotranslational protein targeting to membrane	3.18941629782958	2.16571428571429e-09	9349	RPL23
Reactome	SRP-dependent cotranslational protein targeting to membrane	3.18941629782958	2.16571428571429e-09	6175	RPLP0
Reactome	SRP-dependent cotranslational protein targeting to membrane	3.18941629782958	2.16571428571429e-09	6189	RPS3A
Reactome	SRP-dependent cotranslational protein targeting to membrane	3.18941629782958	2.16571428571429e-09	6193	RPS5
Reactome	SRP-dependent cotranslational protein targeting to membrane	3.18941629782958	2.16571428571429e-09	3921	RPSA
Reactome	SRP-dependent cotranslational protein targeting to membrane	3.18941629782958	2.16571428571429e-09	6201	RPS7
Reactome	SRP-dependent cotranslational protein targeting to membrane	3.18941629782958	2.16571428571429e-09	4736	RPL10A
Reactome	SRP-dependent cotranslational protein targeting to membrane	3.18941629782958	2.16571428571429e-09	6209	RPS15
Reactome	SRP-dependent cotranslational protein targeting to membrane	3.18941629782958	2.16571428571429e-09	6228	RPS23
Reactome	SRP-dependent cotranslational protein targeting to membrane	3.18941629782958	2.16571428571429e-09	29927	SEC61A1
Reactome	SRP-dependent cotranslational protein targeting to membrane	3.18941629782958	2.16571428571429e-09	6181	RPLP2
Reactome	SRP-dependent cotranslational protein targeting to membrane	3.18941629782958	2.16571428571429e-09	6156	RPL30
Reactome	SRP-dependent cotranslational protein targeting to membrane	3.18941629782958	2.16571428571429e-09	51065	RPS27L
Reactome	SRP-dependent cotranslational protein targeting to membrane	3.18941629782958	2.16571428571429e-09	6218	RPS17
Reactome	SRP-dependent cotranslational protein targeting to membrane	3.18941629782958	2.16571428571429e-09	6234	RPS28
Reactome	SRP-dependent cotranslational protein targeting to membrane	3.18941629782958	2.16571428571429e-09	6170	RPL39
Reactome	SRP-dependent cotranslational protein targeting to membrane	3.18941629782958	2.16571428571429e-09	10952	SEC61B
Reactome	SRP-dependent cotranslational protein targeting to membrane	3.18941629782958	2.16571428571429e-09	6142	RPL18A
Reactome	SRP-dependent cotranslational protein targeting to membrane	3.18941629782958	2.16571428571429e-09	6138	RPL15
Reactome	SRP-dependent cotranslational protein targeting to membrane	3.18941629782958	2.16571428571429e-09	9045	RPL14
Reactome	SRP-dependent cotranslational protein targeting to membrane	3.18941629782958	2.16571428571429e-09	6188	RPS3
Reactome	SRP-dependent cotranslational protein targeting to membrane	3.18941629782958	2.16571428571429e-09	6154	RPL26
Reactome	SRP-dependent cotranslational protein targeting to membrane	3.18941629782958	2.16571428571429e-09	6210	RPS15A
Reactome	SRP-dependent cotranslational protein targeting to membrane	3.18941629782958	2.16571428571429e-09	6224	RPS20
Reactome	SRP-dependent cotranslational protein targeting to membrane	3.18941629782958	2.16571428571429e-09	6728	SRP19
Reactome	SRP-dependent cotranslational protein targeting to membrane	3.18941629782958	2.16571428571429e-09	28972	SPCS1
Reactome	SRP-dependent cotranslational protein targeting to membrane	3.18941629782958	2.16571428571429e-09	23480	SEC61G
Reactome	SRP-dependent cotranslational protein targeting to membrane	3.18941629782958	2.16571428571429e-09	6135	RPL11
Reactome	SRP-dependent cotranslational protein targeting to membrane	3.18941629782958	2.16571428571429e-09	6229	RPS24
Reactome	SRP-dependent cotranslational protein targeting to membrane	3.18941629782958	2.16571428571429e-09	6159	RPL29
Reactome	SRP-dependent cotranslational protein targeting to membrane	3.18941629782958	2.16571428571429e-09	6235	RPS29
Reactome	SRP-dependent cotranslational protein targeting to membrane	3.18941629782958	2.16571428571429e-09	90701	SEC11C
Reactome	SRP-dependent cotranslational protein targeting to membrane	3.18941629782958	2.16571428571429e-09	6161	RPL32
Reactome	SRP-dependent cotranslational protein targeting to membrane	3.18941629782958	2.16571428571429e-09	6128	RPL6
Reactome	SRP-dependent cotranslational protein targeting to membrane	3.18941629782958	2.16571428571429e-09	6165	RPL35A
Reactome	SRP-dependent cotranslational protein targeting to membrane	3.18941629782958	2.16571428571429e-09	6141	RPL18
Reactome	SRP-dependent cotranslational protein targeting to membrane	3.18941629782958	2.16571428571429e-09	6122	RPL3
Reactome	SRP-dependent cotranslational protein targeting to membrane	3.18941629782958	2.16571428571429e-09	6157	RPL27A
Reactome	SRP-dependent cotranslational protein targeting to membrane	3.18941629782958	2.16571428571429e-09	6727	SRP14
Reactome	SRP-dependent cotranslational protein targeting to membrane	3.18941629782958	2.16571428571429e-09	9789	SPCS2
Reactome	SRP-dependent cotranslational protein targeting to membrane	3.18941629782958	2.16571428571429e-09	6155	RPL27
Reactome	SRP-dependent cotranslational protein targeting to membrane	3.18941629782958	2.16571428571429e-09	7311	UBA52
Reactome	SRP-dependent cotranslational protein targeting to membrane	3.18941629782958	2.16571428571429e-09	6726	SRP9
Reactome	SRP-dependent cotranslational protein targeting to membrane	3.18941629782958	2.16571428571429e-09	6166	RPL36AL
Reactome	SRP-dependent cotranslational protein targeting to membrane	3.18941629782958	2.16571428571429e-09	2197	FAU
Reactome	SRP-dependent cotranslational protein targeting to membrane	3.18941629782958	2.16571428571429e-09	6125	RPL5
Reactome	SRP-dependent cotranslational protein targeting to membrane	3.18941629782958	2.16571428571429e-09	1650	DDOST
Reactome	SRP-dependent cotranslational protein targeting to membrane	3.18941629782958	2.16571428571429e-09	6130	RPL7A
Reactome	SRP-dependent cotranslational protein targeting to membrane	3.18941629782958	2.16571428571429e-09	6747	SSR3
Reactome	SRP-dependent cotranslational protein targeting to membrane	3.18941629782958	2.16571428571429e-09	25873	RPL36
Reactome	SRP-dependent cotranslational protein targeting to membrane	3.18941629782958	2.16571428571429e-09	11224	RPL35
Reactome	SRP-dependent cotranslational protein targeting to membrane	3.18941629782958	2.16571428571429e-09	58477	SRPRB
Reactome	SRP-dependent cotranslational protein targeting to membrane	3.18941629782958	2.16571428571429e-09	6230	RPS25
Reactome	SRP-dependent cotranslational protein targeting to membrane	3.18941629782958	2.16571428571429e-09	6748	SSR4
Reactome	SRP-dependent cotranslational protein targeting to membrane	3.18941629782958	2.16571428571429e-09	6132	RPL8
Reactome	ZNF598 and the Ribosome-associated Quality Trigger (RQT) complex dissociate a ribosome stalled on a no-go mRNA	3.18770059155419	2.16571428571429e-09	6129	RPL7
Reactome	ZNF598 and the Ribosome-associated Quality Trigger (RQT) complex dissociate a ribosome stalled on a no-go mRNA	3.18770059155419	2.16571428571429e-09	6233	RPS27A
Reactome	ZNF598 and the Ribosome-associated Quality Trigger (RQT) complex dissociate a ribosome stalled on a no-go mRNA	3.18770059155419	2.16571428571429e-09	6231	RPS26
Reactome	ZNF598 and the Ribosome-associated Quality Trigger (RQT) complex dissociate a ribosome stalled on a no-go mRNA	3.18770059155419	2.16571428571429e-09	6206	RPS12
Reactome	ZNF598 and the Ribosome-associated Quality Trigger (RQT) complex dissociate a ribosome stalled on a no-go mRNA	3.18770059155419	2.16571428571429e-09	6144	RPL21
Reactome	ZNF598 and the Ribosome-associated Quality Trigger (RQT) complex dissociate a ribosome stalled on a no-go mRNA	3.18770059155419	2.16571428571429e-09	6160	RPL31
Reactome	ZNF598 and the Ribosome-associated Quality Trigger (RQT) complex dissociate a ribosome stalled on a no-go mRNA	3.18770059155419	2.16571428571429e-09	6227	RPS21
Reactome	ZNF598 and the Ribosome-associated Quality Trigger (RQT) complex dissociate a ribosome stalled on a no-go mRNA	3.18770059155419	2.16571428571429e-09	6168	RPL37A
Reactome	ZNF598 and the Ribosome-associated Quality Trigger (RQT) complex dissociate a ribosome stalled on a no-go mRNA	3.18770059155419	2.16571428571429e-09	6176	RPLP1
Reactome	ZNF598 and the Ribosome-associated Quality Trigger (RQT) complex dissociate a ribosome stalled on a no-go mRNA	3.18770059155419	2.16571428571429e-09	6222	RPS18
Reactome	ZNF598 and the Ribosome-associated Quality Trigger (RQT) complex dissociate a ribosome stalled on a no-go mRNA	3.18770059155419	2.16571428571429e-09	6133	RPL9
Reactome	ZNF598 and the Ribosome-associated Quality Trigger (RQT) complex dissociate a ribosome stalled on a no-go mRNA	3.18770059155419	2.16571428571429e-09	6208	RPS14
Reactome	ZNF598 and the Ribosome-associated Quality Trigger (RQT) complex dissociate a ribosome stalled on a no-go mRNA	3.18770059155419	2.16571428571429e-09	6134	RPL10
Reactome	ZNF598 and the Ribosome-associated Quality Trigger (RQT) complex dissociate a ribosome stalled on a no-go mRNA	3.18770059155419	2.16571428571429e-09	6164	RPL34
Reactome	ZNF598 and the Ribosome-associated Quality Trigger (RQT) complex dissociate a ribosome stalled on a no-go mRNA	3.18770059155419	2.16571428571429e-09	6203	RPS9
Reactome	ZNF598 and the Ribosome-associated Quality Trigger (RQT) complex dissociate a ribosome stalled on a no-go mRNA	3.18770059155419	2.16571428571429e-09	6217	RPS16
Reactome	ZNF598 and the Ribosome-associated Quality Trigger (RQT) complex dissociate a ribosome stalled on a no-go mRNA	3.18770059155419	2.16571428571429e-09	200916	RPL22L1
Reactome	ZNF598 and the Ribosome-associated Quality Trigger (RQT) complex dissociate a ribosome stalled on a no-go mRNA	3.18770059155419	2.16571428571429e-09	6223	RPS19
Reactome	ZNF598 and the Ribosome-associated Quality Trigger (RQT) complex dissociate a ribosome stalled on a no-go mRNA	3.18770059155419	2.16571428571429e-09	6173	RPL36A
Reactome	ZNF598 and the Ribosome-associated Quality Trigger (RQT) complex dissociate a ribosome stalled on a no-go mRNA	3.18770059155419	2.16571428571429e-09	6207	RPS13
Reactome	ZNF598 and the Ribosome-associated Quality Trigger (RQT) complex dissociate a ribosome stalled on a no-go mRNA	3.18770059155419	2.16571428571429e-09	6139	RPL17
Reactome	ZNF598 and the Ribosome-associated Quality Trigger (RQT) complex dissociate a ribosome stalled on a no-go mRNA	3.18770059155419	2.16571428571429e-09	6146	RPL22
Reactome	ZNF598 and the Ribosome-associated Quality Trigger (RQT) complex dissociate a ribosome stalled on a no-go mRNA	3.18770059155419	2.16571428571429e-09	9349	RPL23
Reactome	ZNF598 and the Ribosome-associated Quality Trigger (RQT) complex dissociate a ribosome stalled on a no-go mRNA	3.18770059155419	2.16571428571429e-09	6175	RPLP0
Reactome	ZNF598 and the Ribosome-associated Quality Trigger (RQT) complex dissociate a ribosome stalled on a no-go mRNA	3.18770059155419	2.16571428571429e-09	6189	RPS3A
Reactome	ZNF598 and the Ribosome-associated Quality Trigger (RQT) complex dissociate a ribosome stalled on a no-go mRNA	3.18770059155419	2.16571428571429e-09	6193	RPS5
Reactome	ZNF598 and the Ribosome-associated Quality Trigger (RQT) complex dissociate a ribosome stalled on a no-go mRNA	3.18770059155419	2.16571428571429e-09	3921	RPSA
Reactome	ZNF598 and the Ribosome-associated Quality Trigger (RQT) complex dissociate a ribosome stalled on a no-go mRNA	3.18770059155419	2.16571428571429e-09	6201	RPS7
Reactome	ZNF598 and the Ribosome-associated Quality Trigger (RQT) complex dissociate a ribosome stalled on a no-go mRNA	3.18770059155419	2.16571428571429e-09	4736	RPL10A
Reactome	ZNF598 and the Ribosome-associated Quality Trigger (RQT) complex dissociate a ribosome stalled on a no-go mRNA	3.18770059155419	2.16571428571429e-09	6209	RPS15
Reactome	ZNF598 and the Ribosome-associated Quality Trigger (RQT) complex dissociate a ribosome stalled on a no-go mRNA	3.18770059155419	2.16571428571429e-09	6228	RPS23
Reactome	ZNF598 and the Ribosome-associated Quality Trigger (RQT) complex dissociate a ribosome stalled on a no-go mRNA	3.18770059155419	2.16571428571429e-09	6181	RPLP2
Reactome	ZNF598 and the Ribosome-associated Quality Trigger (RQT) complex dissociate a ribosome stalled on a no-go mRNA	3.18770059155419	2.16571428571429e-09	6156	RPL30
Reactome	ZNF598 and the Ribosome-associated Quality Trigger (RQT) complex dissociate a ribosome stalled on a no-go mRNA	3.18770059155419	2.16571428571429e-09	51065	RPS27L
Reactome	ZNF598 and the Ribosome-associated Quality Trigger (RQT) complex dissociate a ribosome stalled on a no-go mRNA	3.18770059155419	2.16571428571429e-09	6218	RPS17
Reactome	ZNF598 and the Ribosome-associated Quality Trigger (RQT) complex dissociate a ribosome stalled on a no-go mRNA	3.18770059155419	2.16571428571429e-09	6234	RPS28
Reactome	ZNF598 and the Ribosome-associated Quality Trigger (RQT) complex dissociate a ribosome stalled on a no-go mRNA	3.18770059155419	2.16571428571429e-09	6170	RPL39
Reactome	ZNF598 and the Ribosome-associated Quality Trigger (RQT) complex dissociate a ribosome stalled on a no-go mRNA	3.18770059155419	2.16571428571429e-09	6142	RPL18A
Reactome	ZNF598 and the Ribosome-associated Quality Trigger (RQT) complex dissociate a ribosome stalled on a no-go mRNA	3.18770059155419	2.16571428571429e-09	6138	RPL15
Reactome	ZNF598 and the Ribosome-associated Quality Trigger (RQT) complex dissociate a ribosome stalled on a no-go mRNA	3.18770059155419	2.16571428571429e-09	9045	RPL14
Reactome	ZNF598 and the Ribosome-associated Quality Trigger (RQT) complex dissociate a ribosome stalled on a no-go mRNA	3.18770059155419	2.16571428571429e-09	6188	RPS3
Reactome	ZNF598 and the Ribosome-associated Quality Trigger (RQT) complex dissociate a ribosome stalled on a no-go mRNA	3.18770059155419	2.16571428571429e-09	6154	RPL26
Reactome	ZNF598 and the Ribosome-associated Quality Trigger (RQT) complex dissociate a ribosome stalled on a no-go mRNA	3.18770059155419	2.16571428571429e-09	6210	RPS15A
Reactome	ZNF598 and the Ribosome-associated Quality Trigger (RQT) complex dissociate a ribosome stalled on a no-go mRNA	3.18770059155419	2.16571428571429e-09	10973	ASCC3
Reactome	ZNF598 and the Ribosome-associated Quality Trigger (RQT) complex dissociate a ribosome stalled on a no-go mRNA	3.18770059155419	2.16571428571429e-09	6224	RPS20
Reactome	ZNF598 and the Ribosome-associated Quality Trigger (RQT) complex dissociate a ribosome stalled on a no-go mRNA	3.18770059155419	2.16571428571429e-09	7323	UBE2D3
Reactome	ZNF598 and the Ribosome-associated Quality Trigger (RQT) complex dissociate a ribosome stalled on a no-go mRNA	3.18770059155419	2.16571428571429e-09	6135	RPL11
Reactome	ZNF598 and the Ribosome-associated Quality Trigger (RQT) complex dissociate a ribosome stalled on a no-go mRNA	3.18770059155419	2.16571428571429e-09	6229	RPS24
Reactome	ZNF598 and the Ribosome-associated Quality Trigger (RQT) complex dissociate a ribosome stalled on a no-go mRNA	3.18770059155419	2.16571428571429e-09	6159	RPL29
Reactome	ZNF598 and the Ribosome-associated Quality Trigger (RQT) complex dissociate a ribosome stalled on a no-go mRNA	3.18770059155419	2.16571428571429e-09	6235	RPS29
Reactome	ZNF598 and the Ribosome-associated Quality Trigger (RQT) complex dissociate a ribosome stalled on a no-go mRNA	3.18770059155419	2.16571428571429e-09	6161	RPL32
Reactome	ZNF598 and the Ribosome-associated Quality Trigger (RQT) complex dissociate a ribosome stalled on a no-go mRNA	3.18770059155419	2.16571428571429e-09	6128	RPL6
Reactome	ZNF598 and the Ribosome-associated Quality Trigger (RQT) complex dissociate a ribosome stalled on a no-go mRNA	3.18770059155419	2.16571428571429e-09	7314	UBB
Reactome	ZNF598 and the Ribosome-associated Quality Trigger (RQT) complex dissociate a ribosome stalled on a no-go mRNA	3.18770059155419	2.16571428571429e-09	6165	RPL35A
Reactome	ZNF598 and the Ribosome-associated Quality Trigger (RQT) complex dissociate a ribosome stalled on a no-go mRNA	3.18770059155419	2.16571428571429e-09	6141	RPL18
Reactome	ZNF598 and the Ribosome-associated Quality Trigger (RQT) complex dissociate a ribosome stalled on a no-go mRNA	3.18770059155419	2.16571428571429e-09	6122	RPL3
Reactome	ZNF598 and the Ribosome-associated Quality Trigger (RQT) complex dissociate a ribosome stalled on a no-go mRNA	3.18770059155419	2.16571428571429e-09	6157	RPL27A
Reactome	ZNF598 and the Ribosome-associated Quality Trigger (RQT) complex dissociate a ribosome stalled on a no-go mRNA	3.18770059155419	2.16571428571429e-09	6155	RPL27
Reactome	ZNF598 and the Ribosome-associated Quality Trigger (RQT) complex dissociate a ribosome stalled on a no-go mRNA	3.18770059155419	2.16571428571429e-09	7311	UBA52
Reactome	ZNF598 and the Ribosome-associated Quality Trigger (RQT) complex dissociate a ribosome stalled on a no-go mRNA	3.18770059155419	2.16571428571429e-09	6166	RPL36AL
Reactome	ZNF598 and the Ribosome-associated Quality Trigger (RQT) complex dissociate a ribosome stalled on a no-go mRNA	3.18770059155419	2.16571428571429e-09	2197	FAU
Reactome	ZNF598 and the Ribosome-associated Quality Trigger (RQT) complex dissociate a ribosome stalled on a no-go mRNA	3.18770059155419	2.16571428571429e-09	6125	RPL5
Reactome	ZNF598 and the Ribosome-associated Quality Trigger (RQT) complex dissociate a ribosome stalled on a no-go mRNA	3.18770059155419	2.16571428571429e-09	6130	RPL7A
Reactome	ZNF598 and the Ribosome-associated Quality Trigger (RQT) complex dissociate a ribosome stalled on a no-go mRNA	3.18770059155419	2.16571428571429e-09	7316	UBC
Reactome	ZNF598 and the Ribosome-associated Quality Trigger (RQT) complex dissociate a ribosome stalled on a no-go mRNA	3.18770059155419	2.16571428571429e-09	25873	RPL36
Reactome	ZNF598 and the Ribosome-associated Quality Trigger (RQT) complex dissociate a ribosome stalled on a no-go mRNA	3.18770059155419	2.16571428571429e-09	11224	RPL35
Reactome	ZNF598 and the Ribosome-associated Quality Trigger (RQT) complex dissociate a ribosome stalled on a no-go mRNA	3.18770059155419	2.16571428571429e-09	6230	RPS25
Reactome	Ribosome Quality Control (RQC) complex extracts and degrades nascent peptide	3.16579014685179	2.16571428571429e-09	6129	RPL7
Reactome	Ribosome Quality Control (RQC) complex extracts and degrades nascent peptide	3.16579014685179	2.16571428571429e-09	6233	RPS27A
Reactome	Ribosome Quality Control (RQC) complex extracts and degrades nascent peptide	3.16579014685179	2.16571428571429e-09	6144	RPL21
Reactome	Ribosome Quality Control (RQC) complex extracts and degrades nascent peptide	3.16579014685179	2.16571428571429e-09	6160	RPL31
Reactome	Ribosome Quality Control (RQC) complex extracts and degrades nascent peptide	3.16579014685179	2.16571428571429e-09	6168	RPL37A
Reactome	Ribosome Quality Control (RQC) complex extracts and degrades nascent peptide	3.16579014685179	2.16571428571429e-09	6176	RPLP1
Reactome	Ribosome Quality Control (RQC) complex extracts and degrades nascent peptide	3.16579014685179	2.16571428571429e-09	6133	RPL9
Reactome	Ribosome Quality Control (RQC) complex extracts and degrades nascent peptide	3.16579014685179	2.16571428571429e-09	6134	RPL10
Reactome	Ribosome Quality Control (RQC) complex extracts and degrades nascent peptide	3.16579014685179	2.16571428571429e-09	6164	RPL34
Reactome	Ribosome Quality Control (RQC) complex extracts and degrades nascent peptide	3.16579014685179	2.16571428571429e-09	200916	RPL22L1
Reactome	Ribosome Quality Control (RQC) complex extracts and degrades nascent peptide	3.16579014685179	2.16571428571429e-09	6173	RPL36A
Reactome	Ribosome Quality Control (RQC) complex extracts and degrades nascent peptide	3.16579014685179	2.16571428571429e-09	6139	RPL17
Reactome	Ribosome Quality Control (RQC) complex extracts and degrades nascent peptide	3.16579014685179	2.16571428571429e-09	5692	PSMB4
Reactome	Ribosome Quality Control (RQC) complex extracts and degrades nascent peptide	3.16579014685179	2.16571428571429e-09	6146	RPL22
Reactome	Ribosome Quality Control (RQC) complex extracts and degrades nascent peptide	3.16579014685179	2.16571428571429e-09	9349	RPL23
Reactome	Ribosome Quality Control (RQC) complex extracts and degrades nascent peptide	3.16579014685179	2.16571428571429e-09	5691	PSMB3
Reactome	Ribosome Quality Control (RQC) complex extracts and degrades nascent peptide	3.16579014685179	2.16571428571429e-09	5695	PSMB7
Reactome	Ribosome Quality Control (RQC) complex extracts and degrades nascent peptide	3.16579014685179	2.16571428571429e-09	6175	RPLP0
Reactome	Ribosome Quality Control (RQC) complex extracts and degrades nascent peptide	3.16579014685179	2.16571428571429e-09	4736	RPL10A
Reactome	Ribosome Quality Control (RQC) complex extracts and degrades nascent peptide	3.16579014685179	2.16571428571429e-09	5686	PSMA5
Reactome	Ribosome Quality Control (RQC) complex extracts and degrades nascent peptide	3.16579014685179	2.16571428571429e-09	6181	RPLP2
Reactome	Ribosome Quality Control (RQC) complex extracts and degrades nascent peptide	3.16579014685179	2.16571428571429e-09	5687	PSMA6
Reactome	Ribosome Quality Control (RQC) complex extracts and degrades nascent peptide	3.16579014685179	2.16571428571429e-09	5693	PSMB5
Reactome	Ribosome Quality Control (RQC) complex extracts and degrades nascent peptide	3.16579014685179	2.16571428571429e-09	6156	RPL30
Reactome	Ribosome Quality Control (RQC) complex extracts and degrades nascent peptide	3.16579014685179	2.16571428571429e-09	6921	ELOC
Reactome	Ribosome Quality Control (RQC) complex extracts and degrades nascent peptide	3.16579014685179	2.16571428571429e-09	5689	PSMB1
Reactome	Ribosome Quality Control (RQC) complex extracts and degrades nascent peptide	3.16579014685179	2.16571428571429e-09	6170	RPL39
Reactome	Ribosome Quality Control (RQC) complex extracts and degrades nascent peptide	3.16579014685179	2.16571428571429e-09	5702	PSMC3
Reactome	Ribosome Quality Control (RQC) complex extracts and degrades nascent peptide	3.16579014685179	2.16571428571429e-09	5694	PSMB6
Reactome	Ribosome Quality Control (RQC) complex extracts and degrades nascent peptide	3.16579014685179	2.16571428571429e-09	6142	RPL18A
Reactome	Ribosome Quality Control (RQC) complex extracts and degrades nascent peptide	3.16579014685179	2.16571428571429e-09	6138	RPL15
Reactome	Ribosome Quality Control (RQC) complex extracts and degrades nascent peptide	3.16579014685179	2.16571428571429e-09	10213	PSMD14
Reactome	Ribosome Quality Control (RQC) complex extracts and degrades nascent peptide	3.16579014685179	2.16571428571429e-09	9045	RPL14
Reactome	Ribosome Quality Control (RQC) complex extracts and degrades nascent peptide	3.16579014685179	2.16571428571429e-09	6154	RPL26
Reactome	Ribosome Quality Control (RQC) complex extracts and degrades nascent peptide	3.16579014685179	2.16571428571429e-09	9978	RBX1
Reactome	Ribosome Quality Control (RQC) complex extracts and degrades nascent peptide	3.16579014685179	2.16571428571429e-09	5717	PSMD11
Reactome	Ribosome Quality Control (RQC) complex extracts and degrades nascent peptide	3.16579014685179	2.16571428571429e-09	5688	PSMA7
Reactome	Ribosome Quality Control (RQC) complex extracts and degrades nascent peptide	3.16579014685179	2.16571428571429e-09	5719	PSMD13
Reactome	Ribosome Quality Control (RQC) complex extracts and degrades nascent peptide	3.16579014685179	2.16571428571429e-09	5700	PSMC1
Reactome	Ribosome Quality Control (RQC) complex extracts and degrades nascent peptide	3.16579014685179	2.16571428571429e-09	5701	PSMC2
Reactome	Ribosome Quality Control (RQC) complex extracts and degrades nascent peptide	3.16579014685179	2.16571428571429e-09	6135	RPL11
Reactome	Ribosome Quality Control (RQC) complex extracts and degrades nascent peptide	3.16579014685179	2.16571428571429e-09	7979	SEM1
Reactome	Ribosome Quality Control (RQC) complex extracts and degrades nascent peptide	3.16579014685179	2.16571428571429e-09	6159	RPL29
Reactome	Ribosome Quality Control (RQC) complex extracts and degrades nascent peptide	3.16579014685179	2.16571428571429e-09	5713	PSMD7
Reactome	Ribosome Quality Control (RQC) complex extracts and degrades nascent peptide	3.16579014685179	2.16571428571429e-09	6161	RPL32
Reactome	Ribosome Quality Control (RQC) complex extracts and degrades nascent peptide	3.16579014685179	2.16571428571429e-09	6128	RPL6
Reactome	Ribosome Quality Control (RQC) complex extracts and degrades nascent peptide	3.16579014685179	2.16571428571429e-09	9861	PSMD6
Reactome	Ribosome Quality Control (RQC) complex extracts and degrades nascent peptide	3.16579014685179	2.16571428571429e-09	7314	UBB
Reactome	Ribosome Quality Control (RQC) complex extracts and degrades nascent peptide	3.16579014685179	2.16571428571429e-09	6165	RPL35A
Reactome	Ribosome Quality Control (RQC) complex extracts and degrades nascent peptide	3.16579014685179	2.16571428571429e-09	6141	RPL18
Reactome	Ribosome Quality Control (RQC) complex extracts and degrades nascent peptide	3.16579014685179	2.16571428571429e-09	6122	RPL3
Reactome	Ribosome Quality Control (RQC) complex extracts and degrades nascent peptide	3.16579014685179	2.16571428571429e-09	5707	PSMD1
Reactome	Ribosome Quality Control (RQC) complex extracts and degrades nascent peptide	3.16579014685179	2.16571428571429e-09	11047	ADRM1
Reactome	Ribosome Quality Control (RQC) complex extracts and degrades nascent peptide	3.16579014685179	2.16571428571429e-09	6923	ELOB
Reactome	Ribosome Quality Control (RQC) complex extracts and degrades nascent peptide	3.16579014685179	2.16571428571429e-09	6157	RPL27A
Reactome	Ribosome Quality Control (RQC) complex extracts and degrades nascent peptide	3.16579014685179	2.16571428571429e-09	6155	RPL27
Reactome	Ribosome Quality Control (RQC) complex extracts and degrades nascent peptide	3.16579014685179	2.16571428571429e-09	5706	PSMC6
Reactome	Ribosome Quality Control (RQC) complex extracts and degrades nascent peptide	3.16579014685179	2.16571428571429e-09	7311	UBA52
Reactome	Ribosome Quality Control (RQC) complex extracts and degrades nascent peptide	3.16579014685179	2.16571428571429e-09	7353	UFD1
Reactome	Ribosome Quality Control (RQC) complex extracts and degrades nascent peptide	3.16579014685179	2.16571428571429e-09	6166	RPL36AL
Reactome	Ribosome Quality Control (RQC) complex extracts and degrades nascent peptide	3.16579014685179	2.16571428571429e-09	5684	PSMA3
Reactome	Ribosome Quality Control (RQC) complex extracts and degrades nascent peptide	3.16579014685179	2.16571428571429e-09	6125	RPL5
Reactome	Ribosome Quality Control (RQC) complex extracts and degrades nascent peptide	3.16579014685179	2.16571428571429e-09	6130	RPL7A
Reactome	Ribosome Quality Control (RQC) complex extracts and degrades nascent peptide	3.16579014685179	2.16571428571429e-09	7415	VCP
Reactome	Ribosome Quality Control (RQC) complex extracts and degrades nascent peptide	3.16579014685179	2.16571428571429e-09	5683	PSMA2
Reactome	Ribosome Quality Control (RQC) complex extracts and degrades nascent peptide	3.16579014685179	2.16571428571429e-09	7316	UBC
Reactome	Ribosome Quality Control (RQC) complex extracts and degrades nascent peptide	3.16579014685179	2.16571428571429e-09	25873	RPL36
Reactome	Ribosome Quality Control (RQC) complex extracts and degrades nascent peptide	3.16579014685179	2.16571428571429e-09	11224	RPL35
Reactome	SARS-CoV-2 modulates host translation machinery	2.94569140786402	2.16571428571429e-09	6233	RPS27A
Reactome	SARS-CoV-2 modulates host translation machinery	2.94569140786402	2.16571428571429e-09	6231	RPS26
Reactome	SARS-CoV-2 modulates host translation machinery	2.94569140786402	2.16571428571429e-09	6206	RPS12
Reactome	SARS-CoV-2 modulates host translation machinery	2.94569140786402	2.16571428571429e-09	6636	SNRPF
Reactome	SARS-CoV-2 modulates host translation machinery	2.94569140786402	2.16571428571429e-09	6227	RPS21
Reactome	SARS-CoV-2 modulates host translation machinery	2.94569140786402	2.16571428571429e-09	6222	RPS18
Reactome	SARS-CoV-2 modulates host translation machinery	2.94569140786402	2.16571428571429e-09	6208	RPS14
Reactome	SARS-CoV-2 modulates host translation machinery	2.94569140786402	2.16571428571429e-09	6203	RPS9
Reactome	SARS-CoV-2 modulates host translation machinery	2.94569140786402	2.16571428571429e-09	6217	RPS16
Reactome	SARS-CoV-2 modulates host translation machinery	2.94569140786402	2.16571428571429e-09	6223	RPS19
Reactome	SARS-CoV-2 modulates host translation machinery	2.94569140786402	2.16571428571429e-09	6207	RPS13
Reactome	SARS-CoV-2 modulates host translation machinery	2.94569140786402	2.16571428571429e-09	6189	RPS3A
Reactome	SARS-CoV-2 modulates host translation machinery	2.94569140786402	2.16571428571429e-09	6193	RPS5
Reactome	SARS-CoV-2 modulates host translation machinery	2.94569140786402	2.16571428571429e-09	3921	RPSA
Reactome	SARS-CoV-2 modulates host translation machinery	2.94569140786402	2.16571428571429e-09	6201	RPS7
Reactome	SARS-CoV-2 modulates host translation machinery	2.94569140786402	2.16571428571429e-09	6635	SNRPE
Reactome	SARS-CoV-2 modulates host translation machinery	2.94569140786402	2.16571428571429e-09	6209	RPS15
Reactome	SARS-CoV-2 modulates host translation machinery	2.94569140786402	2.16571428571429e-09	6228	RPS23
Reactome	SARS-CoV-2 modulates host translation machinery	2.94569140786402	2.16571428571429e-09	51065	RPS27L
Reactome	SARS-CoV-2 modulates host translation machinery	2.94569140786402	2.16571428571429e-09	6632	SNRPD1
Reactome	SARS-CoV-2 modulates host translation machinery	2.94569140786402	2.16571428571429e-09	6218	RPS17
Reactome	SARS-CoV-2 modulates host translation machinery	2.94569140786402	2.16571428571429e-09	6234	RPS28
Reactome	SARS-CoV-2 modulates host translation machinery	2.94569140786402	2.16571428571429e-09	6188	RPS3
Reactome	SARS-CoV-2 modulates host translation machinery	2.94569140786402	2.16571428571429e-09	6210	RPS15A
Reactome	SARS-CoV-2 modulates host translation machinery	2.94569140786402	2.16571428571429e-09	6224	RPS20
Reactome	SARS-CoV-2 modulates host translation machinery	2.94569140786402	2.16571428571429e-09	6637	SNRPG
Reactome	SARS-CoV-2 modulates host translation machinery	2.94569140786402	2.16571428571429e-09	25929	GEMIN5
Reactome	SARS-CoV-2 modulates host translation machinery	2.94569140786402	2.16571428571429e-09	6628	SNRPB
Reactome	SARS-CoV-2 modulates host translation machinery	2.94569140786402	2.16571428571429e-09	6229	RPS24
Reactome	SARS-CoV-2 modulates host translation machinery	2.94569140786402	2.16571428571429e-09	6235	RPS29
Reactome	Translation	2.93105550827639	2.16571428571429e-09	6129	RPL7
Reactome	Translation	2.93105550827639	2.16571428571429e-09	6233	RPS27A
Reactome	Translation	2.93105550827639	2.16571428571429e-09	6231	RPS26
Reactome	Translation	2.93105550827639	2.16571428571429e-09	6206	RPS12
Reactome	Translation	2.93105550827639	2.16571428571429e-09	6144	RPL21
Reactome	Translation	2.93105550827639	2.16571428571429e-09	6160	RPL31
Reactome	Translation	2.93105550827639	2.16571428571429e-09	6227	RPS21
Reactome	Translation	2.93105550827639	2.16571428571429e-09	6168	RPL37A
Reactome	Translation	2.93105550827639	2.16571428571429e-09	6176	RPLP1
Reactome	Translation	2.93105550827639	2.16571428571429e-09	6222	RPS18
Reactome	Translation	2.93105550827639	2.16571428571429e-09	6133	RPL9
Reactome	Translation	2.93105550827639	2.16571428571429e-09	6208	RPS14
Reactome	Translation	2.93105550827639	2.16571428571429e-09	6134	RPL10
Reactome	Translation	2.93105550827639	2.16571428571429e-09	6164	RPL34
Reactome	Translation	2.93105550827639	2.16571428571429e-09	6203	RPS9
Reactome	Translation	2.93105550827639	2.16571428571429e-09	4677	NARS1
Reactome	Translation	2.93105550827639	2.16571428571429e-09	6217	RPS16
Reactome	Translation	2.93105550827639	2.16571428571429e-09	200916	RPL22L1
Reactome	Translation	2.93105550827639	2.16571428571429e-09	6223	RPS19
Reactome	Translation	2.93105550827639	2.16571428571429e-09	6173	RPL36A
Reactome	Translation	2.93105550827639	2.16571428571429e-09	6207	RPS13
Reactome	Translation	2.93105550827639	2.16571428571429e-09	6139	RPL17
Reactome	Translation	2.93105550827639	2.16571428571429e-09	5692	PSMB4
Reactome	Translation	2.93105550827639	2.16571428571429e-09	6146	RPL22
Reactome	Translation	2.93105550827639	2.16571428571429e-09	2617	GARS1
Reactome	Translation	2.93105550827639	2.16571428571429e-09	51520	LARS1
Reactome	Translation	2.93105550827639	2.16571428571429e-09	51021	MRPS16
Reactome	Translation	2.93105550827639	2.16571428571429e-09	9349	RPL23
Reactome	Translation	2.93105550827639	2.16571428571429e-09	5691	PSMB3
Reactome	Translation	2.93105550827639	2.16571428571429e-09	3376	IARS1
Reactome	Translation	2.93105550827639	2.16571428571429e-09	5695	PSMB7
Reactome	Translation	2.93105550827639	2.16571428571429e-09	54460	MRPS21
Reactome	Translation	2.93105550827639	2.16571428571429e-09	6175	RPLP0
Reactome	Translation	2.93105550827639	2.16571428571429e-09	6189	RPS3A
Reactome	Translation	2.93105550827639	2.16571428571429e-09	6193	RPS5
Reactome	Translation	2.93105550827639	2.16571428571429e-09	3921	RPSA
Reactome	Translation	2.93105550827639	2.16571428571429e-09	6201	RPS7
Reactome	Translation	2.93105550827639	2.16571428571429e-09	4736	RPL10A
Reactome	Translation	2.93105550827639	2.16571428571429e-09	29088	MRPL15
Reactome	Translation	2.93105550827639	2.16571428571429e-09	6209	RPS15
Reactome	Translation	2.93105550827639	2.16571428571429e-09	5686	PSMA5
Reactome	Translation	2.93105550827639	2.16571428571429e-09	10884	MRPS30
Reactome	Translation	2.93105550827639	2.16571428571429e-09	65008	MRPL1
Reactome	Translation	2.93105550827639	2.16571428571429e-09	6228	RPS23
Reactome	Translation	2.93105550827639	2.16571428571429e-09	29927	SEC61A1
Reactome	Translation	2.93105550827639	2.16571428571429e-09	6181	RPLP2
Reactome	Translation	2.93105550827639	2.16571428571429e-09	5687	PSMA6
Reactome	Translation	2.93105550827639	2.16571428571429e-09	5693	PSMB5
Reactome	Translation	2.93105550827639	2.16571428571429e-09	6156	RPL30
Reactome	Translation	2.93105550827639	2.16571428571429e-09	6921	ELOC
Reactome	Translation	2.93105550827639	2.16571428571429e-09	51065	RPS27L
Reactome	Translation	2.93105550827639	2.16571428571429e-09	5689	PSMB1
Reactome	Translation	2.93105550827639	2.16571428571429e-09	28998	MRPL13
Reactome	Translation	2.93105550827639	2.16571428571429e-09	6218	RPS17
Reactome	Translation	2.93105550827639	2.16571428571429e-09	6234	RPS28
Reactome	Translation	2.93105550827639	2.16571428571429e-09	6170	RPL39
Reactome	Translation	2.93105550827639	2.16571428571429e-09	5702	PSMC3
Reactome	Translation	2.93105550827639	2.16571428571429e-09	64983	MRPL32
Reactome	Translation	2.93105550827639	2.16571428571429e-09	5694	PSMB6
Reactome	Translation	2.93105550827639	2.16571428571429e-09	10952	SEC61B
Reactome	Translation	2.93105550827639	2.16571428571429e-09	6142	RPL18A
Reactome	Translation	2.93105550827639	2.16571428571429e-09	2107	ETF1
Reactome	Translation	2.93105550827639	2.16571428571429e-09	6138	RPL15
Reactome	Translation	2.93105550827639	2.16571428571429e-09	10213	PSMD14
Reactome	Translation	2.93105550827639	2.16571428571429e-09	9045	RPL14
Reactome	Translation	2.93105550827639	2.16571428571429e-09	6188	RPS3
Reactome	Translation	2.93105550827639	2.16571428571429e-09	6154	RPL26
Reactome	Translation	2.93105550827639	2.16571428571429e-09	1933	EEF1B2
Reactome	Translation	2.93105550827639	2.16571428571429e-09	6210	RPS15A
Reactome	Translation	2.93105550827639	2.16571428571429e-09	10973	ASCC3
Reactome	Translation	2.93105550827639	2.16571428571429e-09	6224	RPS20
Reactome	Translation	2.93105550827639	2.16571428571429e-09	1936	EEF1D
Reactome	Translation	2.93105550827639	2.16571428571429e-09	7453	WARS1
Reactome	Translation	2.93105550827639	2.16571428571429e-09	64965	MRPS9
Reactome	Translation	2.93105550827639	2.16571428571429e-09	6728	SRP19
Reactome	Translation	2.93105550827639	2.16571428571429e-09	4541	MT-ND6
Reactome	Translation	2.93105550827639	2.16571428571429e-09	9978	RBX1
Reactome	Translation	2.93105550827639	2.16571428571429e-09	5717	PSMD11
Reactome	Translation	2.93105550827639	2.16571428571429e-09	5688	PSMA7
Reactome	Translation	2.93105550827639	2.16571428571429e-09	6897	TARS1
Reactome	Translation	2.93105550827639	2.16571428571429e-09	78988	MRPL57
Reactome	Translation	2.93105550827639	2.16571428571429e-09	8663	EIF3C
Reactome	Translation	2.93105550827639	2.16571428571429e-09	28972	SPCS1
Reactome	Translation	2.93105550827639	2.16571428571429e-09	1973	EIF4A1
Reactome	Translation	2.93105550827639	2.16571428571429e-09	23480	SEC61G
Reactome	Translation	2.93105550827639	2.16571428571429e-09	5719	PSMD13
Reactome	Translation	2.93105550827639	2.16571428571429e-09	51023	MRPS18C
Reactome	Translation	2.93105550827639	2.16571428571429e-09	8894	EIF2S2
Reactome	Translation	2.93105550827639	2.16571428571429e-09	5700	PSMC1
Reactome	Translation	2.93105550827639	2.16571428571429e-09	10480	EIF3M
Reactome	Translation	2.93105550827639	2.16571428571429e-09	7323	UBE2D3
Reactome	Translation	2.93105550827639	2.16571428571429e-09	57129	MRPL47
Reactome	Translation	2.93105550827639	2.16571428571429e-09	5701	PSMC2
Reactome	Translation	2.93105550827639	2.16571428571429e-09	6135	RPL11
Reactome	Translation	2.93105550827639	2.16571428571429e-09	7979	SEM1
Reactome	Translation	2.93105550827639	2.16571428571429e-09	6229	RPS24
Reactome	Translation	2.93105550827639	2.16571428571429e-09	219927	MRPL21
Reactome	Translation	2.93105550827639	2.16571428571429e-09	6159	RPL29
Reactome	Translation	2.93105550827639	2.16571428571429e-09	6235	RPS29
Reactome	Translation	2.93105550827639	2.16571428571429e-09	5713	PSMD7
Reactome	Translation	2.93105550827639	2.16571428571429e-09	85476	GFM1
Reactome	Translation	2.93105550827639	2.16571428571429e-09	90701	SEC11C
Reactome	Translation	2.93105550827639	2.16571428571429e-09	5917	RARS1
Reactome	Translation	2.93105550827639	2.16571428571429e-09	6161	RPL32
Reactome	Translation	2.93105550827639	2.16571428571429e-09	6128	RPL6
Reactome	Translation	2.93105550827639	2.16571428571429e-09	9861	PSMD6
Reactome	Translation	2.93105550827639	2.16571428571429e-09	4509	MT-ATP8
Reactome	Translation	2.93105550827639	2.16571428571429e-09	7314	UBB
Reactome	Translation	2.93105550827639	2.16571428571429e-09	6165	RPL35A
Reactome	Translation	2.93105550827639	2.16571428571429e-09	11222	MRPL3
Reactome	Translation	2.93105550827639	2.16571428571429e-09	6141	RPL18
Reactome	Translation	2.93105550827639	2.16571428571429e-09	6122	RPL3
Reactome	Translation	2.93105550827639	2.16571428571429e-09	5707	PSMD1
Reactome	Translation	2.93105550827639	2.16571428571429e-09	2193	FARSA
Reactome	Translation	2.93105550827639	2.16571428571429e-09	11047	ADRM1
Reactome	Translation	2.93105550827639	2.16571428571429e-09	6923	ELOB
Reactome	Translation	2.93105550827639	2.16571428571429e-09	26986	PABPC1
Reactome	Translation	2.93105550827639	2.16571428571429e-09	6157	RPL27A
Reactome	Translation	2.93105550827639	2.16571428571429e-09	6727	SRP14
Reactome	Translation	2.93105550827639	2.16571428571429e-09	1977	EIF4E
Reactome	Translation	2.93105550827639	2.16571428571429e-09	8890	EIF2B4
Reactome	Translation	2.93105550827639	2.16571428571429e-09	8565	YARS1
Reactome	Translation	2.93105550827639	2.16571428571429e-09	9789	SPCS2
Reactome	Translation	2.93105550827639	2.16571428571429e-09	118487	CHCHD1
Reactome	Translation	2.93105550827639	2.16571428571429e-09	2058	EPRS1
Reactome	Translation	2.93105550827639	2.16571428571429e-09	16	AARS1
Reactome	Translation	2.93105550827639	2.16571428571429e-09	6155	RPL27
Reactome	Translation	2.93105550827639	2.16571428571429e-09	5706	PSMC6
Reactome	Translation	2.93105550827639	2.16571428571429e-09	7311	UBA52
Reactome	Translation	2.93105550827639	2.16571428571429e-09	4141	MARS1
Reactome	Translation	2.93105550827639	2.16571428571429e-09	6726	SRP9
Reactome	Translation	2.93105550827639	2.16571428571429e-09	7353	UFD1
Reactome	Translation	2.93105550827639	2.16571428571429e-09	1978	EIF4EBP1
Reactome	Translation	2.93105550827639	2.16571428571429e-09	6166	RPL36AL
Reactome	Translation	2.93105550827639	2.16571428571429e-09	5684	PSMA3
Reactome	Translation	2.93105550827639	2.16571428571429e-09	2197	FAU
Reactome	Translation	2.93105550827639	2.16571428571429e-09	51258	MRPL51
Reactome	Translation	2.93105550827639	2.16571428571429e-09	6125	RPL5
Reactome	Translation	2.93105550827639	2.16571428571429e-09	1650	DDOST
Reactome	Translation	2.93105550827639	2.16571428571429e-09	6130	RPL7A
Reactome	Translation	2.93105550827639	2.16571428571429e-09	54534	MRPL50
Reactome	Translation	2.93105550827639	2.16571428571429e-09	51504	TRMT112
Reactome	Translation	2.93105550827639	2.16571428571429e-09	7415	VCP
Reactome	Translation	2.93105550827639	2.16571428571429e-09	6747	SSR3
Reactome	Translation	2.93105550827639	2.16571428571429e-09	4514	MT-CO3
Reactome	Translation	2.93105550827639	2.16571428571429e-09	5683	PSMA2
Reactome	Translation	2.93105550827639	2.16571428571429e-09	7316	UBC
Reactome	Translation	2.93105550827639	2.16571428571429e-09	25873	RPL36
Reactome	Translation	2.93105550827639	2.16571428571429e-09	116541	MRPL54
Reactome	Translation	2.93105550827639	2.16571428571429e-09	1983	EIF5
Reactome	Translation	2.93105550827639	2.16571428571429e-09	11224	RPL35
Reactome	Translation	2.93105550827639	2.16571428571429e-09	58477	SRPRB
Reactome	Translation	2.93105550827639	2.16571428571429e-09	6230	RPS25
Reactome	Translation	2.93105550827639	2.16571428571429e-09	6183	MRPS12
Reactome	Translation	2.93105550827639	2.16571428571429e-09	28957	MRPS28
Reactome	Translation	2.93105550827639	2.16571428571429e-09	6748	SSR4
Reactome	Translation	2.93105550827639	2.16571428571429e-09	51650	MRPS33
Reactome	Translation	2.93105550827639	2.16571428571429e-09	6132	RPL8
Reactome	Translation	2.93105550827639	2.16571428571429e-09	9521	EEF1E1
Reactome	Translation	2.93105550827639	2.16571428571429e-09	5708	PSMD2
Reactome	Translation	2.93105550827639	2.16571428571429e-09	92259	KGD4
Reactome	Translation	2.93105550827639	2.16571428571429e-09	4540	MT-ND5
Reactome	Translation	2.93105550827639	2.16571428571429e-09	3035	HARS1
Reactome	Translation	2.93105550827639	2.16571428571429e-09	6059	ABCE1
Reactome	Translation	2.93105550827639	2.16571428571429e-09	6202	RPS8
Reactome	Translation	2.93105550827639	2.16571428571429e-09	23395	LARS2
Reactome	Translation	2.93105550827639	2.16571428571429e-09	8662	EIF3B
Reactome	Translation	2.93105550827639	2.16571428571429e-09	64951	MRPS24
Reactome	Translation	2.93105550827639	2.16571428571429e-09	51067	YARS2
Reactome	Translation	2.93105550827639	2.16571428571429e-09	23471	TRAM1
Reactome	Translation	2.93105550827639	2.16571428571429e-09	54998	AURKAIP1
Reactome	SARS-CoV-1 modulates host translation machinery	2.7694484596328	2.16571428571429e-09	6233	RPS27A
Reactome	SARS-CoV-1 modulates host translation machinery	2.7694484596328	2.16571428571429e-09	6231	RPS26
Reactome	SARS-CoV-1 modulates host translation machinery	2.7694484596328	2.16571428571429e-09	6206	RPS12
Reactome	SARS-CoV-1 modulates host translation machinery	2.7694484596328	2.16571428571429e-09	6227	RPS21
Reactome	SARS-CoV-1 modulates host translation machinery	2.7694484596328	2.16571428571429e-09	6222	RPS18
Reactome	SARS-CoV-1 modulates host translation machinery	2.7694484596328	2.16571428571429e-09	6208	RPS14
Reactome	SARS-CoV-1 modulates host translation machinery	2.7694484596328	2.16571428571429e-09	6203	RPS9
Reactome	SARS-CoV-1 modulates host translation machinery	2.7694484596328	2.16571428571429e-09	6217	RPS16
Reactome	SARS-CoV-1 modulates host translation machinery	2.7694484596328	2.16571428571429e-09	6223	RPS19
Reactome	SARS-CoV-1 modulates host translation machinery	2.7694484596328	2.16571428571429e-09	6207	RPS13
Reactome	SARS-CoV-1 modulates host translation machinery	2.7694484596328	2.16571428571429e-09	6189	RPS3A
Reactome	SARS-CoV-1 modulates host translation machinery	2.7694484596328	2.16571428571429e-09	6193	RPS5
Reactome	SARS-CoV-1 modulates host translation machinery	2.7694484596328	2.16571428571429e-09	3921	RPSA
Reactome	SARS-CoV-1 modulates host translation machinery	2.7694484596328	2.16571428571429e-09	6201	RPS7
Reactome	SARS-CoV-1 modulates host translation machinery	2.7694484596328	2.16571428571429e-09	6209	RPS15
Reactome	SARS-CoV-1 modulates host translation machinery	2.7694484596328	2.16571428571429e-09	6228	RPS23
Reactome	SARS-CoV-1 modulates host translation machinery	2.7694484596328	2.16571428571429e-09	51065	RPS27L
Reactome	SARS-CoV-1 modulates host translation machinery	2.7694484596328	2.16571428571429e-09	6218	RPS17
Reactome	SARS-CoV-1 modulates host translation machinery	2.7694484596328	2.16571428571429e-09	6234	RPS28
Reactome	SARS-CoV-1 modulates host translation machinery	2.7694484596328	2.16571428571429e-09	6188	RPS3
Reactome	SARS-CoV-1 modulates host translation machinery	2.7694484596328	2.16571428571429e-09	6210	RPS15A
Reactome	SARS-CoV-1 modulates host translation machinery	2.7694484596328	2.16571428571429e-09	6224	RPS20
Reactome	SARS-CoV-1 modulates host translation machinery	2.7694484596328	2.16571428571429e-09	6229	RPS24
Reactome	SARS-CoV-1 modulates host translation machinery	2.7694484596328	2.16571428571429e-09	6235	RPS29
Reactome	Translation initiation complex formation	2.7652741995181	2.16571428571429e-09	6233	RPS27A
Reactome	Translation initiation complex formation	2.7652741995181	2.16571428571429e-09	6231	RPS26
Reactome	Translation initiation complex formation	2.7652741995181	2.16571428571429e-09	6206	RPS12
Reactome	Translation initiation complex formation	2.7652741995181	2.16571428571429e-09	6227	RPS21
Reactome	Translation initiation complex formation	2.7652741995181	2.16571428571429e-09	6222	RPS18
Reactome	Translation initiation complex formation	2.7652741995181	2.16571428571429e-09	6208	RPS14
Reactome	Translation initiation complex formation	2.7652741995181	2.16571428571429e-09	6203	RPS9
Reactome	Translation initiation complex formation	2.7652741995181	2.16571428571429e-09	6217	RPS16
Reactome	Translation initiation complex formation	2.7652741995181	2.16571428571429e-09	6223	RPS19
Reactome	Translation initiation complex formation	2.7652741995181	2.16571428571429e-09	6207	RPS13
Reactome	Translation initiation complex formation	2.7652741995181	2.16571428571429e-09	6189	RPS3A
Reactome	Translation initiation complex formation	2.7652741995181	2.16571428571429e-09	6193	RPS5
Reactome	Translation initiation complex formation	2.7652741995181	2.16571428571429e-09	3921	RPSA
Reactome	Translation initiation complex formation	2.7652741995181	2.16571428571429e-09	6201	RPS7
Reactome	Translation initiation complex formation	2.7652741995181	2.16571428571429e-09	6209	RPS15
Reactome	Translation initiation complex formation	2.7652741995181	2.16571428571429e-09	6228	RPS23
Reactome	Translation initiation complex formation	2.7652741995181	2.16571428571429e-09	51065	RPS27L
Reactome	Translation initiation complex formation	2.7652741995181	2.16571428571429e-09	6218	RPS17
Reactome	Translation initiation complex formation	2.7652741995181	2.16571428571429e-09	6234	RPS28
Reactome	Translation initiation complex formation	2.7652741995181	2.16571428571429e-09	6188	RPS3
Reactome	Translation initiation complex formation	2.7652741995181	2.16571428571429e-09	6210	RPS15A
Reactome	Translation initiation complex formation	2.7652741995181	2.16571428571429e-09	6224	RPS20
Reactome	Translation initiation complex formation	2.7652741995181	2.16571428571429e-09	8663	EIF3C
Reactome	Translation initiation complex formation	2.7652741995181	2.16571428571429e-09	1973	EIF4A1
Reactome	Translation initiation complex formation	2.7652741995181	2.16571428571429e-09	8894	EIF2S2
Reactome	Translation initiation complex formation	2.7652741995181	2.16571428571429e-09	10480	EIF3M
Reactome	Translation initiation complex formation	2.7652741995181	2.16571428571429e-09	6229	RPS24
Reactome	Translation initiation complex formation	2.7652741995181	2.16571428571429e-09	6235	RPS29
Reactome	Translation initiation complex formation	2.7652741995181	2.16571428571429e-09	26986	PABPC1
Reactome	Translation initiation complex formation	2.7652741995181	2.16571428571429e-09	1977	EIF4E
Reactome	rRNA modification in the nucleus and cytosol	2.62927865945697	2.16571428571429e-09	6208	RPS14
Reactome	rRNA modification in the nucleus and cytosol	2.62927865945697	2.16571428571429e-09	6203	RPS9
Reactome	rRNA modification in the nucleus and cytosol	2.62927865945697	2.16571428571429e-09	10528	NOP56
Reactome	rRNA modification in the nucleus and cytosol	2.62927865945697	2.16571428571429e-09	65083	NOL6
Reactome	rRNA modification in the nucleus and cytosol	2.62927865945697	2.16571428571429e-09	6201	RPS7
Reactome	rRNA modification in the nucleus and cytosol	2.62927865945697	2.16571428571429e-09	57647	DHX37
Reactome	rRNA modification in the nucleus and cytosol	2.62927865945697	2.16571428571429e-09	10885	WDR3
Reactome	rRNA modification in the nucleus and cytosol	2.62927865945697	2.16571428571429e-09	27340	UTP20
Reactome	rRNA modification in the nucleus and cytosol	2.62927865945697	2.16571428571429e-09	22984	PDCD11
Reactome	rRNA modification in the nucleus and cytosol	2.62927865945697	2.16571428571429e-09	92856	IMP4
Reactome	rRNA modification in the nucleus and cytosol	2.62927865945697	2.16571428571429e-09	4809	SNU13
Reactome	rRNA modification in the nucleus and cytosol	2.62927865945697	2.16571428571429e-09	9277	WDR46
Reactome	rRNA modification in the nucleus and cytosol	2.62927865945697	2.16571428571429e-09	84916	UTP4
Reactome	rRNA modification in the nucleus and cytosol	2.62927865945697	2.16571428571429e-09	51118	UTP11
Reactome	rRNA modification in the nucleus and cytosol	2.62927865945697	2.16571428571429e-09	9136	RRP9
Reactome	rRNA modification in the nucleus and cytosol	2.62927865945697	2.16571428571429e-09	1736	DKC1
Reactome	rRNA modification in the nucleus and cytosol	2.62927865945697	2.16571428571429e-09	54555	DDX49
Reactome	rRNA modification in the nucleus and cytosol	2.62927865945697	2.16571428571429e-09	55651	NHP2
Reactome	rRNA modification in the nucleus and cytosol	2.62927865945697	2.16571428571429e-09	134430	WDR36
Reactome	rRNA modification in the nucleus and cytosol	2.62927865945697	2.16571428571429e-09	25879	DCAF13
Reactome	rRNA modification in the nucleus and cytosol	2.62927865945697	2.16571428571429e-09	55813	UTP6
Reactome	rRNA modification in the nucleus and cytosol	2.62927865945697	2.16571428571429e-09	54433	GAR1
Reactome	rRNA modification in the nucleus and cytosol	2.62927865945697	2.16571428571429e-09	55127	HEATR1
Reactome	rRNA modification in the nucleus and cytosol	2.62927865945697	2.16571428571429e-09	55272	IMP3
Reactome	rRNA modification in the nucleus and cytosol	2.62927865945697	2.16571428571429e-09	27341	RRP7A
Reactome	rRNA modification in the nucleus and cytosol	2.62927865945697	2.16571428571429e-09	10813	UTP14A
Reactome	rRNA modification in the nucleus and cytosol	2.62927865945697	2.16571428571429e-09	56902	PNO1
Reactome	rRNA modification in the nucleus and cytosol	2.62927865945697	2.16571428571429e-09	10436	EMG1
Reactome	rRNA modification in the nucleus and cytosol	2.62927865945697	2.16571428571429e-09	51504	TRMT112
Reactome	rRNA modification in the nucleus and cytosol	2.62927865945697	2.16571428571429e-09	8602	NOP14
Reactome	rRNA modification in the nucleus and cytosol	2.62927865945697	2.16571428571429e-09	57050	UTP3
Reactome	rRNA modification in the nucleus and cytosol	2.62927865945697	2.16571428571429e-09	2091	FBL
Reactome	rRNA modification in the nucleus and cytosol	2.62927865945697	2.16571428571429e-09	55505	NOP10
Reactome	rRNA modification in the nucleus and cytosol	2.62927865945697	2.16571428571429e-09	84128	WDR75
Reactome	rRNA modification in the nucleus and cytosol	2.62927865945697	2.16571428571429e-09	51602	NOP58
Reactome	rRNA modification in the nucleus and cytosol	2.62927865945697	2.16571428571429e-09	11056	DDX52
Reactome	rRNA modification in the nucleus and cytosol	2.62927865945697	2.16571428571429e-09	27292	DIMT1
Reactome	rRNA modification in the nucleus and cytosol	2.62927865945697	2.16571428571429e-09	5822	PWP2
Reactome	rRNA modification in the nucleus and cytosol	2.62927865945697	2.16571428571429e-09	51077	FCF1
Reactome	rRNA modification in the nucleus and cytosol	2.62927865945697	2.16571428571429e-09	6187	RPS2
Reactome	rRNA modification in the nucleus and cytosol	2.62927865945697	2.16571428571429e-09	23160	WDR43
Reactome	rRNA modification in the nucleus and cytosol	2.62927865945697	2.16571428571429e-09	10199	MPHOSPH10
Reactome	rRNA modification in the nucleus and cytosol	2.62927865945697	2.16571428571429e-09	9724	UTP14C
Reactome	Regulation of PD-L1(CD274) Post-translational modification	2.48701385446166	2.16571428571429e-09	6233	RPS27A
Reactome	Regulation of PD-L1(CD274) Post-translational modification	2.48701385446166	2.16571428571429e-09	201595	STT3B
Reactome	Regulation of PD-L1(CD274) Post-translational modification	2.48701385446166	2.16571428571429e-09	5692	PSMB4
Reactome	Regulation of PD-L1(CD274) Post-translational modification	2.48701385446166	2.16571428571429e-09	5691	PSMB3
Reactome	Regulation of PD-L1(CD274) Post-translational modification	2.48701385446166	2.16571428571429e-09	5695	PSMB7
Reactome	Regulation of PD-L1(CD274) Post-translational modification	2.48701385446166	2.16571428571429e-09	5686	PSMA5
Reactome	Regulation of PD-L1(CD274) Post-translational modification	2.48701385446166	2.16571428571429e-09	58505	OSTC
Reactome	Regulation of PD-L1(CD274) Post-translational modification	2.48701385446166	2.16571428571429e-09	5687	PSMA6
Reactome	Regulation of PD-L1(CD274) Post-translational modification	2.48701385446166	2.16571428571429e-09	5693	PSMB5
Reactome	Regulation of PD-L1(CD274) Post-translational modification	2.48701385446166	2.16571428571429e-09	5689	PSMB1
Reactome	Regulation of PD-L1(CD274) Post-translational modification	2.48701385446166	2.16571428571429e-09	746	TMEM258
Reactome	Regulation of PD-L1(CD274) Post-translational modification	2.48701385446166	2.16571428571429e-09	5702	PSMC3
Reactome	Regulation of PD-L1(CD274) Post-translational modification	2.48701385446166	2.16571428571429e-09	8454	CUL1
Reactome	Regulation of PD-L1(CD274) Post-translational modification	2.48701385446166	2.16571428571429e-09	5694	PSMB6
Reactome	Regulation of PD-L1(CD274) Post-translational modification	2.48701385446166	2.16571428571429e-09	3703	STT3A
Reactome	Regulation of PD-L1(CD274) Post-translational modification	2.48701385446166	2.16571428571429e-09	10213	PSMD14
Reactome	Regulation of PD-L1(CD274) Post-translational modification	2.48701385446166	2.16571428571429e-09	9978	RBX1
Reactome	Regulation of PD-L1(CD274) Post-translational modification	2.48701385446166	2.16571428571429e-09	5717	PSMD11
Reactome	Regulation of PD-L1(CD274) Post-translational modification	2.48701385446166	2.16571428571429e-09	5688	PSMA7
Reactome	Regulation of PD-L1(CD274) Post-translational modification	2.48701385446166	2.16571428571429e-09	5719	PSMD13
Reactome	Regulation of PD-L1(CD274) Post-translational modification	2.48701385446166	2.16571428571429e-09	5700	PSMC1
Reactome	Regulation of PD-L1(CD274) Post-translational modification	2.48701385446166	2.16571428571429e-09	5701	PSMC2
Reactome	Regulation of PD-L1(CD274) Post-translational modification	2.48701385446166	2.16571428571429e-09	7979	SEM1
Reactome	Regulation of PD-L1(CD274) Post-translational modification	2.48701385446166	2.16571428571429e-09	595	CCND1
Reactome	Regulation of PD-L1(CD274) Post-translational modification	2.48701385446166	2.16571428571429e-09	5713	PSMD7
Reactome	Regulation of PD-L1(CD274) Post-translational modification	2.48701385446166	2.16571428571429e-09	9861	PSMD6
Reactome	Regulation of PD-L1(CD274) Post-translational modification	2.48701385446166	2.16571428571429e-09	7314	UBB
Reactome	Regulation of PD-L1(CD274) Post-translational modification	2.48701385446166	2.16571428571429e-09	5707	PSMD1
Reactome	Regulation of PD-L1(CD274) Post-translational modification	2.48701385446166	2.16571428571429e-09	11047	ADRM1
Reactome	Regulation of PD-L1(CD274) Post-translational modification	2.48701385446166	2.16571428571429e-09	10987	COPS5
Reactome	Regulation of PD-L1(CD274) Post-translational modification	2.48701385446166	2.16571428571429e-09	5706	PSMC6
Reactome	Regulation of PD-L1(CD274) Post-translational modification	2.48701385446166	2.16571428571429e-09	7311	UBA52
Reactome	Regulation of PD-L1(CD274) Post-translational modification	2.48701385446166	2.16571428571429e-09	91319	DERL3
Reactome	Regulation of PD-L1(CD274) Post-translational modification	2.48701385446166	2.16571428571429e-09	5684	PSMA3
Reactome	Regulation of PD-L1(CD274) Post-translational modification	2.48701385446166	2.16571428571429e-09	6048	RNF5
Reactome	Regulation of PD-L1(CD274) Post-translational modification	2.48701385446166	2.16571428571429e-09	1650	DDOST
Reactome	Regulation of PD-L1(CD274) Post-translational modification	2.48701385446166	2.16571428571429e-09	1019	CDK4
Reactome	Regulation of PD-L1(CD274) Post-translational modification	2.48701385446166	2.16571428571429e-09	7415	VCP
Reactome	Regulation of PD-L1(CD274) Post-translational modification	2.48701385446166	2.16571428571429e-09	5683	PSMA2
Reactome	Regulation of PD-L1(CD274) Post-translational modification	2.48701385446166	2.16571428571429e-09	7316	UBC
Reactome	Dengue Virus Genome Translation and Replication	2.27865809710692	4.41379921462151e-07	6233	RPS27A
Reactome	Dengue Virus Genome Translation and Replication	2.27865809710692	4.41379921462151e-07	3309	HSPA5
Reactome	Dengue Virus Genome Translation and Replication	2.27865809710692	4.41379921462151e-07	3312	HSPA8
Reactome	Dengue Virus Genome Translation and Replication	2.27865809710692	4.41379921462151e-07	201595	STT3B
Reactome	Dengue Virus Genome Translation and Replication	2.27865809710692	4.41379921462151e-07	821	CANX
Reactome	Dengue Virus Genome Translation and Replication	2.27865809710692	4.41379921462151e-07	51726	DNAJB11
Reactome	Dengue Virus Genome Translation and Replication	2.27865809710692	4.41379921462151e-07	10294	DNAJA2
Reactome	Dengue Virus Genome Translation and Replication	2.27865809710692	4.41379921462151e-07	58505	OSTC
Reactome	Dengue Virus Genome Translation and Replication	2.27865809710692	4.41379921462151e-07	746	TMEM258
Reactome	Dengue Virus Genome Translation and Replication	2.27865809710692	4.41379921462151e-07	7341	SUMO1
Reactome	Dengue Virus Genome Translation and Replication	2.27865809710692	4.41379921462151e-07	3703	STT3A
Reactome	Dengue Virus Genome Translation and Replication	2.27865809710692	4.41379921462151e-07	3840	KPNA4
Reactome	Dengue Virus Genome Translation and Replication	2.27865809710692	4.41379921462151e-07	3184	HNRNPD
Reactome	Dengue Virus Genome Translation and Replication	2.27865809710692	4.41379921462151e-07	28972	SPCS1
Reactome	Dengue Virus Genome Translation and Replication	2.27865809710692	4.41379921462151e-07	1973	EIF4A1
Reactome	Dengue Virus Genome Translation and Replication	2.27865809710692	4.41379921462151e-07	10525	HYOU1
Reactome	Dengue Virus Genome Translation and Replication	2.27865809710692	4.41379921462151e-07	10965	ACOT2
Reactome	Dengue Virus Genome Translation and Replication	2.27865809710692	4.41379921462151e-07	90701	SEC11C
Reactome	Dengue Virus Genome Translation and Replication	2.27865809710692	4.41379921462151e-07	7314	UBB
Reactome	Dengue Virus Genome Translation and Replication	2.27865809710692	4.41379921462151e-07	4666	NACA
Reactome	Dengue Virus Genome Translation and Replication	2.27865809710692	4.41379921462151e-07	3304	HSPA1B
Reactome	Dengue Virus Genome Translation and Replication	2.27865809710692	4.41379921462151e-07	26986	PABPC1
Reactome	Dengue Virus Genome Translation and Replication	2.27865809710692	4.41379921462151e-07	3839	KPNA3
Reactome	Dengue Virus Genome Translation and Replication	2.27865809710692	4.41379921462151e-07	1977	EIF4E
Reactome	Dengue Virus Genome Translation and Replication	2.27865809710692	4.41379921462151e-07	9789	SPCS2
Reactome	Dengue Virus Genome Translation and Replication	2.27865809710692	4.41379921462151e-07	7311	UBA52
Reactome	Dengue Virus Genome Translation and Replication	2.27865809710692	4.41379921462151e-07	811	CALR
Reactome	Dengue Virus Genome Translation and Replication	2.27865809710692	4.41379921462151e-07	7353	UFD1
Reactome	Dengue Virus Genome Translation and Replication	2.27865809710692	4.41379921462151e-07	7514	XPO1
Reactome	Dengue Virus Genome Translation and Replication	2.27865809710692	4.41379921462151e-07	1650	DDOST
Reactome	Dengue Virus Genome Translation and Replication	2.27865809710692	4.41379921462151e-07	1982	EIF4G2
Reactome	Dengue Virus Genome Translation and Replication	2.27865809710692	4.41379921462151e-07	7415	VCP
Reactome	Dengue Virus Genome Translation and Replication	2.27865809710692	4.41379921462151e-07	7316	UBC
Reactome	Dengue Virus Genome Translation and Replication	2.27865809710692	4.41379921462151e-07	5611	DNAJC3
Reactome	Dengue Virus Genome Translation and Replication	2.27865809710692	4.41379921462151e-07	4904	YBX1
Reactome	Mitochondrial translation elongation	1.81994466927742	0.00162342273847894	51021	MRPS16
Reactome	Mitochondrial translation elongation	1.81994466927742	0.00162342273847894	54460	MRPS21
Reactome	Mitochondrial translation elongation	1.81994466927742	0.00162342273847894	29088	MRPL15
Reactome	Mitochondrial translation elongation	1.81994466927742	0.00162342273847894	10884	MRPS30
Reactome	Mitochondrial translation elongation	1.81994466927742	0.00162342273847894	65008	MRPL1
Reactome	Mitochondrial translation elongation	1.81994466927742	0.00162342273847894	28998	MRPL13
Reactome	Mitochondrial translation elongation	1.81994466927742	0.00162342273847894	64983	MRPL32
Reactome	Mitochondrial translation elongation	1.81994466927742	0.00162342273847894	64965	MRPS9
Reactome	Mitochondrial translation elongation	1.81994466927742	0.00162342273847894	78988	MRPL57
Reactome	Mitochondrial translation elongation	1.81994466927742	0.00162342273847894	51023	MRPS18C
Reactome	Mitochondrial translation elongation	1.81994466927742	0.00162342273847894	57129	MRPL47
Reactome	Mitochondrial translation elongation	1.81994466927742	0.00162342273847894	219927	MRPL21
Reactome	Mitochondrial translation elongation	1.81994466927742	0.00162342273847894	85476	GFM1
Reactome	Mitochondrial translation elongation	1.81994466927742	0.00162342273847894	11222	MRPL3
Reactome	Mitochondrial translation elongation	1.81994466927742	0.00162342273847894	118487	CHCHD1
Reactome	Mitochondrial translation elongation	1.81994466927742	0.00162342273847894	51258	MRPL51
Reactome	Mitochondrial translation elongation	1.81994466927742	0.00162342273847894	54534	MRPL50
Reactome	Mitochondrial translation elongation	1.81994466927742	0.00162342273847894	116541	MRPL54
Reactome	Mitochondrial translation elongation	1.81994466927742	0.00162342273847894	6183	MRPS12
Reactome	Mitochondrial translation elongation	1.81994466927742	0.00162342273847894	28957	MRPS28
Reactome	Mitochondrial translation elongation	1.81994466927742	0.00162342273847894	51650	MRPS33
Reactome	Mitochondrial translation elongation	1.81994466927742	0.00162342273847894	92259	KGD4
Reactome	Mitochondrial translation elongation	1.81994466927742	0.00162342273847894	64951	MRPS24
Reactome	Mitochondrial translation elongation	1.81994466927742	0.00162342273847894	54998	AURKAIP1
Reactome	Mitochondrial translation elongation	1.81994466927742	0.00162342273847894	51642	MRPL48
Reactome	Mitochondrial translation elongation	1.81994466927742	0.00162342273847894	64979	MRPL36
Reactome	Mitochondrial translation elongation	1.81994466927742	0.00162342273847894	740	MRPL49
Reactome	Mitochondrial translation elongation	1.81994466927742	0.00162342273847894	10240	MRPS31
Reactome	Mitochondrial translation elongation	1.81994466927742	0.00162342273847894	65993	MRPS34
Reactome	Mitochondrial translation elongation	1.81994466927742	0.00162342273847894	55052	MRPL20
Reactome	Mitochondrial translation elongation	1.81994466927742	0.00162342273847894	60488	MRPS35
Reactome	Mitochondrial translation elongation	1.81994466927742	0.00162342273847894	28973	MRPS18B
Reactome	Mitochondrial translation elongation	1.81994466927742	0.00162342273847894	65080	MRPL44
Reactome	Mitochondrial translation elongation	1.81994466927742	0.00162342273847894	23107	MRPS27
Reactome	Mitochondrial translation elongation	1.81994466927742	0.00162342273847894	51263	MRPL30
Reactome	Mitochondrial translation elongation	1.81994466927742	0.00162342273847894	90480	GADD45GIP1
Reactome	Mitochondrial translation elongation	1.81994466927742	0.00162342273847894	64968	MRPS6
Reactome	Mitochondrial translation elongation	1.81994466927742	0.00162342273847894	51373	MRPS17
Reactome	Mitochondrial translation elongation	1.81994466927742	0.00162342273847894	63931	MRPS14
Reactome	Mitochondrial translation elongation	1.81994466927742	0.00162342273847894	9801	MRPL19
Reactome	Mitochondrial translation elongation	1.81994466927742	0.00162342273847894	122704	MRPL52
Reactome	Transcriptional and post-translational regulation of MITF-M expression and activity	1.90548780344429	0.00174198282545859	3397	ID1
Reactome	Transcriptional and post-translational regulation of MITF-M expression and activity	1.90548780344429	0.00174198282545859	51520	LARS1
Reactome	Transcriptional and post-translational regulation of MITF-M expression and activity	1.90548780344429	0.00174198282545859	3376	IARS1
Reactome	Transcriptional and post-translational regulation of MITF-M expression and activity	1.90548780344429	0.00174198282545859	3094	HINT1
Reactome	Transcriptional and post-translational regulation of MITF-M expression and activity	1.90548780344429	0.00174198282545859	7529	YWHAB
Reactome	Transcriptional and post-translational regulation of MITF-M expression and activity	1.90548780344429	0.00174198282545859	7341	SUMO1
Reactome	Transcriptional and post-translational regulation of MITF-M expression and activity	1.90548780344429	0.00174198282545859	27022	FOXD3
Reactome	Transcriptional and post-translational regulation of MITF-M expression and activity	1.90548780344429	0.00174198282545859	5917	RARS1
Reactome	Transcriptional and post-translational regulation of MITF-M expression and activity	1.90548780344429	0.00174198282545859	8600	TNFSF11
Reactome	Transcriptional and post-translational regulation of MITF-M expression and activity	1.90548780344429	0.00174198282545859	7534	YWHAZ
Reactome	Transcriptional and post-translational regulation of MITF-M expression and activity	1.90548780344429	0.00174198282545859	3815	KIT
Reactome	Transcriptional and post-translational regulation of MITF-M expression and activity	1.90548780344429	0.00174198282545859	2058	EPRS1
Reactome	Transcriptional and post-translational regulation of MITF-M expression and activity	1.90548780344429	0.00174198282545859	4141	MARS1
Reactome	Transcriptional and post-translational regulation of MITF-M expression and activity	1.90548780344429	0.00174198282545859	7514	XPO1
Reactome	Transcriptional and post-translational regulation of MITF-M expression and activity	1.90548780344429	0.00174198282545859	9521	EEF1E1
Reactome	Transcriptional and post-translational regulation of MITF-M expression and activity	1.90548780344429	0.00174198282545859	4254	KITLG
Reactome	Transcriptional and post-translational regulation of MITF-M expression and activity	1.90548780344429	0.00174198282545859	4286	MITF
Reactome	Transcriptional and post-translational regulation of MITF-M expression and activity	1.90548780344429	0.00174198282545859	23411	SIRT1
Reactome	Transcriptional and post-translational regulation of MITF-M expression and activity	1.90548780344429	0.00174198282545859	1910	EDNRB
Reactome	Transcriptional and post-translational regulation of MITF-M expression and activity	1.90548780344429	0.00174198282545859	3735	KARS1
Reactome	Transcriptional and post-translational regulation of MITF-M expression and activity	1.90548780344429	0.00174198282545859	1499	CTNNB1
Reactome	NoRC negatively regulates rRNA expression	1.85241124324151	0.00257474811607025	1789	DNMT3B
Reactome	NoRC negatively regulates rRNA expression	1.85241124324151	0.00257474811607025	8334	H2AC6
Reactome	NoRC negatively regulates rRNA expression	1.85241124324151	0.00257474811607025	3020	H3-3A
Reactome	NoRC negatively regulates rRNA expression	1.85241124324151	0.00257474811607025	8970	H2BC11
Reactome	NoRC negatively regulates rRNA expression	1.85241124324151	0.00257474811607025	84172	POLR1B
Reactome	NoRC negatively regulates rRNA expression	1.85241124324151	0.00257474811607025	8353	H3C6
Reactome	NoRC negatively regulates rRNA expression	1.85241124324151	0.00257474811607025	8355	H3C8
Reactome	NoRC negatively regulates rRNA expression	1.85241124324151	0.00257474811607025	10849	POLR1G
Reactome	NoRC negatively regulates rRNA expression	1.85241124324151	0.00257474811607025	3066	HDAC2
Reactome	NoRC negatively regulates rRNA expression	1.85241124324151	0.00257474811607025	5435	POLR2F
Reactome	NoRC negatively regulates rRNA expression	1.85241124324151	0.00257474811607025	8365	H4C8
Reactome	NoRC negatively regulates rRNA expression	1.85241124324151	0.00257474811607025	23309	SIN3B
Reactome	NoRC negatively regulates rRNA expression	1.85241124324151	0.00257474811607025	3017	H2BC5
Reactome	NoRC negatively regulates rRNA expression	1.85241124324151	0.00257474811607025	5441	POLR2L
Reactome	NoRC negatively regulates rRNA expression	1.85241124324151	0.00257474811607025	64426	SUDS3
Reactome	NoRC negatively regulates rRNA expression	1.85241124324151	0.00257474811607025	85236	H2BC12
Reactome	NoRC negatively regulates rRNA expression	1.85241124324151	0.00257474811607025	9015	TAF1A
Reactome	NoRC negatively regulates rRNA expression	1.85241124324151	0.00257474811607025	51742	ARID4B
Reactome	NoRC negatively regulates rRNA expression	1.85241124324151	0.00257474811607025	7343	UBTF
Reactome	NoRC negatively regulates rRNA expression	1.85241124324151	0.00257474811607025	121504	H4C16
Reactome	NoRC negatively regulates rRNA expression	1.85241124324151	0.00257474811607025	1022	CDK7
Reactome	Mitochondrial ribosome-associated quality control	1.78010566225071	0.00267882100668479	51021	MRPS16
Reactome	Mitochondrial ribosome-associated quality control	1.78010566225071	0.00267882100668479	54460	MRPS21
Reactome	Mitochondrial ribosome-associated quality control	1.78010566225071	0.00267882100668479	29088	MRPL15
Reactome	Mitochondrial ribosome-associated quality control	1.78010566225071	0.00267882100668479	10884	MRPS30
Reactome	Mitochondrial ribosome-associated quality control	1.78010566225071	0.00267882100668479	65008	MRPL1
Reactome	Mitochondrial ribosome-associated quality control	1.78010566225071	0.00267882100668479	28998	MRPL13
Reactome	Mitochondrial ribosome-associated quality control	1.78010566225071	0.00267882100668479	64983	MRPL32
Reactome	Mitochondrial ribosome-associated quality control	1.78010566225071	0.00267882100668479	64965	MRPS9
Reactome	Mitochondrial ribosome-associated quality control	1.78010566225071	0.00267882100668479	78988	MRPL57
Reactome	Mitochondrial ribosome-associated quality control	1.78010566225071	0.00267882100668479	51023	MRPS18C
Reactome	Mitochondrial ribosome-associated quality control	1.78010566225071	0.00267882100668479	57129	MRPL47
Reactome	Mitochondrial ribosome-associated quality control	1.78010566225071	0.00267882100668479	219927	MRPL21
Reactome	Mitochondrial ribosome-associated quality control	1.78010566225071	0.00267882100668479	11222	MRPL3
Reactome	Mitochondrial ribosome-associated quality control	1.78010566225071	0.00267882100668479	118487	CHCHD1
Reactome	Mitochondrial ribosome-associated quality control	1.78010566225071	0.00267882100668479	51258	MRPL51
Reactome	Mitochondrial ribosome-associated quality control	1.78010566225071	0.00267882100668479	54534	MRPL50
Reactome	Mitochondrial ribosome-associated quality control	1.78010566225071	0.00267882100668479	116541	MRPL54
Reactome	Mitochondrial ribosome-associated quality control	1.78010566225071	0.00267882100668479	6183	MRPS12
Reactome	Mitochondrial ribosome-associated quality control	1.78010566225071	0.00267882100668479	28957	MRPS28
Reactome	Mitochondrial ribosome-associated quality control	1.78010566225071	0.00267882100668479	51650	MRPS33
Reactome	Mitochondrial ribosome-associated quality control	1.78010566225071	0.00267882100668479	92259	KGD4
Reactome	Mitochondrial ribosome-associated quality control	1.78010566225071	0.00267882100668479	64951	MRPS24
Reactome	Mitochondrial ribosome-associated quality control	1.78010566225071	0.00267882100668479	54998	AURKAIP1
Reactome	Mitochondrial ribosome-associated quality control	1.78010566225071	0.00267882100668479	51642	MRPL48
Reactome	Mitochondrial ribosome-associated quality control	1.78010566225071	0.00267882100668479	64979	MRPL36
Reactome	Mitochondrial ribosome-associated quality control	1.78010566225071	0.00267882100668479	740	MRPL49
Reactome	Mitochondrial ribosome-associated quality control	1.78010566225071	0.00267882100668479	10240	MRPS31
Reactome	Mitochondrial ribosome-associated quality control	1.78010566225071	0.00267882100668479	65993	MRPS34
Reactome	Mitochondrial ribosome-associated quality control	1.78010566225071	0.00267882100668479	55052	MRPL20
Reactome	Mitochondrial ribosome-associated quality control	1.78010566225071	0.00267882100668479	60488	MRPS35
Reactome	Mitochondrial ribosome-associated quality control	1.78010566225071	0.00267882100668479	28973	MRPS18B
Reactome	Mitochondrial ribosome-associated quality control	1.78010566225071	0.00267882100668479	65080	MRPL44
Reactome	Mitochondrial ribosome-associated quality control	1.78010566225071	0.00267882100668479	23107	MRPS27
Reactome	Mitochondrial ribosome-associated quality control	1.78010566225071	0.00267882100668479	51263	MRPL30
Reactome	Mitochondrial ribosome-associated quality control	1.78010566225071	0.00267882100668479	90480	GADD45GIP1
Reactome	Mitochondrial ribosome-associated quality control	1.78010566225071	0.00267882100668479	64968	MRPS6
Reactome	Mitochondrial ribosome-associated quality control	1.78010566225071	0.00267882100668479	51373	MRPS17
Reactome	Mitochondrial ribosome-associated quality control	1.78010566225071	0.00267882100668479	63931	MRPS14
Reactome	Mitochondrial ribosome-associated quality control	1.78010566225071	0.00267882100668479	9801	MRPL19
Reactome	Mitochondrial ribosome-associated quality control	1.78010566225071	0.00267882100668479	122704	MRPL52
Reactome	B-WICH complex positively regulates rRNA expression	1.85092281887678	0.0034629889145838	8334	H2AC6
Reactome	B-WICH complex positively regulates rRNA expression	1.85092281887678	0.0034629889145838	3020	H3-3A
Reactome	B-WICH complex positively regulates rRNA expression	1.85092281887678	0.0034629889145838	8970	H2BC11
Reactome	B-WICH complex positively regulates rRNA expression	1.85092281887678	0.0034629889145838	84172	POLR1B
Reactome	B-WICH complex positively regulates rRNA expression	1.85092281887678	0.0034629889145838	10514	MYBBP1A
Reactome	B-WICH complex positively regulates rRNA expression	1.85092281887678	0.0034629889145838	8353	H3C6
Reactome	B-WICH complex positively regulates rRNA expression	1.85092281887678	0.0034629889145838	8355	H3C8
Reactome	B-WICH complex positively regulates rRNA expression	1.85092281887678	0.0034629889145838	10849	POLR1G
Reactome	B-WICH complex positively regulates rRNA expression	1.85092281887678	0.0034629889145838	5435	POLR2F
Reactome	B-WICH complex positively regulates rRNA expression	1.85092281887678	0.0034629889145838	8365	H4C8
Reactome	B-WICH complex positively regulates rRNA expression	1.85092281887678	0.0034629889145838	9188	DDX21
Reactome	B-WICH complex positively regulates rRNA expression	1.85092281887678	0.0034629889145838	3017	H2BC5
Reactome	B-WICH complex positively regulates rRNA expression	1.85092281887678	0.0034629889145838	5441	POLR2L
Reactome	B-WICH complex positively regulates rRNA expression	1.85092281887678	0.0034629889145838	85236	H2BC12
Reactome	B-WICH complex positively regulates rRNA expression	1.85092281887678	0.0034629889145838	60	ACTB
Reactome	B-WICH complex positively regulates rRNA expression	1.85092281887678	0.0034629889145838	9015	TAF1A
Reactome	Mitochondrial translation termination	1.73088896062741	0.00489077232311345	51021	MRPS16
Reactome	Mitochondrial translation termination	1.73088896062741	0.00489077232311345	54460	MRPS21
Reactome	Mitochondrial translation termination	1.73088896062741	0.00489077232311345	29088	MRPL15
Reactome	Mitochondrial translation termination	1.73088896062741	0.00489077232311345	10884	MRPS30
Reactome	Mitochondrial translation termination	1.73088896062741	0.00489077232311345	65008	MRPL1
Reactome	Mitochondrial translation termination	1.73088896062741	0.00489077232311345	28998	MRPL13
Reactome	Mitochondrial translation termination	1.73088896062741	0.00489077232311345	64983	MRPL32
Reactome	Mitochondrial translation termination	1.73088896062741	0.00489077232311345	64965	MRPS9
Reactome	Mitochondrial translation termination	1.73088896062741	0.00489077232311345	4541	MT-ND6
Reactome	Mitochondrial translation termination	1.73088896062741	0.00489077232311345	78988	MRPL57
Reactome	Mitochondrial translation termination	1.73088896062741	0.00489077232311345	51023	MRPS18C
Reactome	Mitochondrial translation termination	1.73088896062741	0.00489077232311345	57129	MRPL47
Reactome	Mitochondrial translation termination	1.73088896062741	0.00489077232311345	219927	MRPL21
Reactome	Mitochondrial translation termination	1.73088896062741	0.00489077232311345	4509	MT-ATP8
Reactome	Mitochondrial translation termination	1.73088896062741	0.00489077232311345	11222	MRPL3
Reactome	Mitochondrial translation termination	1.73088896062741	0.00489077232311345	118487	CHCHD1
Reactome	Mitochondrial translation termination	1.73088896062741	0.00489077232311345	51258	MRPL51
Reactome	Mitochondrial translation termination	1.73088896062741	0.00489077232311345	54534	MRPL50
Reactome	Mitochondrial translation termination	1.73088896062741	0.00489077232311345	4514	MT-CO3
Reactome	Mitochondrial translation termination	1.73088896062741	0.00489077232311345	116541	MRPL54
Reactome	Mitochondrial translation termination	1.73088896062741	0.00489077232311345	6183	MRPS12
Reactome	Mitochondrial translation termination	1.73088896062741	0.00489077232311345	28957	MRPS28
Reactome	Mitochondrial translation termination	1.73088896062741	0.00489077232311345	51650	MRPS33
Reactome	Mitochondrial translation termination	1.73088896062741	0.00489077232311345	92259	KGD4
Reactome	Mitochondrial translation termination	1.73088896062741	0.00489077232311345	4540	MT-ND5
Reactome	Mitochondrial translation termination	1.73088896062741	0.00489077232311345	64951	MRPS24
Reactome	Mitochondrial translation termination	1.73088896062741	0.00489077232311345	54998	AURKAIP1
Reactome	Mitochondrial translation termination	1.73088896062741	0.00489077232311345	51642	MRPL48
Reactome	Mitochondrial translation termination	1.73088896062741	0.00489077232311345	64979	MRPL36
Reactome	Mitochondrial translation termination	1.73088896062741	0.00489077232311345	740	MRPL49
Reactome	Mitochondrial translation termination	1.73088896062741	0.00489077232311345	10240	MRPS31
Reactome	Mitochondrial translation termination	1.73088896062741	0.00489077232311345	65993	MRPS34
Reactome	Mitochondrial translation termination	1.73088896062741	0.00489077232311345	55052	MRPL20
Reactome	Mitochondrial translation termination	1.73088896062741	0.00489077232311345	60488	MRPS35
Reactome	Mitochondrial translation termination	1.73088896062741	0.00489077232311345	92399	MRRF
Reactome	Mitochondrial translation termination	1.73088896062741	0.00489077232311345	28973	MRPS18B
Reactome	Mitochondrial translation termination	1.73088896062741	0.00489077232311345	65080	MRPL44
Reactome	Mitochondrial translation termination	1.73088896062741	0.00489077232311345	23107	MRPS27
Reactome	Mitochondrial translation termination	1.73088896062741	0.00489077232311345	51263	MRPL30
Reactome	Mitochondrial translation termination	1.73088896062741	0.00489077232311345	90480	GADD45GIP1
Reactome	Mitochondrial translation termination	1.73088896062741	0.00489077232311345	64968	MRPS6
Reactome	Mitochondrial translation termination	1.73088896062741	0.00489077232311345	51373	MRPS17
Reactome	Mitochondrial translation termination	1.73088896062741	0.00489077232311345	54516	MTRF1L
Reactome	Mitochondrial translation termination	1.73088896062741	0.00489077232311345	63931	MRPS14
Reactome	Mitochondrial translation termination	1.73088896062741	0.00489077232311345	9801	MRPL19
Reactome	Mitochondrial translation termination	1.73088896062741	0.00489077232311345	122704	MRPL52
Reactome	Negative epigenetic regulation of rRNA expression	1.75861501379864	0.00524348316866187	1789	DNMT3B
Reactome	Negative epigenetic regulation of rRNA expression	1.75861501379864	0.00524348316866187	8334	H2AC6
Reactome	Negative epigenetic regulation of rRNA expression	1.75861501379864	0.00524348316866187	3020	H3-3A
Reactome	Negative epigenetic regulation of rRNA expression	1.75861501379864	0.00524348316866187	8970	H2BC11
Reactome	Negative epigenetic regulation of rRNA expression	1.75861501379864	0.00524348316866187	84172	POLR1B
Reactome	Negative epigenetic regulation of rRNA expression	1.75861501379864	0.00524348316866187	8353	H3C6
Reactome	Negative epigenetic regulation of rRNA expression	1.75861501379864	0.00524348316866187	8355	H3C8
Reactome	Negative epigenetic regulation of rRNA expression	1.75861501379864	0.00524348316866187	10849	POLR1G
Reactome	Negative epigenetic regulation of rRNA expression	1.75861501379864	0.00524348316866187	3066	HDAC2
Reactome	Negative epigenetic regulation of rRNA expression	1.75861501379864	0.00524348316866187	5435	POLR2F
Reactome	Negative epigenetic regulation of rRNA expression	1.75861501379864	0.00524348316866187	8365	H4C8
Reactome	Negative epigenetic regulation of rRNA expression	1.75861501379864	0.00524348316866187	23309	SIN3B
Reactome	Negative epigenetic regulation of rRNA expression	1.75861501379864	0.00524348316866187	3017	H2BC5
Reactome	Negative epigenetic regulation of rRNA expression	1.75861501379864	0.00524348316866187	5441	POLR2L
Reactome	Negative epigenetic regulation of rRNA expression	1.75861501379864	0.00524348316866187	64426	SUDS3
Reactome	Negative epigenetic regulation of rRNA expression	1.75861501379864	0.00524348316866187	85236	H2BC12
Reactome	Negative epigenetic regulation of rRNA expression	1.75861501379864	0.00524348316866187	9015	TAF1A
Reactome	Negative epigenetic regulation of rRNA expression	1.75861501379864	0.00524348316866187	51742	ARID4B
Reactome	Negative epigenetic regulation of rRNA expression	1.75861501379864	0.00524348316866187	7343	UBTF
Reactome	Negative epigenetic regulation of rRNA expression	1.75861501379864	0.00524348316866187	121504	H4C16
Reactome	Negative epigenetic regulation of rRNA expression	1.75861501379864	0.00524348316866187	1022	CDK7
Reactome	Mitochondrial translation	1.6416189123923	0.00962179975034931	51021	MRPS16
Reactome	Mitochondrial translation	1.6416189123923	0.00962179975034931	54460	MRPS21
Reactome	Mitochondrial translation	1.6416189123923	0.00962179975034931	29088	MRPL15
Reactome	Mitochondrial translation	1.6416189123923	0.00962179975034931	10884	MRPS30
Reactome	Mitochondrial translation	1.6416189123923	0.00962179975034931	65008	MRPL1
Reactome	Mitochondrial translation	1.6416189123923	0.00962179975034931	28998	MRPL13
Reactome	Mitochondrial translation	1.6416189123923	0.00962179975034931	64983	MRPL32
Reactome	Mitochondrial translation	1.6416189123923	0.00962179975034931	64965	MRPS9
Reactome	Mitochondrial translation	1.6416189123923	0.00962179975034931	4541	MT-ND6
Reactome	Mitochondrial translation	1.6416189123923	0.00962179975034931	78988	MRPL57
Reactome	Mitochondrial translation	1.6416189123923	0.00962179975034931	51023	MRPS18C
Reactome	Mitochondrial translation	1.6416189123923	0.00962179975034931	57129	MRPL47
Reactome	Mitochondrial translation	1.6416189123923	0.00962179975034931	219927	MRPL21
Reactome	Mitochondrial translation	1.6416189123923	0.00962179975034931	85476	GFM1
Reactome	Mitochondrial translation	1.6416189123923	0.00962179975034931	4509	MT-ATP8
Reactome	Mitochondrial translation	1.6416189123923	0.00962179975034931	11222	MRPL3
Reactome	Mitochondrial translation	1.6416189123923	0.00962179975034931	118487	CHCHD1
Reactome	Mitochondrial translation	1.6416189123923	0.00962179975034931	51258	MRPL51
Reactome	Mitochondrial translation	1.6416189123923	0.00962179975034931	54534	MRPL50
Reactome	Mitochondrial translation	1.6416189123923	0.00962179975034931	4514	MT-CO3
Reactome	Mitochondrial translation	1.6416189123923	0.00962179975034931	116541	MRPL54
Reactome	Mitochondrial translation	1.6416189123923	0.00962179975034931	6183	MRPS12
Reactome	Mitochondrial translation	1.6416189123923	0.00962179975034931	28957	MRPS28
Reactome	Mitochondrial translation	1.6416189123923	0.00962179975034931	51650	MRPS33
Reactome	Mitochondrial translation	1.6416189123923	0.00962179975034931	92259	KGD4
Reactome	Mitochondrial translation	1.6416189123923	0.00962179975034931	4540	MT-ND5
Reactome	Mitochondrial translation	1.6416189123923	0.00962179975034931	64951	MRPS24
Reactome	Mitochondrial translation	1.6416189123923	0.00962179975034931	54998	AURKAIP1
Reactome	Mitochondrial translation	1.6416189123923	0.00962179975034931	51642	MRPL48
Reactome	Mitochondrial translation	1.6416189123923	0.00962179975034931	64979	MRPL36
Reactome	Mitochondrial translation	1.6416189123923	0.00962179975034931	740	MRPL49
Reactome	Mitochondrial translation	1.6416189123923	0.00962179975034931	10240	MRPS31
Reactome	Mitochondrial translation	1.6416189123923	0.00962179975034931	65993	MRPS34
Reactome	Mitochondrial translation	1.6416189123923	0.00962179975034931	55052	MRPL20
Reactome	Mitochondrial translation	1.6416189123923	0.00962179975034931	60488	MRPS35
Reactome	Mitochondrial translation	1.6416189123923	0.00962179975034931	92399	MRRF
Reactome	Mitochondrial translation	1.6416189123923	0.00962179975034931	28973	MRPS18B
Reactome	Mitochondrial translation	1.6416189123923	0.00962179975034931	65080	MRPL44
Reactome	Mitochondrial translation	1.6416189123923	0.00962179975034931	23107	MRPS27
Reactome	Mitochondrial translation	1.6416189123923	0.00962179975034931	51263	MRPL30
Reactome	Mitochondrial translation	1.6416189123923	0.00962179975034931	90480	GADD45GIP1
Reactome	Mitochondrial translation	1.6416189123923	0.00962179975034931	64968	MRPS6
Reactome	Mitochondrial translation	1.6416189123923	0.00962179975034931	51373	MRPS17
Reactome	Mitochondrial translation	1.6416189123923	0.00962179975034931	54516	MTRF1L
Reactome	Mitochondrial translation	1.6416189123923	0.00962179975034931	63931	MRPS14
Reactome	Mitochondrial translation	1.6416189123923	0.00962179975034931	9801	MRPL19
Reactome	Mitochondrial translation	1.6416189123923	0.00962179975034931	122704	MRPL52
Reactome	Mitochondrial translation initiation	1.70678186971479	0.0103639270574379	51021	MRPS16
Reactome	Mitochondrial translation initiation	1.70678186971479	0.0103639270574379	54460	MRPS21
Reactome	Mitochondrial translation initiation	1.70678186971479	0.0103639270574379	29088	MRPL15
Reactome	Mitochondrial translation initiation	1.70678186971479	0.0103639270574379	10884	MRPS30
Reactome	Mitochondrial translation initiation	1.70678186971479	0.0103639270574379	65008	MRPL1
Reactome	Mitochondrial translation initiation	1.70678186971479	0.0103639270574379	28998	MRPL13
Reactome	Mitochondrial translation initiation	1.70678186971479	0.0103639270574379	64983	MRPL32
Reactome	Mitochondrial translation initiation	1.70678186971479	0.0103639270574379	64965	MRPS9
Reactome	Mitochondrial translation initiation	1.70678186971479	0.0103639270574379	78988	MRPL57
Reactome	Mitochondrial translation initiation	1.70678186971479	0.0103639270574379	51023	MRPS18C
Reactome	Mitochondrial translation initiation	1.70678186971479	0.0103639270574379	57129	MRPL47
Reactome	Mitochondrial translation initiation	1.70678186971479	0.0103639270574379	219927	MRPL21
Reactome	Mitochondrial translation initiation	1.70678186971479	0.0103639270574379	11222	MRPL3
Reactome	Mitochondrial translation initiation	1.70678186971479	0.0103639270574379	118487	CHCHD1
Reactome	Mitochondrial translation initiation	1.70678186971479	0.0103639270574379	51258	MRPL51
Reactome	Mitochondrial translation initiation	1.70678186971479	0.0103639270574379	54534	MRPL50
Reactome	Mitochondrial translation initiation	1.70678186971479	0.0103639270574379	116541	MRPL54
Reactome	Mitochondrial translation initiation	1.70678186971479	0.0103639270574379	6183	MRPS12
Reactome	Mitochondrial translation initiation	1.70678186971479	0.0103639270574379	28957	MRPS28
Reactome	Mitochondrial translation initiation	1.70678186971479	0.0103639270574379	51650	MRPS33
Reactome	Mitochondrial translation initiation	1.70678186971479	0.0103639270574379	92259	KGD4
Reactome	Mitochondrial translation initiation	1.70678186971479	0.0103639270574379	64951	MRPS24
Reactome	Mitochondrial translation initiation	1.70678186971479	0.0103639270574379	54998	AURKAIP1
Reactome	Mitochondrial translation initiation	1.70678186971479	0.0103639270574379	51642	MRPL48
Reactome	Mitochondrial translation initiation	1.70678186971479	0.0103639270574379	64979	MRPL36
Reactome	Mitochondrial translation initiation	1.70678186971479	0.0103639270574379	740	MRPL49
Reactome	Mitochondrial translation initiation	1.70678186971479	0.0103639270574379	10240	MRPS31
Reactome	Mitochondrial translation initiation	1.70678186971479	0.0103639270574379	65993	MRPS34
Reactome	Mitochondrial translation initiation	1.70678186971479	0.0103639270574379	55052	MRPL20
Reactome	Mitochondrial translation initiation	1.70678186971479	0.0103639270574379	60488	MRPS35
Reactome	Mitochondrial translation initiation	1.70678186971479	0.0103639270574379	28973	MRPS18B
Reactome	Mitochondrial translation initiation	1.70678186971479	0.0103639270574379	65080	MRPL44
Reactome	Mitochondrial translation initiation	1.70678186971479	0.0103639270574379	23107	MRPS27
Reactome	Mitochondrial translation initiation	1.70678186971479	0.0103639270574379	51263	MRPL30
Reactome	Mitochondrial translation initiation	1.70678186971479	0.0103639270574379	90480	GADD45GIP1
Reactome	Mitochondrial translation initiation	1.70678186971479	0.0103639270574379	64968	MRPS6
Reactome	Mitochondrial translation initiation	1.70678186971479	0.0103639270574379	51373	MRPS17
Reactome	Mitochondrial translation initiation	1.70678186971479	0.0103639270574379	63931	MRPS14
Reactome	Mitochondrial translation initiation	1.70678186971479	0.0103639270574379	9801	MRPL19
Reactome	Mitochondrial translation initiation	1.70678186971479	0.0103639270574379	122704	MRPL52
Reactome	Positive epigenetic regulation of rRNA expression	1.59593193005256	0.0236503282368898	8334	H2AC6
Reactome	Positive epigenetic regulation of rRNA expression	1.59593193005256	0.0236503282368898	3020	H3-3A
Reactome	Positive epigenetic regulation of rRNA expression	1.59593193005256	0.0236503282368898	8970	H2BC11
Reactome	Positive epigenetic regulation of rRNA expression	1.59593193005256	0.0236503282368898	84172	POLR1B
Reactome	Positive epigenetic regulation of rRNA expression	1.59593193005256	0.0236503282368898	10514	MYBBP1A
Reactome	Positive epigenetic regulation of rRNA expression	1.59593193005256	0.0236503282368898	8353	H3C6
Reactome	Positive epigenetic regulation of rRNA expression	1.59593193005256	0.0236503282368898	8355	H3C8
Reactome	Positive epigenetic regulation of rRNA expression	1.59593193005256	0.0236503282368898	10849	POLR1G
Reactome	Positive epigenetic regulation of rRNA expression	1.59593193005256	0.0236503282368898	3066	HDAC2
Reactome	Positive epigenetic regulation of rRNA expression	1.59593193005256	0.0236503282368898	5435	POLR2F
Reactome	Positive epigenetic regulation of rRNA expression	1.59593193005256	0.0236503282368898	8365	H4C8
Reactome	Positive epigenetic regulation of rRNA expression	1.59593193005256	0.0236503282368898	9188	DDX21
Reactome	Positive epigenetic regulation of rRNA expression	1.59593193005256	0.0236503282368898	3017	H2BC5
Reactome	Positive epigenetic regulation of rRNA expression	1.59593193005256	0.0236503282368898	5441	POLR2L
Reactome	Positive epigenetic regulation of rRNA expression	1.59593193005256	0.0236503282368898	85236	H2BC12
Reactome	Positive epigenetic regulation of rRNA expression	1.59593193005256	0.0236503282368898	60	ACTB
Reactome	Positive epigenetic regulation of rRNA expression	1.59593193005256	0.0236503282368898	9015	TAF1A
Reactome	Positive epigenetic regulation of rRNA expression	1.59593193005256	0.0236503282368898	57504	MTA3
Reactome	Positive epigenetic regulation of rRNA expression	1.59593193005256	0.0236503282368898	121504	H4C16
Reactome	Positive epigenetic regulation of rRNA expression	1.59593193005256	0.0236503282368898	11335	CBX3
Reactome	Positive epigenetic regulation of rRNA expression	1.59593193005256	0.0236503282368898	10919	EHMT2
Reactome	Positive epigenetic regulation of rRNA expression	1.59593193005256	0.0236503282368898	8294	H4C9
Reactome	Positive epigenetic regulation of rRNA expression	1.59593193005256	0.0236503282368898	5928	RBBP4
Reactome	Positive epigenetic regulation of rRNA expression	1.59593193005256	0.0236503282368898	8339	H2BC8
Reactome	Positive epigenetic regulation of rRNA expression	1.59593193005256	0.0236503282368898	25885	POLR1A
Reactome	Positive epigenetic regulation of rRNA expression	1.59593193005256	0.0236503282368898	9031	BAZ1B
Reactome	SIRT1 negatively regulates rRNA expression	1.72498278576842	0.027808423847366	8334	H2AC6
Reactome	SIRT1 negatively regulates rRNA expression	1.72498278576842	0.027808423847366	3020	H3-3A
Reactome	SIRT1 negatively regulates rRNA expression	1.72498278576842	0.027808423847366	8970	H2BC11
Reactome	SIRT1 negatively regulates rRNA expression	1.72498278576842	0.027808423847366	8353	H3C6
Reactome	SIRT1 negatively regulates rRNA expression	1.72498278576842	0.027808423847366	8355	H3C8
Reactome	SIRT1 negatively regulates rRNA expression	1.72498278576842	0.027808423847366	8365	H4C8
Reactome	SIRT1 negatively regulates rRNA expression	1.72498278576842	0.027808423847366	3017	H2BC5
Reactome	SIRT1 negatively regulates rRNA expression	1.72498278576842	0.027808423847366	85236	H2BC12
Reactome	SIRT1 negatively regulates rRNA expression	1.72498278576842	0.027808423847366	9015	TAF1A
Reactome	SIRT1 negatively regulates rRNA expression	1.72498278576842	0.027808423847366	121504	H4C16
Reactome	SIRT1 negatively regulates rRNA expression	1.72498278576842	0.027808423847366	8294	H4C9
Reactome	SIRT1 negatively regulates rRNA expression	1.72498278576842	0.027808423847366	8339	H2BC8
Reactome	SIRT1 negatively regulates rRNA expression	1.72498278576842	0.027808423847366	23411	SIRT1
Reactome	rRNA processing in the mitochondrion	1.72537247656238	0.0474060184895782	51335	NGRN
Reactome	rRNA processing in the mitochondrion	1.72537247656238	0.0474060184895782	54931	TRMT10C
Reactome	rRNA processing in the mitochondrion	1.72537247656238	0.0474060184895782	81554	RCC1L
Reactome	rRNA processing in the mitochondrion	1.72537247656238	0.0474060184895782	84881	RPUSD4
Reactome	rRNA processing in the mitochondrion	1.72537247656238	0.0474060184895782	22868	FASTKD2
Reactome	rRNA processing in the mitochondrion	1.72537247656238	0.0474060184895782	26995	TRUB2
Reactome	rRNA processing in the mitochondrion	1.72537247656238	0.0474060184895782	79922	MRM1
Reactome	rRNA processing in the mitochondrion	1.72537247656238	0.0474060184895782	3028	HSD17B10
Reactome	rRNA processing in the mitochondrion	1.72537247656238	0.0474060184895782	55178	MRM3
Reactome	rRNA processing in the mitochondrion	1.72537247656238	0.0474060184895782	51106	TFB1M
Reactome	rRNA processing in the mitochondrion	1.72537247656238	0.0474060184895782	9692	PRORP
Reactome	rRNA processing in the mitochondrion	1.72537247656238	0.0474060184895782	60528	ELAC2
