ID	Description	GeneRatio	BgRatio	RichFactor	FoldEnrichment	zScore	pvalue	p.adjust	qvalue	geneID	Count
GO:0001525	angiogenesis	67/498	410/12060	0.163414634146341	3.9573905377608	12.6442036229055	7.91687544169853e-23	3.35833856236852e-19	2.388396317464e-19	HK2/FZD8/SEMA3E/JCAD/SFRP1/RAMP2/SPRY2/PDGFB/EPHA1/CCBE1/ADM2/NPPB/CCN1/KLF4/XBP1/FGF18/FUT1/TGFA/APLN/F3/PDGFA/FOXC1/FOXC2/SMOC2/THBS1/CCN2/KDR/UNC5B/EDN1/EGFL7/ISM1/ARHGAP22/EPAS1/GBX2/HDAC9/ADAM12/ADM/FLT1/EPHA2/PGF/TWIST1/THY1/GADD45A/VEGFA/CARD10/NPR1/NDNF/JAG1/RUNX1/SRPX2/ANPEP/PLXND1/SAT1/KLF5/TGFBI/ADGRA2/EMILIN1/VEGFC/SEMA5A/MCAM/TGFB1/FZD5/CYP1B1/CAV1/HMOX1/TGFB2/HEY1	67
GO:0048514	blood vessel morphogenesis	71/498	478/12060	0.148535564853556	3.59706608862227	12.0242779267408	1.13195280024877e-21	2.40087188932765e-18	1.70746143448052e-18	HK2/MYO1E/FZD8/SEMA3E/JCAD/SFRP1/RAMP2/SPRY2/PDGFB/EPHA1/CCBE1/ADM2/NPPB/CCN1/KLF4/XBP1/FGF18/FUT1/TGFA/APLN/F3/PDGFA/FOXC1/FOXC2/SMOC2/THBS1/CCN2/KDR/UNC5B/EDN1/EGFL7/ISM1/ARHGAP22/PRDM1/EPAS1/GBX2/HDAC9/ADAM12/ADM/FLT1/EPHA2/PGF/TWIST1/THY1/GADD45A/VEGFA/CARD10/NPR1/LDLR/NDNF/JAG1/RUNX1/SRPX2/ANPEP/PLXND1/SIX1/SAT1/KLF5/TGFBI/ADGRA2/EMILIN1/VEGFC/SEMA5A/MCAM/TGFB1/FZD5/CYP1B1/CAV1/HMOX1/TGFB2/HEY1	71
GO:2000147	positive regulation of cell motility	60/498	439/12060	0.136674259681093	3.30982243324094	10.2315855739698	1.25627828763866e-16	1.30831198739299e-13	9.30450422062161e-14	LAMC2/LPAR1/SEMA3E/CLDN4/JCAD/FERMT1/KIT/SPRY2/PDGFB/IGFBP5/EPHA1/GCNT2/CCBE1/F2RL1/CCN1/VSIR/XBP1/FGF18/FUT1/F3/PDGFA/FOXC2/SMOC2/THBS1/KDR/EDN1/RET/GATA3/HDAC9/FLT1/EPHA2/PGF/RAB25/TWIST1/THY1/NTN1/EPB41L4B/TLR4/VEGFA/TRPV4/CXCL16/LGALS3/SRPX2/FUT4/S100A11/DDR2/ADGRA2/CXCL12/VEGFC/SEMA5A/MCAM/WNT5B/TGFB1/HBEGF/SEMA7A/CAV1/HMOX1/NR4A3/TGFB2/ITGA3	60
GO:0003013	circulatory system process	58/498	414/12060	0.140096618357488	3.39270123974158	10.281443392581	1.3425587191166e-16	1.30831198739299e-13	9.30450422062161e-14	JPH1/SLC6A9/SLC1A5/THRB/SLC7A1/RAMP2/SCN5A/PDGFB/SLC7A2/F2RL1/ADM2/NPPB/ADRA2B/ABCG2/SLC38A2/SLC7A5/APLN/FOXC1/FOXC2/SCNN1A/IRX3/SLC1A3/EDN1/SLC6A6/KCNE3/EPAS1/KCNK6/IRX5/ADM/ABCC3/FLI1/SLC16A7/PTP4A3/WNK4/ADA/SLC2A3/STC1/COMT/VEGFA/SLC8A2/NPR1/TRPV4/SLC1A4/ANPEP/SPX/SLC8A1/GCLM/EMILIN1/ASPH/FKBP1C/ADRA1D/CXCL12/VEGFC/TGFB1/HBEGF/CAV1/TGFB2/SLC6A17	58
GO:0030335	positive regulation of cell migration	59/498	428/12060	0.13785046728972	3.3383064970161	10.222331499066	1.54209333733261e-16	1.30831198739299e-13	9.30450422062161e-14	LAMC2/LPAR1/SEMA3E/CLDN4/JCAD/FERMT1/KIT/SPRY2/PDGFB/IGFBP5/EPHA1/GCNT2/CCBE1/F2RL1/CCN1/VSIR/XBP1/FGF18/FUT1/F3/PDGFA/FOXC2/SMOC2/THBS1/KDR/EDN1/RET/GATA3/HDAC9/FLT1/EPHA2/PGF/RAB25/TWIST1/THY1/EPB41L4B/TLR4/VEGFA/TRPV4/CXCL16/LGALS3/SRPX2/FUT4/S100A11/DDR2/ADGRA2/CXCL12/VEGFC/SEMA5A/MCAM/WNT5B/TGFB1/HBEGF/SEMA7A/CAV1/HMOX1/NR4A3/TGFB2/ITGA3	59
GO:0040017	positive regulation of locomotion	60/498	447/12060	0.134228187919463	3.25058623756772	10.0630827462235	2.9758770679967e-16	2.10394508707367e-13	1.49629187313659e-13	LAMC2/LPAR1/SEMA3E/CLDN4/JCAD/FERMT1/KIT/SPRY2/PDGFB/IGFBP5/EPHA1/GCNT2/CCBE1/F2RL1/CCN1/VSIR/XBP1/FGF18/FUT1/F3/PDGFA/FOXC2/SMOC2/THBS1/KDR/EDN1/RET/GATA3/HDAC9/FLT1/EPHA2/PGF/RAB25/TWIST1/THY1/NTN1/EPB41L4B/TLR4/VEGFA/TRPV4/CXCL16/LGALS3/SRPX2/FUT4/S100A11/DDR2/ADGRA2/CXCL12/VEGFC/SEMA5A/MCAM/WNT5B/TGFB1/HBEGF/SEMA7A/CAV1/HMOX1/NR4A3/TGFB2/ITGA3	60
GO:0030855	epithelial cell differentiation	61/498	471/12060	0.129511677282378	3.13636712454915	9.81560774863362	9.11909970298418e-16	5.52617442000842e-13	3.93012627800792e-13	ETV4/MYO1E/THRB/CDH3/SPRY1/SPRY2/ESRP1/PDGFB/ST14/PRKCH/IRF6/F11R/CEBPA/F2RL1/FAM20C/KLF4/SH3BP1/AJAP1/XBP1/SFN/FOXC1/FOXC2/KDR/NRG1/EDN1/TFCP2L1/SLC4A7/GATA3/PRDM1/EPAS1/PCK2/POU3F1/GRHL1/EPHA2/TCF15/FOSL2/RAB25/SPRED3/AKR1C3/SCUBE1/STC1/CEBPB/VEGFA/MAFF/TBX3/JAG1/LGALS3/S1PR3/SIX1/ZFP36/KLF5/FLNB/ALDOC/WNT5B/TGFB1/LIF/FZD5/CAV1/TGFB2/HEY1/UGCG	61
GO:0048729	tissue morphogenesis	61/498	484/12060	0.12603305785124	3.05212585880713	9.56315623876947	3.30072955413405e-15	1.75021184607958e-12	1.24472248712476e-12	SPINT1/MTHFD1L/NPNT/RIPK4/SEMA3E/SPRY1/SFRP1/FERMT1/SPRY2/IRX2/IGFBP5/ST14/KLF4/SH3BP1/AJAP1/PDGFA/FOXC1/FOXC2/IRX3/KDR/HS3ST3B1/NRG1/EDN1/RET/GATA3/GBX2/ADM/LGR4/EPHA2/TCF15/WNK4/ESRP2/TNC/HS3ST3A1/TWIST1/STC1/NTN1/NKX3-1/LHX2/ACTA1/MICAL2/VEGFA/ETV5/TXNRD1/TBX3/JAG1/MYC/DLC1/PLXND1/SIX1/VEGFC/FOXL1/WNT5B/TGFB1/HBEGF/LIF/FZD5/NR4A3/TGFB2/HEY1/ITGA3	61
GO:0043408	regulation of MAPK cascade	59/498	462/12060	0.127705627705628	3.09263026130496	9.51865909987344	5.38621222926903e-15	2.37336973292198e-12	1.68790234362004e-12	NPNT/SPRY4/LPAR1/SPRY1/JCAD/KIT/IGFBP3/SPRY2/PDGFB/GCNT2/DUSP6/F2RL1/CCN1/ADRA2B/KLF4/DUSP5/XBP1/FGF18/WWC1/TGFA/PDGFA/THBS1/CCN2/KDR/ITPRIPL1/IGFBP6/NRG1/EDN1/RET/TRIB1/LPAR3/FLT1/EPHA2/RELL2/SPRED3/DUSP7/NGF/GADD45A/TLR4/VEGFA/NAMPT/GDF15/TRIB3/TRPV4/DUSP1/GRM4/MYC/CAV2/DDR2/EMILIN1/ADRA1D/SH2B3/DUSP4/TGFB1/LIF/SEMA7A/CAV1/TGFB2/LTBR	59
GO:1901342	regulation of vasculature development	40/498	229/12060	0.174672489082969	4.23002051875625	10.2415604240566	5.59493100641673e-15	2.37336973292198e-12	1.68790234362004e-12	HK2/SEMA3E/JCAD/SFRP1/RAMP2/SPRY2/EPHA1/CCBE1/ADM2/NPPB/KLF4/XBP1/FGF18/FUT1/F3/FOXC1/FOXC2/SMOC2/THBS1/KDR/ISM1/ADAM12/ADM/FLT1/EPHA2/TWIST1/GADD45A/VEGFA/NPR1/RUNX1/PLXND1/ADGRA2/EMILIN1/CXCL12/VEGFC/SEMA5A/TGFB1/CYP1B1/HMOX1/TGFB2	40
GO:0045765	regulation of angiogenesis	38/498	223/12060	0.170403587443946	4.12664109352207	9.78055446075533	6.25481760054314e-14	2.41208511468218e-11	1.7154360998236e-11	HK2/SEMA3E/JCAD/SFRP1/RAMP2/SPRY2/EPHA1/CCBE1/ADM2/NPPB/KLF4/XBP1/FGF18/FUT1/F3/FOXC1/FOXC2/SMOC2/THBS1/KDR/ISM1/ADAM12/ADM/FLT1/EPHA2/TWIST1/GADD45A/VEGFA/NPR1/RUNX1/PLXND1/ADGRA2/EMILIN1/VEGFC/SEMA5A/CYP1B1/HMOX1/TGFB2	38
GO:0002009	morphogenesis of an epithelium	52/498	396/12060	0.131313131313131	3.17999269806499	9.15445960914729	8.25899622806858e-14	2.91955516662224e-11	2.07634063067057e-11	SPINT1/MTHFD1L/NPNT/RIPK4/SEMA3E/SPRY1/SFRP1/FERMT1/SPRY2/IRX2/IGFBP5/ST14/KLF4/SH3BP1/AJAP1/PDGFA/FOXC2/IRX3/KDR/HS3ST3B1/EDN1/RET/GATA3/GBX2/ADM/LGR4/EPHA2/TCF15/WNK4/ESRP2/TNC/HS3ST3A1/TWIST1/NTN1/NKX3-1/LHX2/MICAL2/VEGFA/ETV5/TBX3/JAG1/MYC/DLC1/PLXND1/SIX1/VEGFC/WNT5B/TGFB1/HBEGF/LIF/FZD5/TGFB2	52
GO:0003018	vascular process in circulatory system	33/498	181/12060	0.18232044198895	4.41522998069627	9.6077819247293	4.17233247624226e-13	1.36146418186305e-10	9.68251407037273e-11	SLC6A9/SLC1A5/SLC7A1/RAMP2/SLC7A2/F2RL1/NPPB/ADRA2B/ABCG2/SLC38A2/SLC7A5/APLN/FOXC1/FOXC2/SLC1A3/EDN1/SLC6A6/ADM/ABCC3/SLC16A7/PTP4A3/SLC2A3/VEGFA/SLC8A2/NPR1/TRPV4/SLC1A4/SLC8A1/GCLM/ADRA1D/TGFB1/CAV1/SLC6A17	33
GO:1904018	positive regulation of vasculature development	28/498	132/12060	0.212121212121212	5.1369112814896	9.91820759448525	5.43200871033753e-13	1.64589863923227e-10	1.17053661382161e-10	HK2/JCAD/RAMP2/EPHA1/CCBE1/ADM2/KLF4/XBP1/FGF18/FUT1/F3/FOXC2/SMOC2/THBS1/KDR/ADAM12/ADM/FLT1/TWIST1/VEGFA/RUNX1/EMILIN1/CXCL12/VEGFC/SEMA5A/TGFB1/CYP1B1/HMOX1	28
GO:0050673	epithelial cell proliferation	44/498	316/12060	0.139240506329114	3.37196888821107	8.86744176044219	9.93221917872426e-13	2.80883158374322e-10	1.99759580113851e-10	CDH3/JCAD/SFRP1/FERMT1/KIT/IGFBP3/SCN5A/PDGFB/IGFBP5/IRF6/XBP1/FUT1/TGFA/SFN/APLN/F3/THBS1/KDR/EGFL7/GATA3/PRDM1/LGR4/FLT1/EPHA2/ESRP2/CEBPB/NKX3-1/VEGFA/JAG1/MYC/SIX1/ZFP36/BID/CAV2/CXCL12/VEGFC/SEMA5A/TGFB1/RUNX2/CAV1/HMOX1/NR4A3/TGFB2/NR1D1	44
GO:0001763	morphogenesis of a branching structure	30/498	157/12060	0.191082802547771	4.62742690507252	9.49454409352652	1.4138648185751e-12	3.74850910024724e-10	2.66587932239226e-10	SPINT1/NPNT/SEMA3E/SPRY1/SFRP1/SPRY2/ST14/PDGFA/FOXC2/KDR/HS3ST3B1/EDN1/PRDM1/GBX2/ADM/LGR4/EPHA2/COL13A1/ESRP2/TNC/HS3ST3A1/NKX3-1/VEGFA/ETV5/TBX3/MYC/PLXND1/SIX1/TGFB1/FZD5	30
GO:0070371	ERK1 and ERK2 cascade	35/498	214/12060	0.163551401869159	3.96070262357843	9.06921395264008	2.18605401879765e-12	5.45484773396449e-10	3.87939988722852e-10	NPNT/SPRY4/SPRY1/SPRY2/PDGFB/GCNT2/DUSP6/F2RL1/CCN1/KLF4/DUSP5/XBP1/FGF18/PDGFA/CCN2/KDR/NRG1/EDN1/EPHA2/WNK4/SPRED3/DUSP7/NGF/TLR4/VEGFA/NAMPT/TRPV4/DUSP1/MYC/DDR2/EMILIN1/DUSP4/TGFB1/LIF/SEMA7A	35
GO:0009611	response to wounding	50/498	413/12060	0.121065375302663	2.93182414889583	8.29066592043404	5.76727816668976e-12	1.35915522128322e-09	9.66609311446365e-10	CLDN4/FERMT1/UCK2/PDGFB/ARHGEF19/F11R/F2RL1/ADRA2B/KLF4/AJAP1/XBP1/SYT7/F3/PDGFA/CD9/FOXC2/SMOC2/THBS1/CCN2/SLC1A3/KDR/NRG1/EDN1/F2RL2/KCNK2/TNC/SCUBE1/LMAN1/EPB41L4B/MYL12A/COMT/TLR4/VEGFA/SYTL4/NDNF/FOSL1/ITPR3/ZFP36/SLC7A11/PLAUR/DDR2/EMILIN1/DDIT3/SH2B3/MCAM/TGFB1/HBEGF/CAV1/HMOX1/TGFB2	50
GO:0061138	morphogenesis of a branching epithelium	28/498	146/12060	0.191780821917808	4.64433074764813	9.1943123107214	7.31410063133106e-12	1.63296920411086e-09	1.1613414077227e-09	SPINT1/NPNT/SEMA3E/SPRY1/SFRP1/SPRY2/ST14/PDGFA/FOXC2/KDR/HS3ST3B1/EDN1/GBX2/ADM/LGR4/EPHA2/ESRP2/TNC/HS3ST3A1/NKX3-1/VEGFA/ETV5/TBX3/MYC/PLXND1/SIX1/TGFB1/FZD5	28
GO:0045766	positive regulation of angiogenesis	26/498	128/12060	0.203125	4.91905120481928	9.25088190262994	1.06303204711868e-11	2.25469097193873e-09	1.60349991949587e-09	HK2/JCAD/RAMP2/EPHA1/CCBE1/ADM2/KLF4/XBP1/FGF18/FUT1/F3/FOXC2/SMOC2/THBS1/KDR/ADAM12/ADM/FLT1/TWIST1/VEGFA/RUNX1/EMILIN1/VEGFC/SEMA5A/CYP1B1/HMOX1	26
GO:0051897	positive regulation of phosphatidylinositol 3-kinase/protein kinase B signal transduction	28/498	149/12060	0.187919463087248	4.55082073259481	9.05110504630644	1.22228141118831e-11	2.46900845060039e-09	1.75591905988256e-09	SEMA3E/PRR5L/KIT/SPRY2/PDGFB/IGFBP5/GCNT2/F2RL1/ADRA2B/XBP1/PDGFA/THBS1/KDR/UNC5B/RET/GATA3/TXN/FLT1/AKR1C3/NKX3-1/NGF/VEGFA/GDF15/DDR2/SEMA5A/TGFB1/HBEGF/TGFB2	28
GO:0043410	positive regulation of MAPK cascade	41/498	307/12060	0.133550488599349	3.23417448294808	8.22935397658606	2.38106835722159e-11	4.59113271424272e-09	3.26513967071631e-09	NPNT/LPAR1/JCAD/KIT/IGFBP3/SPRY2/PDGFB/GCNT2/F2RL1/ADRA2B/FGF18/WWC1/TGFA/PDGFA/THBS1/CCN2/KDR/ITPRIPL1/IGFBP6/NRG1/EDN1/RET/LPAR3/FLT1/RELL2/NGF/GADD45A/TLR4/VEGFA/NAMPT/GDF15/TRPV4/GRM4/CAV2/DDR2/ADRA1D/TGFB1/LIF/SEMA7A/TGFB2/LTBR	41
GO:0008015	blood circulation	44/498	347/12060	0.126801152737752	3.07072671087809	8.12282857269242	2.49772149390522e-11	4.60666720745477e-09	3.27618755218873e-09	JPH1/THRB/RAMP2/SCN5A/PDGFB/F2RL1/ADM2/NPPB/ADRA2B/APLN/FOXC1/FOXC2/SCNN1A/IRX3/EDN1/KCNE3/EPAS1/KCNK6/IRX5/ADM/FLI1/PTP4A3/WNK4/ADA/STC1/COMT/VEGFA/SLC8A2/NPR1/TRPV4/ANPEP/SPX/SLC8A1/GCLM/EMILIN1/ASPH/FKBP1C/ADRA1D/CXCL12/VEGFC/TGFB1/HBEGF/CAV1/TGFB2	44
GO:0060562	epithelial tube morphogenesis	38/498	270/12060	0.140740740740741	3.40829986613119	8.30595124463363	2.72108963133905e-11	4.73388774682475e-09	3.36666475158186e-09	SPINT1/MTHFD1L/NPNT/SEMA3E/SPRY1/SFRP1/SPRY2/IRX2/ST14/FOXC2/IRX3/KDR/HS3ST3B1/EDN1/RET/GATA3/GBX2/ADM/LGR4/EPHA2/WNK4/ESRP2/TNC/HS3ST3A1/TWIST1/NTN1/NKX3-1/LHX2/MICAL2/VEGFA/ETV5/TBX3/MYC/DLC1/PLXND1/SIX1/TGFB1/TGFB2	38
GO:0033002	muscle cell proliferation	28/498	154/12060	0.181818181818182	4.40306681270537	8.8206732287073	2.78989141137715e-11	4.73388774682475e-09	3.36666475158186e-09	PIM1/IGFBP3/PDGFB/IGFBP5/KLF4/XBP1/APLN/FOXC1/FOXC2/THBS1/NRG1/EDN1/TRIB1/IRAK1/KCNK2/TLR4/NPR1/RUNX1/SIX1/CAV2/DDR2/DDIT3/FOS/TGFB1/HBEGF/HMOX1/NR4A3/TGFB2	28
GO:0070372	regulation of ERK1 and ERK2 cascade	31/498	190/12060	0.163157894736842	3.95117311350666	8.50942006611405	4.38115607488374e-11	7.1480246421757e-09	5.08356004478413e-09	NPNT/SPRY4/SPRY1/SPRY2/PDGFB/GCNT2/DUSP6/F2RL1/CCN1/KLF4/XBP1/FGF18/PDGFA/CCN2/KDR/NRG1/EPHA2/SPRED3/DUSP7/NGF/TLR4/VEGFA/NAMPT/TRPV4/DUSP1/DDR2/EMILIN1/DUSP4/TGFB1/LIF/SEMA7A	31
GO:0006935	chemotaxis	38/498	278/12060	0.136690647482014	3.31021929444396	8.08760499590626	6.59082829565349e-11	9.98510486791503e-09	7.10124582531688e-09	NBL1/MICOS10-NBL1/LPAR1/SEMA3E/KIT/PDGFB/F2RL1/CCN1/FGF18/F3/PDGFA/SMOC2/THBS1/KDR/NRG1/EDN1/PLXNA4/FLT1/EPHA2/PGF/NTN1/VEGFA/TRPV4/DUSP1/CXCL16/LGALS3/NRG3/FOSL1/S100A4/PLAUR/ADGRA2/CXCL12/VEGFC/SEMA5A/TGFB1/HBEGF/SEMA7A/TGFB2	38
GO:0042330	taxis	38/498	278/12060	0.136690647482014	3.31021929444396	8.08760499590626	6.59082829565349e-11	9.98510486791503e-09	7.10124582531688e-09	NBL1/MICOS10-NBL1/LPAR1/SEMA3E/KIT/PDGFB/F2RL1/CCN1/FGF18/F3/PDGFA/SMOC2/THBS1/KDR/NRG1/EDN1/PLXNA4/FLT1/EPHA2/PGF/NTN1/VEGFA/TRPV4/DUSP1/CXCL16/LGALS3/NRG3/FOSL1/S100A4/PLAUR/ADGRA2/CXCL12/VEGFC/SEMA5A/TGFB1/HBEGF/SEMA7A/TGFB2	38
GO:0051896	regulation of phosphatidylinositol 3-kinase/protein kinase B signal transduction	33/498	219/12060	0.150684931506849	3.64911701600924	8.21075031325796	9.19388964801114e-11	1.34484413402977e-08	9.56431496595278e-09	SEMA3E/PRR5L/KIT/SPRY2/PDGFB/IGFBP5/GCNT2/F2RL1/ADRA2B/KLF4/XBP1/PDGFA/THBS1/KDR/UNC5B/RET/GATA3/TXN/FLT1/AKR1C3/TWIST1/NKX3-1/NGF/VEGFA/GDF15/PLK3/DDR2/DDIT3/SH2B3/SEMA5A/TGFB1/HBEGF/TGFB2	33
GO:0048568	embryonic organ development	42/498	336/12060	0.125	3.02710843373494	7.82100477016925	1.1476751689034e-10	1.62281268882941e-08	1.15411825757093e-08	SPINT1/MTHFD1L/KIT/LRIG3/SPRY2/PDGFB/ST14/CEBPA/CCN1/PDGFA/FOXC1/FOXC2/KDR/EDN1/GATA3/PRDM1/EPAS1/GBX2/IRX5/ADM/PLXNA4/EPHA2/PKDCC/ADA/TWIST1/NTN1/CEBPB/MICAL2/VEGFA/GSC/INSIG1/TBX3/MYC/SIX1/SH2B3/TGFB1/LIF/RUNX2/FZD5/NR4A3/TGFB2/HEY1	42
GO:0042060	wound healing	40/498	311/12060	0.128617363344051	3.11470964242823	7.84123237908301	1.35907406942136e-10	1.85973942015659e-08	1.32261673445216e-08	CLDN4/FERMT1/PDGFB/ARHGEF19/F11R/F2RL1/ADRA2B/AJAP1/XBP1/SYT7/F3/PDGFA/CD9/FOXC2/SMOC2/THBS1/KDR/NRG1/EDN1/F2RL2/SCUBE1/LMAN1/EPB41L4B/MYL12A/TLR4/VEGFA/SYTL4/NDNF/ITPR3/SLC7A11/PLAUR/DDR2/EMILIN1/SH2B3/MCAM/TGFB1/HBEGF/CAV1/HMOX1/TGFB2	40
GO:0007162	negative regulation of cell adhesion	32/498	211/12060	0.151658767772512	3.67270027979215	8.12838888805153	1.50581759579798e-10	1.99614945042969e-08	1.41962935182796e-08	SPRY4/MBP/SEMA3E/GCNT2/TNFRSF21/VSIR/KLF4/AJAP1/CD9/THBS1/EPCAM/IL4R/TNC/PLXNC1/CEBPB/VEGFA/TRPV4/DUSP1/FXYD5/JAG1/RUNX1/LGALS3/LRRC32/DLC1/PLXND1/TGFBI/SH2B3/CXCL12/SEMA5A/TGFB1/CYP1B1/JAK3	32
GO:0008544	epidermis development	33/498	225/12060	0.146666666666667	3.55180722891566	8.01878977197584	1.91187890185139e-10	2.45763342474352e-08	1.74782932462714e-08	ETV4/SPINT1/LAMC2/CLDN4/CDH3/FERMT1/ESRP1/IGFBP5/ST14/PRKCH/IRF6/COL17A1/KLF4/SFN/PDGFA/FOXC1/CCN2/BNC1/EDA/SLC4A7/POU3F1/LGR4/GRHL1/EPHA2/FOSL2/AKR1C3/LHX2/MAFF/JAG1/ZFP36/FLNB/TGFB2/UGCG	33
GO:0050678	regulation of epithelial cell proliferation	36/498	264/12060	0.136363636363636	3.30230010952903	7.84965107051449	2.28600899910987e-10	2.85213240418355e-08	2.02839064750739e-08	CDH3/JCAD/SFRP1/SCN5A/PDGFB/IRF6/XBP1/FUT1/TGFA/SFN/APLN/F3/THBS1/KDR/EGFL7/GATA3/FLT1/ESRP2/NKX3-1/VEGFA/JAG1/MYC/SIX1/ZFP36/BID/CAV2/CXCL12/VEGFC/SEMA5A/TGFB1/RUNX2/CAV1/HMOX1/NR4A3/TGFB2/NR1D1	36
GO:0050900	leukocyte migration	32/498	219/12060	0.146118721461187	3.53853771249381	7.86801760439976	4.0033360984718e-10	4.85204335134782e-08	3.45069511525419e-08	NBL1/MICOS10-NBL1/CHST2/KIT/SPNS2/PDGFB/F11R/F2RL1/TRIM55/CD9/THBS1/EDN1/RET/GATA3/FLT1/PGF/ADA/THY1/VEGFA/GDF15/TRPV4/DUSP1/CXCL16/LGALS3/FUT4/EMILIN1/CXCL12/VEGFC/TGFB1/HMOX1/TGFB2/ITGA3	32
GO:0072006	nephron development	23/498	122/12060	0.188524590163934	4.56547501481335	8.21457997148733	8.02817196353109e-10	9.4598626303608e-08	6.72770200218717e-08	NPNT/MYO1E/PDGFB/IRX2/EGR1/FOXC1/FOXC2/IRX3/HS3ST3B1/EDN1/RET/GATA3/LGR4/WNK4/HS3ST3A1/COMT/VEGFA/JAG1/MYC/SIX1/TGFB1/LIF/ITGA3	23
GO:0010594	regulation of endothelial cell migration	25/498	145/12060	0.172413793103448	4.17532197756544	7.98322893163723	1.0522947950039e-09	1.20644176227204e-07	8.58001958031632e-08	JCAD/PDGFB/CCBE1/KLF4/SH3BP1/FGF18/FUT1/FOXC2/SMOC2/THBS1/KDR/EDN1/GATA3/HDAC9/EPHA2/STC1/GADD45A/VEGFA/CARD10/SRPX2/ADGRA2/VEGFC/SEMA5A/TGFB1/HMOX1	25
GO:0070482	response to oxygen levels	36/498	282/12060	0.127659574468085	3.09151499615483	7.37570602156747	1.45160369827089e-09	1.61840803053939e-07	1.15098573550854e-07	HK2/LPAR1/SFRP1/UCK2/EGR1/SLC7A5/THBS1/EDN1/EPAS1/STC2/IRAK1/PDLIM1/PGF/FOSL2/KCNK2/ADA/CYGB/OPRD1/TWIST1/STC1/NKX3-1/COMT/VEGFA/TRPV4/PMAIP1/NDNF/MYC/DDR2/TXNRD2/CXCL12/VEGFC/FOS/TGFB1/LIF/CAV1/TGFB2	36
GO:0043491	phosphatidylinositol 3-kinase/protein kinase B signal transduction	34/498	256/12060	0.1328125	3.21630271084337	7.43855016733263	1.48792817517765e-09	1.61840803053939e-07	1.15098573550854e-07	SEMA3E/PRR5L/KIT/SPRY2/PDGFB/IGFBP5/GCNT2/F2RL1/ADRA2B/KLF4/XBP1/PDGFA/THBS1/KDR/UNC5B/EDN1/RET/GATA3/TXN/FLT1/AKR1C3/TWIST1/NKX3-1/NGF/VEGFA/GDF15/PLK3/DDR2/DDIT3/SH2B3/SEMA5A/TGFB1/HBEGF/TGFB2	34
GO:0022612	gland morphogenesis	20/498	96/12060	0.208333333333333	5.04518072289157	8.25827193830965	1.66007511553331e-09	1.76050966002307e-07	1.25204612661012e-07	SFRP1/IGFBP5/ELF3/XBP1/TGFA/PDGFA/EDA/EPHA2/ESRP2/TNC/NTN1/CEBPB/NKX3-1/ETV5/TBX3/NRG3/PLXND1/TGFB1/CAV1/TGFB2	20
GO:0072073	kidney epithelium development	22/498	117/12060	0.188034188034188	4.55359901143034	8.016014083602	1.98039329095135e-09	2.02856218719047e-07	1.44268076837834e-07	NPNT/MYO1E/SPRY1/SFRP1/IRX2/FOXC1/FOXC2/IRX3/HS3ST3B1/EDN1/RET/EPCAM/GATA3/LGR4/WNK4/HS3ST3A1/VEGFA/JAG1/MYC/SIX1/TGFB1/LIF	22
GO:0043542	endothelial cell migration	28/498	184/12060	0.152173913043478	3.68517548454688	7.61728713899135	2.00847741305987e-09	2.02856218719047e-07	1.44268076837834e-07	JCAD/PDGFB/CCBE1/KLF4/SH3BP1/FGF18/FUT1/FOXC2/SMOC2/THBS1/KDR/EDN1/GATA3/HDAC9/PTP4A3/EPHA2/STC1/GADD45A/VEGFA/CARD10/SRPX2/PLXND1/ADGRA2/VEGFC/SEMA5A/TGFB1/CYP1B1/HMOX1	28
GO:0030856	regulation of epithelial cell differentiation	21/498	108/12060	0.194444444444444	4.70883534136546	8.03494622677674	2.45077068807423e-09	2.41771378111881e-07	1.71943911677374e-07	ETV4/SPRY1/SPRY2/ESRP1/PRKCH/F11R/AJAP1/SFN/FOXC1/GATA3/GRHL1/SPRED3/CEBPB/VEGFA/MAFF/TBX3/JAG1/S1PR3/ZFP36/LIF/CAV1	21
GO:0050878	regulation of body fluid levels	33/498	249/12060	0.132530120481928	3.20946436347801	7.31134330004668	2.75785009815408e-09	2.65881820826582e-07	1.89090870366258e-07	HK2/PDGFB/F11R/F2RL1/NPPB/ADRA2B/XBP1/APLN/F3/PDGFA/CD9/SCNN1A/THBS1/EDN1/ADM/F2RL2/FLI1/FOSL2/WNK4/ADA/SCUBE1/LMAN1/MYL12A/TLR4/VEGFA/NPR1/TRPV4/ITPR3/SLC7A11/PLAUR/EMILIN1/SH2B3/CAV1	33
GO:0045598	regulation of fat cell differentiation	21/498	110/12060	0.190909090909091	4.62322015334064	7.92247631908844	3.47383559266352e-09	3.27466901868414e-07	2.32889188504646e-07	PIM1/SFRP1/LPL/CEBPA/XBP1/TRIB2/JDP2/NOCT/CEBPB/VEGFA/TRIB3/TRPV4/INSIG1/JAG1/SIX1/ZFP36/KLF5/DDIT3/WNT5B/TGFB1/NR1D1	21
GO:0045785	positive regulation of cell adhesion	40/498	348/12060	0.114942528735632	2.78354798504362	7.00668712049056	3.92930107783373e-09	3.62042951589256e-07	2.57479118403634e-07	NPNT/CHST2/SLC7A1/SFRP1/FERMT1/PDGFB/EPHA1/GCNT2/F11R/CCN1/VSIR/XBP1/FUT1/SFN/FOXC2/KDR/NRG1/RET/GATA3/IRAK1/IL4R/ADA/RELL2/THY1/EPB41L4B/VEGFA/PIEZO1/NDNF/RUNX1/FUT4/CARD11/PLAUR/EMILIN1/CXCL12/TGFB1/LIF/CAV1/NR4A3/TGFB2/ITGA3	40
GO:0090287	regulation of cellular response to growth factor stimulus	34/498	266/12060	0.12781954887218	3.09538907509738	7.17180988197002	4.07552600495921e-09	3.62042951589256e-07	2.57479118403634e-07	NBL1/MICOS10-NBL1/NPNT/SPRY4/CDH3/SPRY1/JCAD/SFRP1/FERMT1/SPRY2/CCBE1/CCN1/FAM20C/XBP1/FGF18/APLN/SMOC2/THBS1/KDR/GATA3/SHISA2/PTP4A3/SPRED3/VEGFA/GDF15/LRRC32/CAV2/CRIM1/ADGRA2/EMILIN1/VEGFC/RUNX2/CAV1/ITGA3	34
GO:0061041	regulation of wound healing	19/498	91/12060	0.208791208791209	5.05626903217265	8.06069244472807	4.09666706183033e-09	3.62042951589256e-07	2.57479118403634e-07	CLDN4/FERMT1/PDGFB/F2RL1/AJAP1/XBP1/F3/PDGFA/CD9/FOXC2/SMOC2/THBS1/EDN1/PLAUR/DDR2/EMILIN1/SH2B3/HBEGF/CAV1	19
GO:0048754	branching morphogenesis of an epithelial tube	22/498	122/12060	0.180327868852459	4.36697610112582	7.75725375437317	4.49729379614885e-09	3.89337148638029e-07	2.76890311917564e-07	NPNT/SEMA3E/SPRY1/SPRY2/FOXC2/KDR/HS3ST3B1/EDN1/GBX2/LGR4/EPHA2/ESRP2/TNC/HS3ST3A1/NKX3-1/VEGFA/ETV5/TBX3/MYC/PLXND1/SIX1/TGFB1	22
GO:0043588	skin development	28/498	192/12060	0.145833333333333	3.5316265060241	7.33863547667166	5.3409669984007e-09	4.53127640144315e-07	3.22257082471924e-07	ETV4/RIPK4/CLDN4/CDH3/FERMT1/IGFBP5/ST14/PRKCH/IRF6/KLF4/SFN/PDGFA/FOXC1/EDA/POU3F1/LGR4/LTB/GRHL1/EPHA2/FOSL2/AKR1C3/LHX2/JAG1/ZFP36/FLNB/TGFB2/ITGA3/UGCG	28
GO:0002040	sprouting angiogenesis	21/498	114/12060	0.184210526315789	4.46100190234623	7.70542938716766	6.8062164781334e-09	5.66117064710626e-07	4.02613342132721e-07	SEMA3E/JCAD/RAMP2/CCBE1/KLF4/FUT1/FOXC2/THBS1/KDR/HDAC9/FLT1/EPHA2/PGF/VEGFA/CARD10/SRPX2/ADGRA2/VEGFC/SEMA5A/TGFB1/HMOX1	21
GO:0038084	vascular endothelial growth factor signaling pathway	13/498	42/12060	0.30952380952381	7.49569707401033	8.75161381632105	7.38892800978609e-09	6.02766011875242e-07	4.28677483320788e-07	JCAD/SPRY2/CCBE1/FOXC1/SMOC2/KDR/FLT1/PTP4A3/PGF/VEGFA/ADGRA2/EMILIN1/VEGFC	13
GO:0001666	response to hypoxia	32/498	246/12060	0.130081300813008	3.15016162209815	7.07121451997475	7.67121507624911e-09	6.13986685914127e-07	4.36657446048261e-07	HK2/SFRP1/EGR1/THBS1/EDN1/EPAS1/STC2/IRAK1/PDLIM1/PGF/FOSL2/KCNK2/ADA/CYGB/OPRD1/TWIST1/STC1/NKX3-1/COMT/VEGFA/TRPV4/PMAIP1/NDNF/MYC/DDR2/CXCL12/VEGFC/FOS/TGFB1/LIF/CAV1/TGFB2	32
GO:0010595	positive regulation of endothelial cell migration	19/498	98/12060	0.193877551020408	4.69510695844603	7.62240445395098	1.49408689959381e-08	1.17368826445869e-06	8.34708197706793e-07	JCAD/PDGFB/CCBE1/FGF18/FUT1/FOXC2/SMOC2/THBS1/KDR/EDN1/GATA3/HDAC9/VEGFA/SRPX2/ADGRA2/VEGFC/SEMA5A/TGFB1/HMOX1	19
GO:0002064	epithelial cell development	25/498	165/12060	0.151515151515152	3.66922234392114	7.16470538895785	1.62958327304866e-08	1.25685313532226e-06	8.93853714939227e-07	MYO1E/PDGFB/ST14/F11R/CEBPA/F2RL1/XBP1/SFN/FOXC2/KDR/TFCP2L1/PRDM1/EPAS1/EPHA2/FOSL2/RAB25/STC1/VEGFA/JAG1/S1PR3/KLF5/FLNB/WNT5B/TGFB1/FZD5	25
GO:0044057	regulation of system process	40/498	366/12060	0.109289617486339	2.64665218250049	6.63918405408413	1.66458279370436e-08	1.26092146623106e-06	8.9674704638284e-07	JPH1/NPNT/THRB/KIT/SCN5A/PDGFB/IGFBP5/TNFRSF21/F2RL1/ADM2/NPPB/ADRA2B/KLF4/APLN/IRX3/EDN1/KCNE3/EPAS1/IRX5/NETO1/ADM/GLS/TSHZ3/CTSC/WNK4/ADA/STC1/NKX3-1/SLC8A2/NPR1/TRPV4/SPX/SLC8A1/ASPH/FKBP1C/ADRA1D/HBEGF/CAV1/NR4A3/TGFB2	40
GO:0035924	cellular response to vascular endothelial growth factor stimulus	15/498	61/12060	0.245901639344262	5.95496741062611	8.05168970413668	1.71387889062474e-08	1.27548671123336e-06	9.07105614133057e-07	JCAD/RAMP2/SPRY2/CCBE1/XBP1/FOXC1/SMOC2/KDR/FLT1/PTP4A3/PGF/VEGFA/ADGRA2/EMILIN1/VEGFC	15
GO:0072009	nephron epithelium development	18/498	90/12060	0.2	4.8433734939759	7.59522434877194	2.15317951250512e-08	1.57479094690461e-06	1.11996596784749e-06	NPNT/MYO1E/IRX2/FOXC1/FOXC2/IRX3/HS3ST3B1/EDN1/GATA3/LGR4/WNK4/HS3ST3A1/VEGFA/JAG1/MYC/SIX1/TGFB1/LIF	18
GO:0043535	regulation of blood vessel endothelial cell migration	17/498	81/12060	0.209876543209877	5.08255243195002	7.65099352605063	2.49339851472443e-08	1.79271127109509e-06	1.27494739396971e-06	JCAD/PDGFB/KLF4/SH3BP1/FGF18/FOXC2/THBS1/KDR/HDAC9/EPHA2/GADD45A/VEGFA/CARD10/SRPX2/VEGFC/TGFB1/HMOX1	17
GO:0036293	response to decreased oxygen levels	32/498	259/12060	0.123552123552124	2.99204540168396	6.7257937562535	2.69618179070667e-08	1.90620052602961e-06	1.35565912494128e-06	HK2/SFRP1/EGR1/THBS1/EDN1/EPAS1/STC2/IRAK1/PDLIM1/PGF/FOSL2/KCNK2/ADA/CYGB/OPRD1/TWIST1/STC1/NKX3-1/COMT/VEGFA/TRPV4/PMAIP1/NDNF/MYC/DDR2/CXCL12/VEGFC/FOS/TGFB1/LIF/CAV1/TGFB2	32
GO:0001501	skeletal system development	41/498	388/12060	0.105670103092784	2.55899888212644	6.47802863757961	2.86732406859392e-08	1.99396536048777e-06	1.41807606222436e-06	MTHFD1L/SFRP1/SPNS2/SLC39A14/HES7/CCN1/FAM20C/FGF18/LRRK1/PDGFA/FOXC1/FOXC2/CCN2/BGN/KDR/EDN1/GATA3/IRX5/EPHA2/COL13A1/TCF15/FOSL2/PKDCC/TWIST1/STC1/VEGFA/PAPPA2/GSC/TRPV4/INSIG1/TBX3/TMEM119/RUNX1/MYC/SIX1/TGFBI/DDR2/WNT5B/TGFB1/RUNX2/TGFB2	41
GO:0001822	kidney development	32/498	260/12060	0.123076923076923	2.9805375347544	6.70012004958437	2.95824372705678e-08	2.02401127260885e-06	1.43944423119605e-06	NPNT/MYO1E/SPRY1/SFRP1/PDGFB/IRX2/EGR1/PDGFA/FOXC1/FOXC2/IRX3/HS3ST3B1/EDN1/RET/EPCAM/GATA3/PRDM1/LGR4/WNK4/HS3ST3A1/NKX3-1/COMT/VEGFA/JAG1/MYC/PLXND1/TNS2/SIX1/TGFB1/LIF/TGFB2/ITGA3	32
GO:0040008	regulation of growth	47/498	482/12060	0.0975103734439834	2.36139579063141	6.33060164684643	3.35261879543158e-08	2.25742998892393e-06	1.60544786427851e-06	PIM1/DCC/SFRP1/IGFBP3/KIF26A/IFRD1/IGFBP5/DUSP6/NPPB/XBP1/WWC1/SFN/NANOS1/FOXC1/FOXC2/NRG1/BST2/EDN1/TFCP2L1/YBX3/STC2/UNC13A/LPAR3/MT2A/PLXNA4/FOSL2/KCNK2/TNC/NTN1/NGF/VEGFA/PAPPA2/GDF15/NPR1/CXCL16/RUNX1/NRG3/TKT/SIX1/CXCL12/CACNG7/RASGRP2/SEMA5A/TGFB1/HBEGF/SEMA7A/TGFB2	47
GO:0045444	fat cell differentiation	27/498	196/12060	0.137755102040816	3.33599704942218	6.84287478351304	3.46243987753871e-08	2.29494843133113e-06	1.63213037648453e-06	PIM1/SFRP1/LPL/IFRD1/CEBPA/KLF4/XBP1/TRIB2/JDP2/NOCT/FOSL2/CEBPB/VEGFA/TRIB3/TRPV4/INSIG1/JAG1/SIX1/ZFP36/KLF5/EBF2/GRK5/DDIT3/WNT5B/TGFB1/NR4A3/NR1D1	27
GO:0072001	renal system development	32/498	266/12060	0.120300751879699	2.91330736479754	6.548605616579	5.10387957884459e-08	3.33087033437827e-06	2.36886135594633e-06	NPNT/MYO1E/SPRY1/SFRP1/PDGFB/IRX2/EGR1/PDGFA/FOXC1/FOXC2/IRX3/HS3ST3B1/EDN1/RET/EPCAM/GATA3/PRDM1/LGR4/WNK4/HS3ST3A1/NKX3-1/COMT/VEGFA/JAG1/MYC/PLXND1/TNS2/SIX1/TGFB1/LIF/TGFB2/ITGA3	32
GO:0002685	regulation of leukocyte migration	22/498	139/12060	0.158273381294964	3.83288549882985	6.97162331922413	5.34917802281473e-08	3.43806260193637e-06	2.44509477087512e-06	NBL1/MICOS10-NBL1/CHST2/SPNS2/F2RL1/CD9/THBS1/EDN1/PGF/ADA/THY1/VEGFA/GDF15/TRPV4/DUSP1/LGALS3/FUT4/EMILIN1/CXCL12/VEGFC/TGFB1/HMOX1	22
GO:0097254	renal tubular secretion	7/498	11/12060	0.636363636363636	15.4107338444688	9.92340631566721	5.6111101948939e-08	3.55258648458805e-06	2.52654231242198e-06	NPPB/ABCG2/EDN1/STC1/COMT/NPR1/SPX	7
GO:0022407	regulation of cell-cell adhesion	36/498	325/12060	0.110769230769231	2.68248378127896	6.3812367312814	6.3161898140629e-08	3.94018782224336e-06	2.80219814351459e-06	CHST2/MBP/SLC7A1/GCNT2/TNFRSF21/F11R/VSIR/KLF4/XBP1/SFN/CD9/EPCAM/GATA3/IRAK1/IL4R/ADA/THY1/CEBPB/VEGFA/TRPV4/FXYD5/PIEZO1/JAG1/RUNX1/LGALS3/LRRC32/FUT4/CARD11/PLAUR/EMILIN1/SH2B3/CXCL12/TGFB1/CAV1/NR4A3/JAK3	36
GO:0010232	vascular transport	15/498	68/12060	0.220588235294118	5.34195605953225	7.45157208295346	8.25335043340116e-08	5.0015303626411e-06	3.55700787099665e-06	SLC6A9/SLC1A5/SLC7A1/SLC7A2/ABCG2/SLC38A2/SLC7A5/SLC1A3/SLC6A6/ABCC3/SLC16A7/SLC2A3/SLC8A2/SLC1A4/SLC6A17	15
GO:0150104	transport across blood-brain barrier	15/498	68/12060	0.220588235294118	5.34195605953225	7.45157208295346	8.25335043340116e-08	5.0015303626411e-06	3.55700787099665e-06	SLC6A9/SLC1A5/SLC7A1/SLC7A2/ABCG2/SLC38A2/SLC7A5/SLC1A3/SLC6A6/ABCC3/SLC16A7/SLC2A3/SLC8A2/SLC1A4/SLC6A17	15
GO:0098739	import across plasma membrane	21/498	131/12060	0.16030534351145	3.8820932585303	6.88328092369523	8.58337383111049e-08	5.12826363261559e-06	3.64713853224057e-06	SLC6A9/SLC1A5/SLC7A1/SLC39A14/SLC7A2/SLC38A2/SLC7A5/SCNN1A/THBS1/SLC1A3/SLC12A8/SLC6A6/SLC2A3/SLC8A2/TRPV4/SLC1A4/NALF2/SLC8A1/SLC7A11/SLC38A4/SLC15A3	21
GO:0048771	tissue remodeling	20/498	120/12060	0.166666666666667	4.03614457831325	6.93688898788511	8.99016320256506e-08	5.25880213663463e-06	3.73997541467402e-06	SFRP1/IGFBP5/ELF3/SYT7/LRRK1/FOXC1/FOXC2/BGN/EPAS1/LGR4/EPHA2/FOSL2/TMEM119/JAG1/RUNX1/DDR2/TGFB1/LIF/CAV1/TGFB2	20
GO:0030216	keratinocyte differentiation	16/498	78/12060	0.205128205128205	4.967562557924	7.29558737822078	9.04980094234625e-08	5.25880213663463e-06	3.73997541467402e-06	ETV4/CDH3/ST14/PRKCH/IRF6/SFN/FOXC1/POU3F1/GRHL1/EPHA2/FOSL2/AKR1C3/JAG1/ZFP36/FLNB/UGCG	16
GO:0002683	negative regulation of immune system process	37/498	346/12060	0.106936416184971	2.58966501845532	6.22651291742943	1.02906173946918e-07	5.89902689030847e-06	4.19529295208915e-06	NBL1/MICOS10-NBL1/PIM1/SFRP1/TNFRSF21/CEBPA/F2RL1/VSIR/SFN/THBS1/ITPRIPL1/BST2/TRIB1/PVR/LGR4/IL4R/ADA/TWIST1/THY1/CEBPB/TLR4/GDF15/LDLR/DUSP1/RUNX1/LGALS3/LRRC32/MYC/EMILIN1/RASSF5/RHBDF2/CXCL12/TGFB1/HMOX1/TGFB2/NR1D1/JAK3	37
GO:0007186	G protein-coupled receptor signaling pathway	43/498	440/12060	0.0977272727272727	2.36664841182913	6.06085524554259	1.24883753178137e-07	7.06342507975543e-06	5.02339419801461e-06	LPAR1/FZD8/RAMP2/SPNS2/SLC39A14/F2RL1/ADM2/NPPB/ADRA2B/NXPH4/SORCS2/APLN/FOXC1/EDN1/RGS16/GPR176/LPAR3/ADM/LGR4/RGS20/F2RL2/GPRC5A/KCNK2/ADA/OPRD1/AKR1C3/RGS10/ADCYAP1R1/VEGFA/NPR1/S1PR3/GRM4/ITPR3/SIX1/CAV2/GRK5/ADGRA2/ADRA1D/SH2B3/CXCL12/FZD9/FZD5/CAV1	43
GO:0050920	regulation of chemotaxis	21/498	134/12060	0.156716417910448	3.79518072289157	6.75256425751386	1.28071925221771e-07	7.14843561566779e-06	5.08385232251517e-06	NBL1/MICOS10-NBL1/LPAR1/PDGFB/F2RL1/FGF18/F3/SMOC2/THBS1/KDR/EDN1/PLXNA4/PGF/VEGFA/TRPV4/DUSP1/ADGRA2/CXCL12/VEGFC/SEMA5A/TGFB1	21
GO:0015804	neutral amino acid transport	12/498	44/12060	0.272727272727273	6.60460021905805	7.72938347446066	1.35852323023521e-07	7.28665647375815e-06	5.18215277148089e-06	SLC6A9/SLC1A5/SLC7A7/SLC6A15/SLC38A2/SLC7A5/SLC1A3/SLC6A6/SLC1A4/SLC7A11/SLC38A4/SLC6A17	12
GO:1903034	regulation of response to wounding	20/498	123/12060	0.16260162601626	3.93770202762269	6.79620606150148	1.37085369580632e-07	7.28665647375815e-06	5.18215277148089e-06	CLDN4/FERMT1/PDGFB/F2RL1/KLF4/AJAP1/XBP1/F3/PDGFA/CD9/FOXC2/SMOC2/THBS1/EDN1/PLAUR/DDR2/EMILIN1/SH2B3/HBEGF/CAV1	20
GO:0043534	blood vessel endothelial cell migration	18/498	101/12060	0.178217821782178	4.31587737086962	6.94489287782324	1.39048951179113e-07	7.28665647375815e-06	5.18215277148089e-06	JCAD/PDGFB/KLF4/SH3BP1/FGF18/FOXC2/THBS1/KDR/HDAC9/EPHA2/GADD45A/VEGFA/CARD10/SRPX2/VEGFC/TGFB1/CYP1B1/HMOX1	18
GO:0048659	smooth muscle cell proliferation	18/498	101/12060	0.178217821782178	4.31587737086962	6.94489287782324	1.39048951179113e-07	7.28665647375815e-06	5.18215277148089e-06	IGFBP3/PDGFB/IGFBP5/KLF4/XBP1/APLN/THBS1/EDN1/TRIB1/IRAK1/TLR4/NPR1/DDR2/DDIT3/TGFB1/HBEGF/HMOX1/NR4A3	18
GO:0002070	epithelial cell maturation	8/498	17/12060	0.470588235294118	11.3961729270021	8.9019356136876	1.39852495155692e-07	7.28665647375815e-06	5.18215277148089e-06	CEBPA/XBP1/KDR/TFCP2L1/EPAS1/VEGFA/TGFB1/FZD5	8
GO:0060326	cell chemotaxis	24/498	171/12060	0.140350877192982	3.39885859226379	6.55667830477412	1.40854745603057e-07	7.28665647375815e-06	5.18215277148089e-06	NBL1/MICOS10-NBL1/LPAR1/KIT/PDGFB/F2RL1/FGF18/SMOC2/THBS1/KDR/EDN1/FLT1/EPHA2/PGF/VEGFA/TRPV4/DUSP1/CXCL16/LGALS3/CXCL12/VEGFC/SEMA5A/HBEGF/TGFB2	24
GO:0071774	response to fibroblast growth factor	17/498	91/12060	0.186813186813187	4.52403018668079	7.0030176192619	1.52107099204517e-07	7.77395560030796e-06	5.52871206493526e-06	SPRY4/SPRY1/SPRY2/FAM20C/FGF18/APLN/IER2/SMOC2/THBS1/CCN2/GATA3/SHISA2/TNC/NDNF/GCLM/ZFP36/RUNX2	17
GO:0089718	amino acid import across plasma membrane	11/498	37/12060	0.297297297297297	7.19960924780202	7.83813234823189	1.71849546614042e-07	8.6784021040091e-06	6.17193985709077e-06	SLC6A9/SLC1A5/SLC7A1/SLC7A2/SLC38A2/SLC7A5/SLC1A3/SLC6A6/SLC1A4/SLC7A11/SLC38A4	11
GO:0045596	negative regulation of cell differentiation	46/498	493/12060	0.0933062880324544	2.25958601138835	5.92645180686919	1.75718056273004e-07	8.76936464364801e-06	6.23663095081645e-06	SPRY1/DCC/SFRP1/SPRY2/PDGFB/IFRD1/IGFBP5/CEBPA/XBP1/TRIB2/JDP2/NOCT/IRX3/GATA3/TRIB1/MEIS2/IL4R/TCF15/SPRED3/TWIST1/THY1/NTN1/LHX2/TLR4/VEGFA/TRIB3/LDLR/TRPV4/INSIG1/TBX3/TMEM119/JAG1/RUNX1/S1PR3/MYC/ZFP36/CRIM1/DDIT3/VEGFC/SEMA5A/TGFB1/CAV1/TGFB2/HEY1/NR1D1/JAK3	46
GO:0048705	skeletal system morphogenesis	23/498	161/12060	0.142857142857143	3.45955249569707	6.52030090753164	1.85253831000302e-07	9.13775291980561e-06	6.49862276189555e-06	MTHFD1L/SFRP1/FGF18/FOXC1/FOXC2/CCN2/IRX5/COL13A1/TCF15/FOSL2/TWIST1/STC1/VEGFA/PAPPA2/GSC/TRPV4/INSIG1/TMEM119/MYC/SIX1/TGFB1/RUNX2/TGFB2	23
GO:0003014	renal system process	16/498	82/12060	0.195121951219512	4.72524243314722	7.0246250729758	1.88502312765912e-07	9.19111276727586e-06	6.53657142634125e-06	MYO1E/CLDN4/PDGFB/F2RL1/NPPB/ABCG2/EDN1/ADM/WNK4/AKR1C3/STC1/COMT/NPR1/SPX/MCAM/ITGA3	16
GO:0048732	gland development	35/498	325/12060	0.107692307692308	2.6079703429101	6.09862604867975	1.93823615689744e-07	9.34317929268064e-06	6.64471869099052e-06	HK2/FKBP4/SFRP1/IGFBP5/IRF6/ELF3/CEBPA/XBP1/SLC7A5/TGFA/APLN/PDGFA/FOXC1/NRG1/EDN1/EDA/TFCP2L1/GATA3/PCK2/EPHA2/ESRP2/ADA/TNC/NTN1/CEBPB/NKX3-1/VEGFA/ETV5/TBX3/NRG3/PLXND1/SIX1/TGFB1/CAV1/TGFB2	35
GO:0048598	embryonic morphogenesis	44/498	464/12060	0.0948275862068965	2.29642708766099	5.91026317820859	2.09449154500512e-07	9.9829585774289e-06	7.09971941807768e-06	SPINT1/MTHFD1L/MBP/SFRP1/LRIG3/SPRY2/IRX2/ST14/CCN1/KLF4/DUSP5/APLN/FOXC1/FOXC2/IRX3/EDN1/RET/GATA3/GBX2/IRX5/ADM/FLT1/EPHA2/TWIST1/NTN1/LHX2/MICAL2/GSC/TXNRD1/DUSP1/INSIG1/TBX3/MYC/DLC1/SIX1/VEGFC/DUSP4/WNT5B/TGFB1/RUNX2/FZD5/NR4A3/TGFB2/ITGA3	44
GO:0009913	epidermal cell differentiation	20/498	127/12060	0.15748031496063	3.81367991651646	6.61539174956538	2.35418169711885e-07	1.09741085265694e-05	7.80460930473409e-06	ETV4/CDH3/ESRP1/ST14/PRKCH/IRF6/KLF4/SFN/FOXC1/SLC4A7/POU3F1/GRHL1/EPHA2/FOSL2/AKR1C3/MAFF/JAG1/ZFP36/FLNB/UGCG	20
GO:0043409	negative regulation of MAPK cascade	20/498	127/12060	0.15748031496063	3.81367991651646	6.61539174956538	2.35418169711885e-07	1.09741085265694e-05	7.80460930473409e-06	SPRY4/SPRY1/SPRY2/DUSP6/F2RL1/KLF4/DUSP5/XBP1/TRIB1/SPRED3/DUSP7/TLR4/TRIB3/DUSP1/MYC/EMILIN1/SH2B3/DUSP4/LIF/CAV1	20
GO:0008016	regulation of heart contraction	21/498	139/12060	0.151079136690647	3.65866343070122	6.54286944498858	2.4283004067256e-07	1.11965764405761e-05	7.96282490351897e-06	JPH1/THRB/SCN5A/ADM2/APLN/IRX3/EDN1/KCNE3/EPAS1/IRX5/ADM/ADA/STC1/SLC8A2/SPX/SLC8A1/ASPH/FKBP1C/HBEGF/CAV1/TGFB2	21
GO:0007423	sensory organ development	43/498	451/12060	0.0953436807095344	2.3089252798333	5.87975942968467	2.49429063950656e-07	1.13771837556848e-05	8.09126991830877e-06	ATP8B1/THRB/SPRY1/KIT/LRIG3/SPRY2/ESRP1/CEBPA/KLF4/FOXC1/FOXC2/KDR/EDN1/SLC4A7/GATA3/PRDM1/GBX2/MEIS2/IRX5/GABRA5/FLT1/EPHA2/TCF15/KCNK2/SPRED3/TWIST1/THY1/NTN1/LHX2/VEGFA/GSC/INSIG1/TBX3/JAG1/MYC/SIX1/FOS/WNT5B/TGFB1/FZD5/CYP1B1/NR4A3/TGFB2	43
GO:0001503	ossification	35/498	329/12060	0.106382978723404	2.57626249679569	6.01606902901485	2.61056713496488e-07	1.1780878496299e-05	8.37837111848752e-06	NPNT/SFRP1/DDX21/IGFBP3/IGFBP5/CEBPA/CCN1/FAM20C/FGF18/FOXC1/FOXC2/NOCT/CCN2/LGR4/EPHA2/COL13A1/FOSL2/PKDCC/TNC/TWIST1/STC1/CEBPB/VEGFA/TMEM119/JAG1/OSTF1/RUNX1/SLC8A1/DDR2/CRIM1/VEGFC/FZD9/TGFB1/RUNX2/SEMA7A	35
GO:0040036	regulation of fibroblast growth factor receptor signaling pathway	10/498	31/12060	0.32258064516129	7.8118927322192	7.88111602815446	2.67078870626125e-07	1.19257744125897e-05	8.48141876137922e-06	SPRY4/SPRY1/SPRY2/FAM20C/APLN/SMOC2/THBS1/GATA3/SHISA2/RUNX2	10
GO:0001657	ureteric bud development	15/498	74/12060	0.202702702702703	4.90882448713774	6.99968876521966	2.69970077098812e-07	1.19293027818037e-05	8.48392808075871e-06	NPNT/SPRY1/SFRP1/FOXC1/FOXC2/HS3ST3B1/RET/EPCAM/GATA3/LGR4/HS3ST3A1/VEGFA/MYC/SIX1/TGFB1	15
GO:0072088	nephron epithelium morphogenesis	13/498	56/12060	0.232142857142857	5.62177280550775	7.19438126464443	3.21873308938596e-07	1.39192848983567e-05	9.89917132402545e-06	NPNT/IRX2/IRX3/HS3ST3B1/GATA3/LGR4/WNK4/HS3ST3A1/VEGFA/MYC/SIX1/TGFB1/LIF	13
GO:0072163	mesonephric epithelium development	15/498	75/12060	0.2	4.8433734939759	6.92911931438724	3.24848940343543e-07	1.39192848983567e-05	9.89917132402545e-06	NPNT/SPRY1/SFRP1/FOXC1/FOXC2/HS3ST3B1/RET/EPCAM/GATA3/LGR4/HS3ST3A1/VEGFA/MYC/SIX1/TGFB1	15
GO:0072164	mesonephric tubule development	15/498	75/12060	0.2	4.8433734939759	6.92911931438724	3.24848940343543e-07	1.39192848983567e-05	9.89917132402545e-06	NPNT/SPRY1/SFRP1/FOXC1/FOXC2/HS3ST3B1/RET/EPCAM/GATA3/LGR4/HS3ST3A1/VEGFA/MYC/SIX1/TGFB1	15
GO:0008217	regulation of blood pressure	18/498	107/12060	0.168224299065421	4.07386555568067	6.62814703504588	3.4361188394634e-07	1.44316991257463e-05	1.02635920728526e-05	RAMP2/PDGFB/F2RL1/ADM2/NPPB/ADRA2B/APLN/SCNN1A/EDN1/KCNK6/ADM/WNK4/COMT/NPR1/ANPEP/SPX/EMILIN1/VEGFC	18
GO:0030879	mammary gland development	18/498	107/12060	0.168224299065421	4.07386555568067	6.62814703504588	3.4361188394634e-07	1.44316991257463e-05	1.02635920728526e-05	HK2/IGFBP5/IRF6/ELF3/XBP1/TGFA/APLN/NRG1/GATA3/EPHA2/NTN1/CEBPB/VEGFA/ETV5/TBX3/NRG3/TGFB1/CAV1	18
GO:0001823	mesonephros development	15/498	76/12060	0.197368421052632	4.77964489537096	6.85978858810626	3.89603724504167e-07	1.62029313661439e-05	1.15232639259953e-05	NPNT/SPRY1/SFRP1/FOXC1/FOXC2/HS3ST3B1/RET/EPCAM/GATA3/LGR4/HS3ST3A1/VEGFA/MYC/SIX1/TGFB1	15
GO:2000027	regulation of animal organ morphogenesis	13/498	57/12060	0.228070175438596	5.52314521242866	7.10373728844263	4.01480930953901e-07	1.6534777758315e-05	1.17592677374949e-05	SPRY1/SFRP1/AJAP1/PDGFA/EDN1/GATA3/LGR4/VEGFA/ETV5/SP6/SIX1/TGFB1/RUNX2	13
GO:0050918	positive chemotaxis	11/498	40/12060	0.275	6.65963855421687	7.44081136438819	4.15179151830224e-07	1.69345188659982e-05	1.20435571775852e-05	PDGFB/F2RL1/F3/KDR/PGF/VEGFA/LGALS3/S100A4/CXCL12/VEGFC/SEMA5A	11
GO:0001817	regulation of cytokine production	45/498	493/12060	0.0912778904665314	2.21046457635817	5.69533156993535	4.49758371975228e-07	1.80394851492903e-05	1.28293914086866e-05	TRIM38/MBP/DDX21/FERMT1/KIT/LPL/TNFRSF21/EGR1/F11R/CCBE1/F2RL1/VSIR/KLF4/XBP1/SLC7A5/F3/TRIB2/THBS1/BST2/GATA3/HDAC9/IRAK1/LGR4/LTB/IL4R/EPHA2/TWIST1/CEBPB/TLR4/TRPV4/RUNX1/LRRC32/S1PR3/CARD11/ZFP36/DDIT3/MAPK13/TGFB1/SEMA7A/FZD5/CYP1B1/HMOX1/NR4A3/TGFB2/JAK3	45
GO:1903522	regulation of blood circulation	23/498	169/12060	0.136094674556213	3.29578669708419	6.23762891226154	4.50774499251478e-07	1.80394851492903e-05	1.28293914086866e-05	JPH1/THRB/SCN5A/ADM2/ADRA2B/APLN/IRX3/EDN1/KCNE3/EPAS1/IRX5/ADM/ADA/STC1/SLC8A2/SPX/SLC8A1/ASPH/FKBP1C/ADRA1D/HBEGF/CAV1/TGFB2	23
GO:0048660	regulation of smooth muscle cell proliferation	17/498	98/12060	0.173469387755102	4.20088517334645	6.60290532216754	4.62992796464539e-07	1.83552845103044e-05	1.3053982829979e-05	IGFBP3/PDGFB/IGFBP5/KLF4/XBP1/APLN/THBS1/EDN1/TRIB1/IRAK1/TLR4/NPR1/DDR2/TGFB1/HBEGF/HMOX1/NR4A3	17
GO:0030198	extracellular matrix organization	28/498	236/12060	0.11864406779661	2.87318766591791	6.03127202836003	4.72294387462315e-07	1.83804843267444e-05	1.30719045337228e-05	SPINT1/NPNT/MYO1E/RAMP2/ZNF469/FERMT1/ELF3/CCN1/FOXC1/FOXC2/SMOC2/THSD4/P4HA1/MPZL3/ADAMTS14/TCF15/NDNF/RUNX1/TIMP3/TGFBI/CAV2/DDR2/EMILIN1/TGFB1/CYP1B1/PAPLN/CAV1/TGFB2	28
GO:0043062	extracellular structure organization	28/498	236/12060	0.11864406779661	2.87318766591791	6.03127202836003	4.72294387462315e-07	1.83804843267444e-05	1.30719045337228e-05	SPINT1/NPNT/MYO1E/RAMP2/ZNF469/FERMT1/ELF3/CCN1/FOXC1/FOXC2/SMOC2/THSD4/P4HA1/MPZL3/ADAMTS14/TCF15/NDNF/RUNX1/TIMP3/TGFBI/CAV2/DDR2/EMILIN1/TGFB1/CYP1B1/PAPLN/CAV1/TGFB2	28
GO:0032602	chemokine production	12/498	49/12060	0.244897959183673	5.93066142119498	7.17740535507801	4.92158097643947e-07	1.87039466326582e-05	1.33019457180571e-05	MBP/LPL/EGR1/F2RL1/KLF4/IL4R/EPHA2/TWIST1/TLR4/TRPV4/TGFB1/HMOX1	12
GO:0032642	regulation of chemokine production	12/498	49/12060	0.244897959183673	5.93066142119498	7.17740535507801	4.92158097643947e-07	1.87039466326582e-05	1.33019457180571e-05	MBP/LPL/EGR1/F2RL1/KLF4/IL4R/EPHA2/TWIST1/TLR4/TRPV4/TGFB1/HMOX1	12
GO:0070373	negative regulation of ERK1 and ERK2 cascade	13/498	58/12060	0.224137931034483	5.42791857083506	7.01520953950021	4.98242802803013e-07	1.87039466326582e-05	1.33019457180571e-05	SPRY4/SPRY1/SPRY2/DUSP6/KLF4/XBP1/SPRED3/DUSP7/TLR4/DUSP1/EMILIN1/DUSP4/LIF	13
GO:0072028	nephron morphogenesis	13/498	58/12060	0.224137931034483	5.42791857083506	7.01520953950021	4.98242802803013e-07	1.87039466326582e-05	1.33019457180571e-05	NPNT/IRX2/IRX3/HS3ST3B1/GATA3/LGR4/WNK4/HS3ST3A1/VEGFA/MYC/SIX1/TGFB1/LIF	13
GO:0045229	external encapsulating structure organization	28/498	237/12060	0.118143459915612	2.86106451120939	6.00517395364925	5.1530072467906e-07	1.91746111762155e-05	1.36366747638983e-05	SPINT1/NPNT/MYO1E/RAMP2/ZNF469/FERMT1/ELF3/CCN1/FOXC1/FOXC2/SMOC2/THSD4/P4HA1/MPZL3/ADAMTS14/TCF15/NDNF/RUNX1/TIMP3/TGFBI/CAV2/DDR2/EMILIN1/TGFB1/CYP1B1/PAPLN/CAV1/TGFB2	28
GO:2000351	regulation of endothelial cell apoptotic process	11/498	41/12060	0.268292682926829	6.49720834557743	7.31734942483514	5.4651941846703e-07	1.99856497684236e-05	1.42134723532351e-05	RAMP2/XBP1/FUT1/F3/THBS1/KDR/GATA3/AKR1C3/NDNF/SEMA5A/TGFB1	11
GO:2001238	positive regulation of extrinsic apoptotic signaling pathway	11/498	41/12060	0.268292682926829	6.49720834557743	7.31734942483514	5.4651941846703e-07	1.99856497684236e-05	1.42134723532351e-05	SFRP1/THBS1/TNFSF15/RET/LTB/TLR4/PMAIP1/BID/CAV1/TGFB2/LTBR	11
GO:0050679	positive regulation of epithelial cell proliferation	21/498	146/12060	0.143835616438356	3.48324806073609	6.26500715670097	5.64112869206265e-07	2.02856277776585e-05	1.44268118838605e-05	CDH3/JCAD/SCN5A/PDGFB/XBP1/TGFA/APLN/F3/KDR/EGFL7/ESRP2/VEGFA/MYC/CAV2/CXCL12/VEGFC/SEMA5A/TGFB1/RUNX2/HMOX1/NR4A3	21
GO:0001816	cytokine production	45/498	497/12060	0.0905432595573441	2.1926741169911	5.63531974129473	5.64286675569002e-07	2.02856277776585e-05	1.44268118838605e-05	TRIM38/MBP/DDX21/FERMT1/KIT/LPL/TNFRSF21/EGR1/F11R/CCBE1/F2RL1/VSIR/KLF4/XBP1/SLC7A5/F3/TRIB2/THBS1/BST2/GATA3/HDAC9/IRAK1/LGR4/LTB/IL4R/EPHA2/TWIST1/CEBPB/TLR4/TRPV4/RUNX1/LRRC32/S1PR3/CARD11/ZFP36/DDIT3/MAPK13/TGFB1/SEMA7A/FZD5/CYP1B1/HMOX1/NR4A3/TGFB2/JAK3	45
GO:0048762	mesenchymal cell differentiation	26/498	212/12060	0.122641509433962	2.96999318026824	6.00570459912233	6.40929348333687e-07	2.28472461817773e-05	1.6248593651697e-05	SEMA3E/SPRY1/SFRP1/SPRY2/GCNT2/FOXC1/FOXC2/NRG1/EDN1/RET/GATA3/GBX2/SPRED3/TWIST1/VEGFA/SP6/GSC/TBX3/JAG1/S100A4/SIX1/SEMA5A/TGFB1/SEMA7A/TGFB2/HEY1	26
GO:0015695	organic cation transport	15/498	79/12060	0.189873417721519	4.5981393930151	6.65884386899709	6.59643969003305e-07	2.33184143042668e-05	1.65836808347673e-05	SLC6A9/SLC1A5/SLC7A1/SLC19A3/SLC7A2/SLC7A7/SLC6A15/ADRA2B/SLC38A2/SLC7A5/SLC6A6/COMT/SLC1A4/SLC38A4/SLC6A17	15
GO:0097529	myeloid leukocyte migration	19/498	125/12060	0.152	3.68096385542169	6.25300232507175	8.26141216697739e-07	2.89627358779488e-05	2.05978314663395e-05	NBL1/MICOS10-NBL1/KIT/PDGFB/TRIM55/CD9/THBS1/EDN1/FLT1/PGF/VEGFA/TRPV4/DUSP1/LGALS3/FUT4/EMILIN1/CXCL12/VEGFC/TGFB2	19
GO:0050921	positive regulation of chemotaxis	16/498	91/12060	0.175824175824176	4.25791076393486	6.47418020652882	8.34299156984131e-07	2.90089919993991e-05	2.06307280752073e-05	LPAR1/PDGFB/F2RL1/FGF18/F3/SMOC2/THBS1/KDR/EDN1/PGF/VEGFA/TRPV4/CXCL12/VEGFC/SEMA5A/TGFB1	16
GO:0030193	regulation of blood coagulation	11/498	43/12060	0.255813953488372	6.19501260857383	7.0823378410724	9.23078371730655e-07	3.18349467713938e-05	2.26405016121528e-05	PDGFB/F2RL1/F3/PDGFA/CD9/THBS1/EDN1/PLAUR/EMILIN1/SH2B3/CAV1	11
GO:0071674	mononuclear cell migration	19/498	126/12060	0.150793650793651	3.65174985656913	6.20981477427653	9.3623972860637e-07	3.19352109828409e-05	2.27118079051148e-05	NBL1/MICOS10-NBL1/SPNS2/PDGFB/F11R/TRIM55/CD9/THBS1/RET/GATA3/FLT1/TRPV4/DUSP1/CXCL16/LGALS3/FUT4/EMILIN1/CXCL12/TGFB1	19
GO:0061042	vascular wound healing	7/498	15/12060	0.466666666666667	11.3012048192771	8.28483924796276	9.46708681443583e-07	3.19352109828409e-05	2.27118079051148e-05	XBP1/FOXC2/SMOC2/KDR/VEGFA/NDNF/MCAM	7
GO:0032722	positive regulation of chemokine production	10/498	35/12060	0.285714285714286	6.91910499139415	7.27782082796937	9.52309638394145e-07	3.19352109828409e-05	2.27118079051148e-05	MBP/LPL/EGR1/F2RL1/IL4R/TWIST1/TLR4/TRPV4/TGFB1/HMOX1	10
GO:0002367	cytokine production involved in immune response	14/498	71/12060	0.197183098591549	4.77515696589174	6.62104507375142	9.63627299812266e-07	3.19352109828409e-05	2.27118079051148e-05	DDX21/KIT/F2RL1/SLC7A5/BST2/GATA3/TWIST1/TLR4/TGFB1/SEMA7A/FZD5/NR4A3/TGFB2/JAK3	14
GO:0002718	regulation of cytokine production involved in immune response	14/498	71/12060	0.197183098591549	4.77515696589174	6.62104507375142	9.63627299812266e-07	3.19352109828409e-05	2.27118079051148e-05	DDX21/KIT/F2RL1/SLC7A5/BST2/GATA3/TWIST1/TLR4/TGFB1/SEMA7A/FZD5/NR4A3/TGFB2/JAK3	14
GO:0006814	sodium ion transport	20/498	139/12060	0.143884892086331	3.48444136257259	6.11411557075303	1.04277603594423e-06	3.42903561587241e-05	2.43867492371779e-05	SLC6A9/SCN5A/SLC6A15/PTPN3/SLC38A2/SCNN1A/TPCN1/PRSS8/SLC4A11/EDN1/SLC4A7/SLC6A6/KCNE3/WNK4/SLC8A2/FXYD5/SLC8A1/SLC38A4/TGFB1/SLC6A17	20
GO:0043583	ear development	23/498	178/12060	0.129213483146067	3.12914579666983	5.93915233882175	1.14230538161932e-06	3.7250637672247e-05	2.64920537900841e-05	ATP8B1/LRIG3/SPRY2/ESRP1/CEBPA/EDN1/SLC4A7/GATA3/GBX2/GABRA5/TCF15/KCNK2/TWIST1/NTN1/GSC/INSIG1/TBX3/JAG1/MYC/SIX1/TGFB1/NR4A3/TGFB2	23
GO:0072080	nephron tubule development	14/498	72/12060	0.194444444444444	4.70883534136546	6.55064810583068	1.15167823033842e-06	3.7250637672247e-05	2.64920537900841e-05	NPNT/IRX2/IRX3/HS3ST3B1/GATA3/LGR4/WNK4/HS3ST3A1/VEGFA/JAG1/MYC/SIX1/TGFB1/LIF	14
GO:0060485	mesenchyme development	29/498	261/12060	0.111111111111111	2.69076305220884	5.73105053905994	1.16583511729465e-06	3.7250637672247e-05	2.64920537900841e-05	SEMA3E/SPRY1/SFRP1/SPRY2/GCNT2/FOXC1/FOXC2/NRG1/EDN1/RET/GATA3/GBX2/TCF15/SPRED3/TWIST1/ACTA1/VEGFA/SP6/GSC/TBX3/JAG1/MYC/S100A4/SIX1/SEMA5A/TGFB1/SEMA7A/TGFB2/HEY1	29
GO:0070374	positive regulation of ERK1 and ERK2 cascade	18/498	116/12060	0.155172413793103	3.75778977980889	6.19396991353827	1.17927415035922e-06	3.7250637672247e-05	2.64920537900841e-05	NPNT/SPRY2/PDGFB/GCNT2/F2RL1/FGF18/PDGFA/CCN2/KDR/NRG1/NGF/TLR4/VEGFA/NAMPT/TRPV4/DDR2/TGFB1/SEMA7A	18
GO:0072577	endothelial cell apoptotic process	11/498	44/12060	0.25	6.05421686746988	6.97034200564759	1.18548705463304e-06	3.7250637672247e-05	2.64920537900841e-05	RAMP2/XBP1/FUT1/F3/THBS1/KDR/GATA3/AKR1C3/NDNF/SEMA5A/TGFB1	11
GO:1900046	regulation of hemostasis	11/498	44/12060	0.25	6.05421686746988	6.97034200564759	1.18548705463304e-06	3.7250637672247e-05	2.64920537900841e-05	PDGFB/F2RL1/F3/PDGFA/CD9/THBS1/EDN1/PLAUR/EMILIN1/SH2B3/CAV1	11
GO:0060541	respiratory system development	23/498	179/12060	0.128491620111732	3.11166453523592	5.90716062446576	1.26123195442157e-06	3.93347811688265e-05	2.797426309086e-05	THRB/SPRY1/SPRY2/IGFBP5/CCBE1/CEBPA/FGF18/PDGFA/CCN2/KDR/EDA/EPAS1/FOSL2/PKDCC/ESRP2/ADA/TNC/VEGFA/SIX1/SLC7A11/TGFB1/LIF/ITGA3	23
GO:0090049	regulation of cell migration involved in sprouting angiogenesis	10/498	36/12060	0.277777777777778	6.72690763052209	7.14168649159207	1.27035950498096e-06	3.93347811688265e-05	2.797426309086e-05	JCAD/KLF4/FOXC2/THBS1/KDR/HDAC9/VEGFA/CARD10/SRPX2/HMOX1	10
GO:2000146	negative regulation of cell motility	28/498	248/12060	0.112903225806452	2.73416245627672	5.72674357755474	1.29638266305287e-06	3.98496757729729e-05	2.83404478437034e-05	NBL1/MICOS10-NBL1/SFRP1/IGFBP3/IGFBP5/EPHA1/ARHGDIB/KLF4/THBS1/BST2/GATA3/TRIB1/ADA/CYGB/THY1/STC1/GADD45A/GDF15/CARD10/DUSP1/JAG1/NRG3/DLC1/EMILIN1/CXCL12/TGFB1/CYP1B1/HMOX1	28
GO:0035725	sodium ion transmembrane transport	16/498	94/12060	0.170212765957447	4.12201999487311	6.30636268968103	1.31104814720716e-06	4.0010548492466e-05	2.84548579318116e-05	SLC6A9/SCN5A/SLC6A15/PTPN3/SLC38A2/SCNN1A/TPCN1/SLC4A11/SLC4A7/SLC6A6/WNK4/SLC8A2/FXYD5/SLC8A1/SLC38A4/SLC6A17	16
GO:0001649	osteoblast differentiation	24/498	193/12060	0.124352331606218	3.01142393407828	5.84609183462802	1.34808600267044e-06	4.08470058809143e-05	2.90497329598006e-05	NPNT/SFRP1/DDX21/IGFBP3/IGFBP5/CEBPA/CCN1/FAM20C/NOCT/CCN2/LGR4/EPHA2/FOSL2/TNC/TWIST1/CEBPB/VEGFA/TMEM119/JAG1/DDR2/CRIM1/VEGFC/RUNX2/SEMA7A	24
GO:0040013	negative regulation of locomotion	29/498	263/12060	0.110266159695817	2.67030097576618	5.68382444882305	1.36398728938914e-06	4.08669639894586e-05	2.90639268452786e-05	NBL1/MICOS10-NBL1/SFRP1/IGFBP3/IGFBP5/EPHA1/ARHGDIB/KLF4/THBS1/BST2/GATA3/TRIB1/ADA/CYGB/THY1/STC1/GADD45A/GDF15/CARD10/DUSP1/JAG1/NRG3/DLC1/EMILIN1/CXCL12/SEMA5A/TGFB1/CYP1B1/HMOX1	29
GO:0001656	metanephros development	13/498	63/12060	0.206349206349206	4.99713138267355	6.60140237611715	1.36801246735104e-06	4.08669639894586e-05	2.90639268452786e-05	SPRY1/PDGFB/IRX2/EGR1/PDGFA/FOXC2/IRX3/RET/LGR4/NKX3-1/MYC/SIX1/LIF	13
GO:0043536	positive regulation of blood vessel endothelial cell migration	12/498	54/12060	0.222222222222222	5.38152610441767	6.69694836337975	1.5155066411986e-06	4.45622142767343e-05	3.16919293573341e-05	JCAD/PDGFB/FGF18/FOXC2/THBS1/KDR/HDAC9/VEGFA/SRPX2/VEGFC/TGFB1/HMOX1	12
GO:0072078	nephron tubule morphogenesis	12/498	54/12060	0.222222222222222	5.38152610441767	6.69694836337975	1.5155066411986e-06	4.45622142767343e-05	3.16919293573341e-05	NPNT/IRX2/IRX3/HS3ST3B1/GATA3/LGR4/WNK4/HS3ST3A1/VEGFA/MYC/SIX1/TGFB1	12
GO:0022408	negative regulation of cell-cell adhesion	19/498	130/12060	0.146153846153846	3.53938832252085	6.04135573108607	1.52322514618729e-06	4.45622142767343e-05	3.16919293573341e-05	MBP/TNFRSF21/VSIR/KLF4/CD9/EPCAM/IL4R/CEBPB/VEGFA/TRPV4/FXYD5/JAG1/RUNX1/LGALS3/LRRC32/SH2B3/CXCL12/TGFB1/JAK3	19
GO:0007431	salivary gland development	9/498	29/12060	0.310344827586207	7.51557955961778	7.29046155581151	1.5530087730021e-06	4.51223507881842e-05	3.20902894262726e-05	XBP1/PDGFA/EDA/TFCP2L1/ESRP2/NKX3-1/PLXND1/TGFB1/TGFB2	9
GO:0098771	inorganic ion homeostasis	35/498	355/12060	0.0985915492957746	2.38757848294587	5.50731428003053	1.58079815854972e-06	4.54643572684444e-05	3.23335189288473e-05	JPH1/SLC40A1/SLC39A14/NPPB/SCNN1A/SLC1A3/KDR/EDN1/HERPUD1/SLC12A8/KCNE3/EPAS1/STC2/MT2A/WNK4/THY1/STC1/NGF/COMT/SLC8A2/NPR1/TRPV4/MYC/SPX/SLC8A1/ITPR3/CAV2/ASPH/FKBP1C/DDIT3/CXCL12/FZD9/TGFB1/CAV1/HMOX1	35
GO:0050801	monoatomic ion homeostasis	39/498	418/12060	0.0933014354066986	2.25946849599354	5.43895528638648	1.58621519937053e-06	4.54643572684444e-05	3.23335189288473e-05	JPH1/SLC40A1/SLC39A14/NPPB/TESMIN/RAB20/SCNN1A/SLC1A3/KDR/SLC4A11/EDN1/HERPUD1/SLC4A7/SLC12A8/KCNE3/EPAS1/STC2/MT2A/WNK4/THY1/STC1/NGF/COMT/SLC8A2/NPR1/TRPV4/MYC/SPX/SLC8A1/ITPR3/CAV2/ASPH/FKBP1C/DDIT3/CXCL12/FZD9/TGFB1/CAV1/HMOX1	39
GO:0030324	lung development	21/498	156/12060	0.134615384615385	3.25996292863763	5.89618350899386	1.70906348396402e-06	4.86566932817139e-05	3.46038569059758e-05	THRB/SPRY1/SPRY2/IGFBP5/CCBE1/CEBPA/FGF18/PDGFA/CCN2/KDR/EPAS1/FOSL2/PKDCC/ESRP2/ADA/TNC/VEGFA/SLC7A11/TGFB1/LIF/ITGA3	21
GO:0030336	negative regulation of cell migration	27/498	238/12060	0.113445378151261	2.74729168775944	5.65017954227135	1.82894731834345e-06	5.16554365219348e-05	3.67365148196891e-05	NBL1/MICOS10-NBL1/SFRP1/IGFBP3/IGFBP5/EPHA1/ARHGDIB/KLF4/THBS1/BST2/TRIB1/ADA/CYGB/THY1/STC1/GADD45A/GDF15/CARD10/DUSP1/JAG1/NRG3/DLC1/EMILIN1/CXCL12/TGFB1/CYP1B1/HMOX1	27
GO:0071453	cellular response to oxygen levels	20/498	144/12060	0.138888888888889	3.36345381526104	5.92129850467538	1.83874844762191e-06	5.16554365219348e-05	3.67365148196891e-05	LPAR1/SFRP1/UCK2/EDN1/EPAS1/STC2/IRAK1/KCNK2/OPRD1/TWIST1/STC1/NKX3-1/VEGFA/PMAIP1/NDNF/MYC/DDR2/FOS/TGFB1/CAV1	20
GO:0044344	cellular response to fibroblast growth factor stimulus	15/498	86/12060	0.174418604651163	4.22387223311852	6.22674752623364	2.04191258640887e-06	5.69854815233318e-05	4.05271570127966e-05	SPRY4/SPRY1/SPRY2/FAM20C/FGF18/APLN/SMOC2/THBS1/CCN2/GATA3/SHISA2/NDNF/GCLM/ZFP36/RUNX2	15
GO:0050866	negative regulation of cell activation	19/498	133/12060	0.142857142857143	3.45955249569707	5.91929717046294	2.16431203987414e-06	6.00066122427849e-05	4.26757365413091e-05	SFRP1/PDGFB/TNFRSF21/VSIR/PDGFA/CD9/IL4R/CYGB/CEBPB/LDLR/RUNX1/LGALS3/LRRC32/EMILIN1/SH2B3/RASSF5/TGFB1/NR1D1/JAK3	19
GO:0035272	exocrine system development	10/498	38/12060	0.263157894736842	6.37285986049461	6.88434753162853	2.19302376368098e-06	6.04078363995762e-05	4.29610807020485e-05	XBP1/PDGFA/FOXC1/EDA/TFCP2L1/ESRP2/NKX3-1/PLXND1/TGFB1/TGFB2	10
GO:0055078	sodium ion homeostasis	8/498	23/12060	0.347826086956522	8.42325825039288	7.39525568250719	2.26415158937216e-06	6.19647164007529e-05	4.40683086936544e-05	NPPB/SCNN1A/SLC1A3/EDN1/COMT/NPR1/SPX/SLC8A1	8
GO:0050818	regulation of coagulation	11/498	47/12060	0.234042553191489	5.66777749295053	6.65406704581657	2.40601666139841e-06	6.54251453695644e-05	4.65293100645603e-05	PDGFB/F2RL1/F3/PDGFA/CD9/THBS1/EDN1/PLAUR/EMILIN1/SH2B3/CAV1	11
GO:2001236	regulation of extrinsic apoptotic signaling pathway	18/498	122/12060	0.147540983606557	3.57298044637567	5.92794888591654	2.49684360145463e-06	6.7462487626564e-05	4.79782350772308e-05	SIAH2/SFRP1/KLF4/THBS1/TNFSF15/NRG1/UNC5B/RET/LTB/TLR4/PMAIP1/LGALS3/GCLM/BID/CAV1/HMOX1/TGFB2/LTBR	18
GO:0030323	respiratory tube development	21/498	160/12060	0.13125	3.17846385542169	5.75692677750562	2.58787911914106e-06	6.94796406544076e-05	4.94128018351652e-05	THRB/SPRY1/SPRY2/IGFBP5/CCBE1/CEBPA/FGF18/PDGFA/CCN2/KDR/EPAS1/FOSL2/PKDCC/ESRP2/ADA/TNC/VEGFA/SLC7A11/TGFB1/LIF/ITGA3	21
GO:0050927	positive regulation of positive chemotaxis	7/498	17/12060	0.411764705882353	9.97165131112686	7.68215985640953	2.66171224201271e-06	7.05597702744401e-05	5.0180972631218e-05	F2RL1/F3/KDR/PGF/VEGFA/CXCL12/VEGFC	7
GO:0098801	regulation of renal system process	7/498	17/12060	0.411764705882353	9.97165131112686	7.68215985640953	2.66171224201271e-06	7.05597702744401e-05	5.0180972631218e-05	PDGFB/F2RL1/NPPB/EDN1/STC1/NPR1/SPX	7
GO:0061326	renal tubule development	14/498	77/12060	0.181818181818182	4.40306681270537	6.2170862884517	2.6780110830233e-06	7.05597702744401e-05	5.0180972631218e-05	NPNT/IRX2/IRX3/HS3ST3B1/GATA3/LGR4/WNK4/HS3ST3A1/VEGFA/JAG1/MYC/SIX1/TGFB1/LIF	14
GO:0055080	monoatomic cation homeostasis	38/498	411/12060	0.0924574209245742	2.23902910913728	5.30410282081946	2.69654339501811e-06	7.06094881584371e-05	5.02163311898758e-05	JPH1/SLC40A1/SLC39A14/NPPB/TESMIN/RAB20/SCNN1A/SLC1A3/KDR/SLC4A11/EDN1/HERPUD1/SLC4A7/SLC12A8/EPAS1/STC2/MT2A/WNK4/THY1/STC1/NGF/COMT/SLC8A2/NPR1/TRPV4/MYC/SPX/SLC8A1/ITPR3/CAV2/ASPH/FKBP1C/DDIT3/CXCL12/FZD9/TGFB1/CAV1/HMOX1	38
GO:0009612	response to mechanical stimulus	21/498	161/12060	0.130434782608696	3.15872184389733	5.72279551767929	2.86391781003758e-06	7.45321432526345e-05	5.3006060339475e-05	KIT/F11R/KCNQ3/SLC38A2/THBS1/SLC1A3/EDN1/MEIS2/KCNK2/TNC/GADD45A/TLR4/TRPV4/PIEZO1/MYC/SLC8A1/DDR2/CXCL12/FOS/TGFB1/LTBR	21
GO:0007599	hemostasis	21/498	162/12060	0.12962962962963	3.13922356091031	5.68892927428003	3.16647565196521e-06	8.19035958270512e-05	5.82485187325563e-05	PDGFB/F11R/F2RL1/ADRA2B/F3/PDGFA/CD9/THBS1/EDN1/F2RL2/FLI1/SCUBE1/LMAN1/MYL12A/TLR4/ITPR3/SLC7A11/PLAUR/EMILIN1/SH2B3/CAV1	21
GO:0060537	muscle tissue development	33/498	335/12060	0.0985074626865672	2.3855421686747	5.33752057615615	3.21773862115778e-06	8.27251347330382e-05	5.88327839760012e-05	PIM1/SCN5A/IFRD1/IGFBP5/EGR1/NPPB/FOXC1/FOXC2/IRX3/NRG1/EDN1/YBX3/HDAC9/FOSL2/KCNK2/TWIST1/ACTA1/VEGFA/MAFF/TBX3/RUNX1/MYC/SLC8A1/POPDC3/SIX1/KLF5/CAV2/FLNB/FOS/TGFB1/CAV1/TGFB2/HEY1	33
GO:0014909	smooth muscle cell migration	12/498	59/12060	0.203389830508475	4.92546457014499	6.27281076724547	4.09772517586858e-06	0.000104087126922362	7.40250889003425e-05	LPAR1/IGFBP3/PDGFB/IGFBP5/XBP1/PDGFA/TRIB1/TLR4/S100A11/DDR2/DDIT3/NR4A3	12
GO:0061333	renal tubule morphogenesis	12/498	59/12060	0.203389830508475	4.92546457014499	6.27281076724547	4.09772517586858e-06	0.000104087126922362	7.40250889003425e-05	NPNT/IRX2/IRX3/HS3ST3B1/GATA3/LGR4/WNK4/HS3ST3A1/VEGFA/MYC/SIX1/TGFB1	12
GO:0040037	negative regulation of fibroblast growth factor receptor signaling pathway	7/498	18/12060	0.388888888888889	9.41767068273092	7.41707565304859	4.20110265794536e-06	0.000105450162573989	7.49944579113759e-05	SPRY4/SPRY1/SPRY2/APLN/THBS1/GATA3/SHISA2	7
GO:0050926	regulation of positive chemotaxis	7/498	18/12060	0.388888888888889	9.41767068273092	7.41707565304859	4.20110265794536e-06	0.000105450162573989	7.49944579113759e-05	F2RL1/F3/KDR/PGF/VEGFA/CXCL12/VEGFC	7
GO:0046942	carboxylic acid transport	25/498	220/12060	0.113636363636364	2.75191675794085	5.44255457422468	4.27837419346702e-06	0.000106758019580512	7.59245847583684e-05	SLC6A9/ATP8B1/SLC1A5/SLC7A1/SLC7A2/SLC7A7/SLC6A15/ABCG2/SLC38A2/SLC7A5/THBS1/SLC1A3/EDN1/ACSL3/SLC6A6/ABCC3/SLC16A7/KCNK2/SLC1A4/SLC16A3/SPX/SLC7A11/SLC38A4/SLC43A3/SLC6A17	25
GO:0015849	organic acid transport	25/498	221/12060	0.113122171945701	2.73946464591397	5.41636682352608	4.64181055924891e-06	0.000114490249511926	8.14236221993549e-05	SLC6A9/ATP8B1/SLC1A5/SLC7A1/SLC7A2/SLC7A7/SLC6A15/ABCG2/SLC38A2/SLC7A5/THBS1/SLC1A3/EDN1/ACSL3/SLC6A6/ABCC3/SLC16A7/KCNK2/SLC1A4/SLC16A3/SPX/SLC7A11/SLC38A4/SLC43A3/SLC6A17	25
GO:1900746	regulation of vascular endothelial growth factor signaling pathway	8/498	25/12060	0.32	7.74939759036145	7.01077138814897	4.64222605281737e-06	0.000114490249511926	8.14236221993549e-05	JCAD/SPRY2/CCBE1/SMOC2/PTP4A3/VEGFA/ADGRA2/EMILIN1	8
GO:0048661	positive regulation of smooth muscle cell proliferation	12/498	60/12060	0.2	4.8433734939759	6.19371801779339	4.93307084111211e-06	0.000120264864988492	8.5530435756971e-05	PDGFB/IGFBP5/XBP1/THBS1/EDN1/IRAK1/TLR4/DDR2/TGFB1/HBEGF/HMOX1/NR4A3	12
GO:1902893	regulation of miRNA transcription	12/498	60/12060	0.2	4.8433734939759	6.19371801779339	4.93307084111211e-06	0.000120264864988492	8.5530435756971e-05	PDGFB/EGR1/KLF4/APLN/GATA3/TWIST1/VEGFA/MYC/FOSL1/FOS/TGFB1/TGFB2	12
GO:0003333	amino acid transmembrane transport	13/498	71/12060	0.183098591549296	4.4340743254709	6.02283854710781	5.6121687556433e-06	0.000136038970636794	9.67487257363831e-05	SLC6A9/SLC1A5/SLC7A1/SLC7A2/SLC7A7/SLC6A15/SLC38A2/SLC7A5/SLC1A3/SLC6A6/SLC1A4/SLC7A11/SLC38A4	13
GO:0001935	endothelial cell proliferation	17/498	117/12060	0.145299145299145	3.51869014519617	5.68152332640242	5.86022166320056e-06	0.000141244660768732	0.000100450928748402	JCAD/PDGFB/XBP1/FUT1/APLN/F3/THBS1/KDR/EGFL7/FLT1/EPHA2/VEGFA/CAV2/CXCL12/SEMA5A/CAV1/HMOX1	17
GO:0061614	miRNA transcription	12/498	61/12060	0.19672131147541	4.76397392850089	6.1163571049441	5.91451675841964e-06	0.000141555472822394	0.000100671973277	PDGFB/EGR1/KLF4/APLN/GATA3/TWIST1/VEGFA/MYC/FOSL1/FOS/TGFB1/TGFB2	12
GO:0015711	organic anion transport	29/498	283/12060	0.102473498233216	2.48158712588871	5.23427953487586	5.93985718113771e-06	0.000141555472822394	0.000100671973277	SLC6A9/ATP8B1/SLC1A5/SLC7A1/SLC39A14/SLC7A2/SLC7A7/SLC6A15/ABCG2/SLC38A2/SLC7A5/THBS1/SLC1A3/SLC4A11/EDN1/ACSL3/SLC4A7/SLC6A6/ABCC3/SLC16A7/KCNK2/SLC2A3/SLC1A4/SLC16A3/SPX/SLC7A11/SLC38A4/SLC43A3/SLC6A17	29
GO:0007507	heart development	42/498	492/12060	0.0853658536585366	2.06729356450191	5.01638821168611	6.14052182023006e-06	0.0001455200757621	0.000103491535058979	PIM1/SPRY1/RAMP2/SCN5A/PDGFB/DUSP6/NPPB/CCN1/APLN/FOXC1/FOXC2/IRX3/KDR/NRG1/EDN1/GATA3/PRDM1/HDAC9/ADM/PLXNA4/PDLIM1/KCNK2/TWIST1/SCUBE1/NKX3-1/MICAL2/VEGFA/TBX3/JAG1/RUNX1/DLC1/PLXND1/CCM2L/SLC8A1/POPDC3/SIX1/EMILIN1/FOXL1/TGFB1/TGFB2/HEY1/ITGA3	42
GO:0060047	heart contraction	21/498	169/12060	0.124260355029586	3.00919654951166	5.4589664203418	6.23866090395149e-06	0.00014702444196979	0.000104561416086111	JPH1/THRB/SCN5A/ADM2/APLN/IRX3/EDN1/KCNE3/EPAS1/IRX5/ADM/ADA/STC1/SLC8A2/SPX/SLC8A1/ASPH/FKBP1C/HBEGF/CAV1/TGFB2	21
GO:0007588	excretion	7/498	19/12060	0.368421052631579	8.92200380469245	7.17190297142806	6.41603772202582e-06	0.000150369237662064	0.000106940180932399	NPPB/ABCG2/EDN1/STC1/COMT/NPR1/SPX	7
GO:0007204	positive regulation of cytosolic calcium ion concentration	13/498	72/12060	0.180555555555556	4.37248995983936	5.95658554073775	6.59498870189692e-06	0.000152874000401348	0.000108721527866762	JPH1/LPAR1/F2RL1/EDN1/LPAR3/ADCYAP1R1/TRPV4/S1PR3/SLC8A1/ITPR3/ASPH/ADRA1D/CAV1	13
GO:0014812	muscle cell migration	13/498	72/12060	0.180555555555556	4.37248995983936	5.95658554073775	6.59498870189692e-06	0.000152874000401348	0.000108721527866762	LPAR1/IGFBP3/PDGFB/IGFBP5/XBP1/PDGFA/TRIB1/TLR4/S100A11/SIX1/DDR2/DDIT3/NR4A3	13
GO:0014033	neural crest cell differentiation	14/498	83/12060	0.168674698795181	4.08477282624474	5.85250838230878	6.71691822514809e-06	0.000154854169081947	0.000110129791952371	SEMA3E/SFRP1/FOXC1/FOXC2/NRG1/EDN1/RET/GBX2/TWIST1/GSC/JAG1/SIX1/SEMA5A/SEMA7A	14
GO:0007596	blood coagulation	20/498	157/12060	0.127388535031847	3.08495127004835	5.45721865233075	7.09068916751087e-06	0.000162587586208547	0.00011562967370746	PDGFB/F11R/F2RL1/ADRA2B/F3/PDGFA/CD9/THBS1/EDN1/F2RL2/SCUBE1/LMAN1/MYL12A/TLR4/ITPR3/SLC7A11/PLAUR/EMILIN1/SH2B3/CAV1	20
GO:0090303	positive regulation of wound healing	10/498	43/12060	0.232558139534884	5.63182964415803	6.31455298262056	7.3848921882017e-06	0.000167867364276247	0.000119384566866603	CLDN4/FERMT1/XBP1/F3/FOXC2/SMOC2/THBS1/DDR2/EMILIN1/HBEGF	10
GO:0030595	leukocyte chemotaxis	17/498	119/12060	0.142857142857143	3.45955249569707	5.59581134415044	7.40065462579344e-06	0.000167867364276247	0.000119384566866603	NBL1/MICOS10-NBL1/KIT/PDGFB/F2RL1/THBS1/EDN1/FLT1/PGF/VEGFA/TRPV4/DUSP1/CXCL16/LGALS3/CXCL12/VEGFC/TGFB2	17
GO:0014706	striated muscle tissue development	31/498	317/12060	0.0977917981072555	2.36821101440462	5.12326734890039	7.43966630927264e-06	0.000167867364276247	0.000119384566866603	PIM1/SCN5A/IFRD1/EGR1/NPPB/FOXC1/FOXC2/IRX3/NRG1/EDN1/YBX3/HDAC9/KCNK2/TWIST1/ACTA1/VEGFA/MAFF/TBX3/RUNX1/MYC/SLC8A1/POPDC3/SIX1/KLF5/CAV2/FLNB/FOS/TGFB1/CAV1/TGFB2/HEY1	31
GO:0060993	kidney morphogenesis	13/498	73/12060	0.178082191780822	4.31259283710183	5.89152971242238	7.72665815552604e-06	0.000173420549712918	0.000123333902944793	NPNT/IRX2/IRX3/HS3ST3B1/GATA3/LGR4/WNK4/HS3ST3A1/VEGFA/MYC/SIX1/TGFB1/LIF	13
GO:0050817	coagulation	20/498	158/12060	0.126582278481013	3.06542626201007	5.42353068650804	7.81294771715873e-06	0.000174434337979933	0.000124054892838653	PDGFB/F11R/F2RL1/ADRA2B/F3/PDGFA/CD9/THBS1/EDN1/F2RL2/SCUBE1/LMAN1/MYL12A/TLR4/ITPR3/SLC7A11/PLAUR/EMILIN1/SH2B3/CAV1	20
GO:0001819	positive regulation of cytokine production	30/498	303/12060	0.099009900990099	2.39770965048312	5.11380137213425	8.17946828970173e-06	0.000181661280025732	0.000129194577670351	MBP/DDX21/FERMT1/KIT/LPL/EGR1/CCBE1/F2RL1/XBP1/SLC7A5/F3/THBS1/GATA3/IRAK1/LTB/IL4R/TWIST1/CEBPB/TLR4/TRPV4/RUNX1/CARD11/DDIT3/MAPK13/TGFB1/SEMA7A/FZD5/CYP1B1/HMOX1/NR4A3	30
GO:0055123	digestive system development	15/498	96/12060	0.15625	3.78388554216867	5.68332676022538	8.38455044287525e-06	0.000184886416328893	0.000131488242685577	SFRP1/KIT/CLMP/XBP1/PDGFA/RET/PRDM1/LGR4/PKDCC/ADA/KLF5/FOXL1/TGFB1/FZD5/TGFB2	15
GO:0014910	regulation of smooth muscle cell migration	11/498	53/12060	0.207547169811321	5.02614230506933	6.09626218988715	8.41185251095625e-06	0.000184886416328893	0.000131488242685577	LPAR1/IGFBP3/PDGFB/IGFBP5/XBP1/PDGFA/TRIB1/TLR4/S100A11/DDR2/NR4A3	11
GO:1902547	regulation of cellular response to vascular endothelial growth factor stimulus	8/498	27/12060	0.296296296296296	7.17536813922356	6.66671075391322	8.85736741871847e-06	0.000193675013351566	0.000137738551394721	JCAD/SPRY2/CCBE1/SMOC2/PTP4A3/VEGFA/ADGRA2/EMILIN1	8
GO:0071526	semaphorin-plexin signaling pathway	10/498	44/12060	0.227272727272727	5.50383351588171	6.21130053683452	9.20824663925134e-06	0.000200314780736945	0.000142460647061238	SEMA3E/SH3BP1/PLXNA2/KDR/EDN1/PLXNA4/PLXNC1/PLXND1/SEMA5A/SEMA7A	10
GO:0071695	anatomical structure maturation	22/498	188/12060	0.117021276595745	2.83388874647526	5.25949204537738	1.00426786542959e-05	0.000217352259446546	0.000154577427621976	CDH3/FERMT1/CEBPA/KCNQ3/FAM20C/XBP1/KDR/BNC1/EDN1/RET/TFCP2L1/GATA3/EPAS1/IRX5/NGF/VEGFA/TRIM58/DDIT3/TGFB1/RUNX2/FZD5/TGFB2	22
GO:0071456	cellular response to hypoxia	17/498	122/12060	0.139344262295082	3.37448153268813	5.47062266880238	1.03949786908172e-05	0.000223835023382977	0.000159187864963302	SFRP1/EDN1/EPAS1/STC2/IRAK1/KCNK2/OPRD1/TWIST1/STC1/NKX3-1/VEGFA/PMAIP1/NDNF/MYC/DDR2/FOS/TGFB1	17
GO:0048469	cell maturation	18/498	135/12060	0.133333333333333	3.2289156626506	5.40486888317856	1.07345405830502e-05	0.00022858849278359	0.0001625684558718	CEBPA/KCNQ3/FAM20C/XBP1/KDR/BNC1/EDN1/RET/TFCP2L1/GATA3/EPAS1/IRX5/NGF/VEGFA/TRIM58/TGFB1/RUNX2/FZD5	18
GO:0045667	regulation of osteoblast differentiation	16/498	110/12060	0.145454545454545	3.52245345016429	5.51555712299295	1.08396190584258e-05	0.00022858849278359	0.0001625684558718	NPNT/SFRP1/IGFBP5/CEBPA/CCN1/FAM20C/NOCT/TWIST1/CEBPB/VEGFA/TMEM119/JAG1/DDR2/CRIM1/VEGFC/RUNX2	16
GO:0033630	positive regulation of cell adhesion mediated by integrin	6/498	14/12060	0.428571428571429	10.3786574870912	7.2868042067099	1.08851663230281e-05	0.00022858849278359	0.0001625684558718	FERMT1/FOXC2/RET/PIEZO1/LIF/TGFB2	6
GO:0072567	chemokine (C-X-C motif) ligand 2 production	6/498	14/12060	0.428571428571429	10.3786574870912	7.2868042067099	1.08851663230281e-05	0.00022858849278359	0.0001625684558718	MBP/LPL/F2RL1/KLF4/TLR4/TGFB1	6
GO:2000341	regulation of chemokine (C-X-C motif) ligand 2 production	6/498	14/12060	0.428571428571429	10.3786574870912	7.2868042067099	1.08851663230281e-05	0.00022858849278359	0.0001625684558718	MBP/LPL/F2RL1/KLF4/TLR4/TGFB1	6
GO:1902895	positive regulation of miRNA transcription	10/498	45/12060	0.222222222222222	5.38152610441767	6.111159364726	1.14073709613808e-05	0.000237206213814595	0.000168697240326715	PDGFB/EGR1/KLF4/APLN/GATA3/MYC/FOSL1/FOS/TGFB1/TGFB2	10
GO:1905330	regulation of morphogenesis of an epithelium	10/498	45/12060	0.222222222222222	5.38152610441767	6.111159364726	1.14073709613808e-05	0.000237206213814595	0.000168697240326715	SFRP1/PDGFA/GATA3/LGR4/VEGFA/ETV5/SIX1/WNT5B/TGFB1/LIF	10
GO:0001558	regulation of cell growth	32/498	340/12060	0.0941176470588235	2.27923458540043	4.96569089007868	1.17080295755589e-05	0.000238473429954112	0.000169598464043397	DCC/SFRP1/IGFBP3/KIF26A/IFRD1/IGFBP5/NPPB/XBP1/SFN/NANOS1/NRG1/BST2/EDN1/UNC13A/LPAR3/PLXNA4/TNC/NTN1/NGF/VEGFA/PAPPA2/NPR1/CXCL16/NRG3/CXCL12/CACNG7/RASGRP2/SEMA5A/TGFB1/HBEGF/SEMA7A/TGFB2	32
GO:0008543	fibroblast growth factor receptor signaling pathway	12/498	65/12060	0.184615384615385	4.4708063021316	5.82291922909852	1.17661693351936e-05	0.000238473429954112	0.000169598464043397	SPRY4/SPRY1/SPRY2/FAM20C/FGF18/APLN/SMOC2/THBS1/CCN2/GATA3/SHISA2/RUNX2	12
GO:0035150	regulation of tube size	14/498	87/12060	0.160919540229885	3.89696717906107	5.62801888983727	1.1805615344263e-05	0.000238473429954112	0.000169598464043397	F2RL1/NPPB/ADRA2B/APLN/FOXC1/FOXC2/EDN1/ADM/VEGFA/NPR1/SLC8A1/GCLM/ADRA1D/CAV1	14
GO:0035296	regulation of tube diameter	14/498	87/12060	0.160919540229885	3.89696717906107	5.62801888983727	1.1805615344263e-05	0.000238473429954112	0.000169598464043397	F2RL1/NPPB/ADRA2B/APLN/FOXC1/FOXC2/EDN1/ADM/VEGFA/NPR1/SLC8A1/GCLM/ADRA1D/CAV1	14
GO:0048565	digestive tract development	14/498	87/12060	0.160919540229885	3.89696717906107	5.62801888983727	1.1805615344263e-05	0.000238473429954112	0.000169598464043397	SFRP1/KIT/CLMP/PDGFA/RET/PRDM1/LGR4/PKDCC/ADA/KLF5/FOXL1/TGFB1/FZD5/TGFB2	14
GO:0097746	blood vessel diameter maintenance	14/498	87/12060	0.160919540229885	3.89696717906107	5.62801888983727	1.1805615344263e-05	0.000238473429954112	0.000169598464043397	F2RL1/NPPB/ADRA2B/APLN/FOXC1/FOXC2/EDN1/ADM/VEGFA/NPR1/SLC8A1/GCLM/ADRA1D/CAV1	14
GO:0045600	positive regulation of fat cell differentiation	11/498	55/12060	0.2	4.8433734939759	5.92879849031846	1.22533415002424e-05	0.00024634442959255	0.000175196192265875	PIM1/SFRP1/LPL/CEBPA/XBP1/NOCT/CEBPB/SIX1/ZFP36/KLF5/WNT5B	11
GO:0003015	heart process	21/498	177/12060	0.11864406779661	2.87318766591791	5.21025177895257	1.28845994530234e-05	0.00025710951454592	0.000182852147370557	JPH1/THRB/SCN5A/ADM2/APLN/IRX3/EDN1/KCNE3/EPAS1/IRX5/ADM/ADA/STC1/SLC8A2/SPX/SLC8A1/ASPH/FKBP1C/HBEGF/CAV1/TGFB2	21
GO:0048638	regulation of developmental growth	26/498	249/12060	0.104417670682731	2.52866889243722	5.05852153556216	1.29100251292506e-05	0.00025710951454592	0.000182852147370557	PIM1/DCC/IFRD1/DUSP6/WWC1/FOXC1/FOXC2/NRG1/EDN1/YBX3/STC2/UNC13A/LPAR3/PLXNA4/FOSL2/KCNK2/NTN1/NGF/VEGFA/GDF15/RUNX1/SIX1/CXCL12/CACNG7/SEMA5A/SEMA7A	26
GO:0090288	negative regulation of cellular response to growth factor stimulus	14/498	88/12060	0.159090909090909	3.8526834611172	5.57397995607831	1.35176201887155e-05	0.000267952078694072	0.000190563204431179	NBL1/MICOS10-NBL1/SPRY4/SPRY1/SFRP1/SPRY2/APLN/THBS1/GATA3/SHISA2/CRIM1/ADGRA2/EMILIN1/CAV1	14
GO:0001936	regulation of endothelial cell proliferation	15/498	100/12060	0.15	3.63253012048193	5.48607316841256	1.39495075155426e-05	0.00027522702735317	0.000195737030793366	JCAD/PDGFB/FUT1/APLN/F3/THBS1/KDR/EGFL7/FLT1/VEGFA/CAV2/CXCL12/SEMA5A/CAV1/HMOX1	15
GO:0033628	regulation of cell adhesion mediated by integrin	9/498	37/12060	0.243243243243243	5.89058938456529	6.18314563464965	1.435935865104e-05	0.000280702301371943	0.000199630957525494	FERMT1/FOXC2/RET/EPHA2/ADA/PIEZO1/LIF/CYP1B1/TGFB2	9
GO:0060443	mammary gland morphogenesis	9/498	37/12060	0.243243243243243	5.89058938456529	6.18314563464965	1.435935865104e-05	0.000280702301371943	0.000199630957525494	IGFBP5/ELF3/EPHA2/NTN1/ETV5/TBX3/NRG3/TGFB1/CAV1	9
GO:0034762	regulation of transmembrane transport	28/498	281/12060	0.099644128113879	2.4130686446855	4.97411755880652	1.45470951386238e-05	0.00028306778705524	0.000201313252859951	JPH1/HK2/STOM/PIM1/KCNG1/SCN5A/PTPN3/SLC7A5/THBS1/EDN1/KCNS3/KCNE3/WNK4/THY1/NGF/ADCYAP1R1/CACNG8/TRIB3/PRKAG2/PID1/FXYD5/SLC8A1/ASPH/FKBP1C/CACNG7/TGFB1/CAV1/NR4A3	28
GO:0001890	placenta development	17/498	126/12060	0.134920634920635	3.26735513482501	5.30964690349218	1.60558543073914e-05	0.000310999698502074	0.0002211779785868	SPINT1/PDGFB/ST14/CEBPA/CCN1/PRDM1/EPAS1/STC2/ADM/ADA/PHLDA2/STC1/CEBPB/FOSL1/LIF/FZD5/HEY1	17
GO:0001946	lymphangiogenesis	6/498	15/12060	0.4	9.68674698795181	6.98639660559199	1.75108047507511e-05	0.000334598350237325	0.000237960959770757	CCBE1/FOXC1/FOXC2/EPHA2/VEGFA/VEGFC	6
GO:0032328	alanine transport	6/498	15/12060	0.4	9.68674698795181	6.98639660559199	1.75108047507511e-05	0.000334598350237325	0.000237960959770757	SLC38A2/SLC7A5/SLC6A6/SLC1A4/SLC38A4/SLC6A17	6
GO:0045987	positive regulation of smooth muscle contraction	6/498	15/12060	0.4	9.68674698795181	6.98639660559199	1.75108047507511e-05	0.000334598350237325	0.000237960959770757	NPNT/KIT/ADRA2B/EDN1/ADA/SPX	6
GO:0015807	L-amino acid transport	12/498	68/12060	0.176470588235294	4.2735648476258	5.61802194583564	1.90059737238761e-05	0.000361539643662252	0.000257121173909034	SLC1A5/SLC7A1/SLC7A2/SLC7A7/SLC6A15/SLC38A2/SLC7A5/SLC1A3/SLC1A4/SLC7A11/SLC38A4/SLC6A17	12
GO:0002700	regulation of production of molecular mediator of immune response	16/498	115/12060	0.139130434782609	3.36930330015715	5.29822428469943	1.92297918312244e-05	0.000362626742501066	0.000257894301101282	DDX21/KIT/F2RL1/XBP1/SLC7A5/BST2/GATA3/IL4R/TWIST1/TLR4/TGFB1/SEMA7A/FZD5/NR4A3/TGFB2/JAK3	16
GO:0006816	calcium ion transport	27/498	270/12060	0.1	2.42168674698795	4.90323525391935	1.93820347398532e-05	0.000362626742501066	0.000257894301101282	JPH1/RAMP2/PDGFB/TPCN1/ITPRIPL1/EDN1/STC2/LPAR3/OPRD1/THY1/STC1/NGF/ADCYAP1R1/CACNG8/SLC8A2/TRPV4/NALF2/LGALS3/SLC8A1/ITPR3/ASPH/FKBP1C/DDIT3/CXCL12/CACNG7/TGFB1/CAV1	27
GO:0061448	connective tissue development	24/498	225/12060	0.106666666666667	2.58313253012048	4.97482991519181	1.94730829461279e-05	0.000362626742501066	0.000257894301101282	LPL/SLC39A14/PDGFB/IFRD1/EGR1/CCN1/XBP1/FGF18/FOXC2/CCN2/BGN/EDN1/GATA3/FOSL2/PKDCC/STC1/TRPV4/RUNX1/TGFBI/EBF2/WNT5B/TGFB1/RUNX2/TGFB2	24
GO:0060055	angiogenesis involved in wound healing	7/498	22/12060	0.318181818181818	7.70536692223439	6.53296836350138	1.94905462730418e-05	0.000362626742501066	0.000257894301101282	XBP1/FOXC2/SMOC2/KDR/VEGFA/NDNF/MCAM	7
GO:0090050	positive regulation of cell migration involved in sprouting angiogenesis	7/498	22/12060	0.318181818181818	7.70536692223439	6.53296836350138	1.94905462730418e-05	0.000362626742501066	0.000257894301101282	JCAD/FOXC2/KDR/HDAC9/VEGFA/SRPX2/HMOX1	7
GO:0060840	artery development	14/498	91/12060	0.153846153846154	3.725671918443	5.41650538106266	2.00404660231828e-05	0.000371229942665246	0.000264012758549491	FOXC1/FOXC2/EDN1/PRDM1/NKX3-1/COMT/VEGFA/LDLR/JAG1/PLXND1/SIX1/DDIT3/TGFB2/HEY1	14
GO:0043269	regulation of monoatomic ion transport	27/498	271/12060	0.0996309963099631	2.41275063353043	4.88163730055499	2.07130798221205e-05	0.000382021237414935	0.000271687353639347	JPH1/ATP8B1/STOM/KCNG1/SCN5A/PDGFB/PTPN3/PRSS8/EDN1/KCNS3/KCNE3/STC2/LPAR3/WNK4/OPRD1/THY1/STC1/NGF/ADCYAP1R1/FXYD5/LGALS3/SLC8A1/ASPH/FKBP1C/CXCL12/TGFB1/CAV1	27
GO:0014911	positive regulation of smooth muscle cell migration	8/498	30/12060	0.266666666666667	6.45783132530121	6.21157537765877	2.09298549679799e-05	0.00038434824577563	0.000273342284521441	LPAR1/PDGFB/IGFBP5/XBP1/TLR4/S100A11/DDR2/NR4A3	8
GO:1903825	organic acid transmembrane transport	16/498	116/12060	0.137931034482759	3.34025758205235	5.25619652349519	2.14739773978621e-05	0.000392640569490219	0.000279239651643705	SLC6A9/SLC1A5/SLC7A1/SLC7A2/SLC7A7/SLC6A15/SLC38A2/SLC7A5/THBS1/SLC1A3/SLC6A6/SLC16A7/SLC1A4/SLC16A3/SLC7A11/SLC38A4	16
GO:0001667	ameboidal-type cell migration	23/498	212/12060	0.108490566037736	2.62730165946806	4.96097811825724	2.2046241030544e-05	0.000401374053440204	0.000285450764822855	SEMA3E/PRR5L/FERMT1/KIT/ARHGDIB/NANOS1/THBS1/EDN1/RET/GBX2/PDLIM1/CYGB/RAB25/TWIST1/EPB41L4B/VEGFA/DDR2/SEMA5A/TGFB1/HBEGF/SEMA7A/TGFB2/ITGA3	23
GO:0048286	lung alveolus development	9/498	39/12060	0.230769230769231	5.5885078776645	5.95644756517093	2.27232105004077e-05	0.000411931021122775	0.000292958710275161	IGFBP5/PDGFA/KDR/FOSL2/PKDCC/ADA/SLC7A11/TGFB1/LIF	9
GO:0042692	muscle cell differentiation	30/498	320/12060	0.09375	2.2703313253012	4.77982266985421	2.36865654223732e-05	0.00042756770434769	0.000304079267639515	NPNT/RAMP2/KIT/PDGFB/IFRD1/IGFBP5/XBP1/CD9/IRX3/NRG1/EDN1/HDAC9/ADAM12/ADM/IL4R/ACTA1/VEGFA/GDF15/PIEZO1/TBX3/TMEM119/MYC/SLC8A1/POPDC3/SIX1/KLF5/CAV2/WNT5B/TGFB1/HEY1	30
GO:0036294	cellular response to decreased oxygen levels	17/498	130/12060	0.130769230769231	3.16682113067655	5.15499624061286	2.43187678876523e-05	0.000437119548217886	0.000310872385218606	SFRP1/EDN1/EPAS1/STC2/IRAK1/KCNK2/OPRD1/TWIST1/STC1/NKX3-1/VEGFA/PMAIP1/NDNF/MYC/DDR2/FOS/TGFB1	17
GO:0003073	regulation of systemic arterial blood pressure	11/498	59/12060	0.186440677966102	4.51500918929957	5.61691160259045	2.46829065487382e-05	0.000438095772300198	0.000311566660069076	PDGFB/F2RL1/ADM2/NPPB/APLN/EDN1/KCNK6/ADM/COMT/ANPEP/SPX	11
GO:0033627	cell adhesion mediated by integrin	11/498	59/12060	0.186440677966102	4.51500918929957	5.61691160259045	2.46829065487382e-05	0.000438095772300198	0.000311566660069076	NPNT/FERMT1/FOXC2/RET/EPHA2/ADA/PIEZO1/EMILIN1/LIF/CYP1B1/TGFB2	11
GO:0072091	regulation of stem cell proliferation	11/498	59/12060	0.186440677966102	4.51500918929957	5.61691160259045	2.46829065487382e-05	0.000438095772300198	0.000311566660069076	PIM1/FERMT1/IRF6/CEBPA/SFN/KDR/EPCAM/TBX3/VEGFC/TGFB1/RUNX2	11
GO:0010810	regulation of cell-substrate adhesion	21/498	185/12060	0.113513513513514	2.74894171279713	4.97505890775531	2.53563474929639e-05	0.000448173441938137	0.000318733736468573	NPNT/SPRY4/SEMA3E/SFRP1/FERMT1/PDGFB/EPHA1/GCNT2/CCN1/AJAP1/FUT1/THBS1/KDR/RELL2/THY1/VEGFA/NDNF/JAG1/DLC1/EMILIN1/ITGA3	21
GO:0050865	regulation of cell activation	35/498	403/12060	0.086848635235732	2.10320188944363	4.6748529908815	2.59547160952241e-05	0.000456846081642908	0.000324901578200098	SLC7A1/SFRP1/PDGFB/TNFRSF21/F11R/CEBPA/VSIR/XBP1/PDGFA/CD9/THBS1/GATA3/PRDM1/IL4R/CTSC/ADA/CYGB/THY1/CEBPB/TLR4/LDLR/RUNX1/LGALS3/LRRC32/CARD11/BID/DDR2/EMILIN1/SH2B3/RASSF5/TGFB1/CAV1/NR4A3/NR1D1/JAK3	35
GO:0010959	regulation of metal ion transport	24/498	229/12060	0.104803493449782	2.53801231125375	4.87663961488195	2.60793339709259e-05	0.000457142705391189	0.000325112532234335	JPH1/KCNG1/SCN5A/PDGFB/PTPN3/PRSS8/KCNS3/KCNE3/STC2/LPAR3/WNK4/OPRD1/THY1/STC1/NGF/ADCYAP1R1/FXYD5/LGALS3/SLC8A1/ASPH/FKBP1C/CXCL12/TGFB1/CAV1	24
GO:0002548	monocyte chemotaxis	7/498	23/12060	0.304347826086957	7.37035096909377	6.34632025650765	2.70270939471472e-05	0.000467954826627748	0.000332801938786353	NBL1/MICOS10-NBL1/PDGFB/FLT1/DUSP1/LGALS3/CXCL12	7
GO:0090183	regulation of kidney development	7/498	23/12060	0.304347826086957	7.37035096909377	6.34632025650765	2.70270939471472e-05	0.000467954826627748	0.000332801938786353	RET/GATA3/LGR4/VEGFA/MYC/SIX1/TGFB1	7
GO:0097205	renal filtration	7/498	23/12060	0.304347826086957	7.37035096909377	6.34632025650765	2.70270939471472e-05	0.000467954826627748	0.000332801938786353	MYO1E/PDGFB/F2RL1/EDN1/COMT/MCAM/ITGA3	7
GO:0002686	negative regulation of leukocyte migration	8/498	31/12060	0.258064516129032	6.24951418577536	6.07349998244321	2.7199886706113e-05	0.00046903219271273	0.00033356814420077	NBL1/MICOS10-NBL1/ADA/GDF15/DUSP1/EMILIN1/CXCL12/HMOX1	8
GO:0048863	stem cell differentiation	23/498	215/12060	0.106976744186047	2.59064163631269	4.88402502051481	2.76320583905766e-05	0.000474555431954761	0.000337496183027456	SEMA3E/SFRP1/KIT/FOXC1/FOXC2/NRG1/SLC4A11/EDN1/RET/EPCAM/GBX2/TCF15/TWIST1/GSC/TBX3/JAG1/SIX1/SH2B3/SEMA5A/LIF/RUNX2/SEMA7A/TGFB2	23
GO:0007589	body fluid secretion	11/498	60/12060	0.183333333333333	4.43975903614458	5.54328054570537	2.91165431361645e-05	0.00049726934117867	0.000353649949581396	HK2/NPPB/XBP1/APLN/EDN1/FOSL2/WNK4/ADA/VEGFA/NPR1/CAV1	11
GO:0006820	monoatomic anion transport	14/498	94/12060	0.148936170212766	3.60676749551397	5.26557206596325	2.91890773110535e-05	0.00049726934117867	0.000353649949581396	ATP8B1/CLDN4/SLC39A14/SLC1A3/SLC4A11/SLC4A7/SLC12A8/GABRG3/GABRA5/ABCC3/WNK4/KCNK2/STC1/SLC1A4	14
GO:0051174	regulation of phosphorus metabolic process	38/498	456/12060	0.0833333333333333	2.01807228915663	4.59950414190181	2.94383158600817e-05	0.000499509343513867	0.000355243003178923	PRR5L/PIM1/SFRP1/KIT/IGFBP3/SPRY2/PDGFB/FAM20C/XBP1/FGF18/SFN/APLN/PDGFA/TRIB2/THBS1/KDR/TNFSF15/NRG1/ACSL3/TRIB1/FLT1/GPRC5A/DUSP7/THY1/GADD45A/ADCYAP1R1/VEGFA/TRIB3/CARD10/PRKAG2/PID1/LDLR/DUSP1/ME1/SRPX2/PLAUR/DDR2/LIF	38
GO:2000628	regulation of miRNA metabolic process	12/498	71/12060	0.169014084507042	4.09299168505006	5.4246320204642	2.98570830264963e-05	0.00050459659839999	0.000358860976950885	PDGFB/EGR1/KLF4/APLN/GATA3/TWIST1/VEGFA/MYC/FOSL1/FOS/TGFB1/TGFB2	12
GO:0048010	vascular endothelial growth factor receptor signaling pathway	10/498	50/12060	0.2	4.8433734939759	5.65171073287625	3.05095036845904e-05	0.000511546698142421	0.000363803775993493	XBP1/FGF18/FOXC1/FOXC2/KDR/FLT1/PGF/VEGFA/EMILIN1/VEGFC	10
GO:1903036	positive regulation of response to wounding	10/498	50/12060	0.2	4.8433734939759	5.65171073287625	3.05095036845904e-05	0.000511546698142421	0.000363803775993493	CLDN4/FERMT1/XBP1/F3/FOXC2/SMOC2/THBS1/DDR2/EMILIN1/HBEGF	10
GO:0042325	regulation of phosphorylation	31/498	341/12060	0.0909090909090909	2.20153340635268	4.67112617903327	3.16036188543041e-05	0.000527805319606133	0.000375366645820288	PRR5L/PIM1/SFRP1/KIT/IGFBP3/SPRY2/PDGFB/XBP1/FGF18/SFN/APLN/PDGFA/TRIB2/THBS1/KDR/TNFSF15/NRG1/TRIB1/FLT1/GPRC5A/DUSP7/THY1/GADD45A/VEGFA/TRIB3/CARD10/DUSP1/SRPX2/PLAUR/DDR2/LIF	31
GO:0002027	regulation of heart rate	12/498	72/12060	0.166666666666667	4.03614457831325	5.36252297564482	3.45095018914163e-05	0.000574075713817208	0.000408273405245817	SCN5A/ADM2/APLN/EDN1/KCNE3/EPAS1/IRX5/ADM/ADA/SPX/SLC8A1/CAV1	12
GO:0001837	epithelial to mesenchymal transition	18/498	147/12060	0.122448979591837	2.96533071059749	4.97550965684942	3.47768511412163e-05	0.000576263291175935	0.000409829175044103	SPRY1/SFRP1/SPRY2/GCNT2/FOXC1/EDN1/GATA3/SPRED3/TWIST1/VEGFA/SP6/GSC/TBX3/JAG1/S100A4/TGFB1/TGFB2/HEY1	18
GO:0007610	behavior	40/498	494/12060	0.0809716599190283	1.96087995707526	4.52579472049476	3.49556351818479e-05	0.000576972001717504	0.000410333198571272	THRB/NPTX2/LRRN4/ABTB3/KIT/UCK2/EGR1/CEBPA/CCND2/KCNQ3/ADM2/NPAS2/APLN/THBS1/SLC1A3/SHANK2/GPR176/MEIS2/NETO1/GABRA5/GLS/KCNK2/ADA/OPRD1/CEBPB/COMT/ETV5/GDF15/SLC8A2/LDLR/SRPX2/ITPR3/SLC7A11/CLSTN2/CXCL12/FZD9/FOS/NR4A3/NR1D1/ITGA3	40
GO:1903131	mononuclear cell differentiation	31/498	343/12060	0.0903790087463557	2.18869647686958	4.63514854774525	3.53697076257229e-05	0.000581543797474095	0.000413584586109024	FZD8/SFRP1/ST3GAL1/KIT/EGR1/CEBPA/F2RL1/VSIR/XBP1/ITPRIPL1/GATA3/PRDM1/TRIB1/HDAC9/IL4R/FOSL2/ADA/CEBPB/TLR4/VEGFA/RUNX1/MYC/CARD11/FZD9/FOS/TGFB1/LIF/RUNX2/FZD5/LTBR/JAK3	31
GO:0035148	tube formation	17/498	134/12060	0.126865671641791	3.07228915662651	5.00621143229476	3.61661560628513e-05	0.000592342988488862	0.000421264796895476	SPINT1/MTHFD1L/SFRP1/IRX2/ST14/IRX3/RET/EDA/GATA3/ADM/TWIST1/LHX2/VEGFA/DLC1/SIX1/TGFB1/TGFB2	17
GO:0070509	calcium ion import	10/498	51/12060	0.196078431372549	4.74840538625089	5.56713887770934	3.65693439646765e-05	0.00059435692374773	0.00042269707522792	PDGFB/ITPRIPL1/STC1/SLC8A2/TRPV4/NALF2/LGALS3/SLC8A1/DDIT3/CXCL12	10
GO:2000630	positive regulation of miRNA metabolic process	10/498	51/12060	0.196078431372549	4.74840538625089	5.56713887770934	3.65693439646765e-05	0.00059435692374773	0.00042269707522792	PDGFB/EGR1/KLF4/APLN/GATA3/MYC/FOSL1/FOS/TGFB1/TGFB2	10
GO:0141091	transforming growth factor beta receptor superfamily signaling pathway	27/498	280/12060	0.0964285714285714	2.33519793459553	4.69143667668729	3.69902140282057e-05	0.000598902625601712	0.00042592990520224	NBL1/MICOS10-NBL1/NPNT/CDH3/SPRY1/SFRP1/FERMT1/SPRY2/GCNT2/EGR1/CCN1/XBP1/THBS1/KDR/SPRED3/GDF15/TMEM119/LRRC32/CAV2/CRIM1/EMILIN1/FOS/TGFB1/RUNX2/CAV1/TGFB2/ITGA3	27
GO:0009410	response to xenobiotic stimulus	27/498	281/12060	0.096085409252669	2.32688762166102	4.67075328738615	3.9375899894421e-05	0.000635104818829407	0.000451676322182953	LRP8/SFRP1/CYP2S1/DUSP6/CEBPA/KCNQ3/NPAS2/FUT1/THBS1/SLC1A3/EDN1/GATA3/GABRG3/ABCC3/FOSL2/WNK4/ADA/NKX3-1/COMT/ADCYAP1R1/MYC/GCLM/VEGFC/FOS/TGFB1/CYP1B1/ITGA3	27
GO:2001233	regulation of apoptotic signaling pathway	29/498	313/12060	0.0926517571884984	2.24373532468532	4.62690401549659	4.01912404894917e-05	0.00064578223331422	0.000459269927461861	SIAH2/SFRP1/KLF4/XBP1/THBS1/TNFSF15/NRG1/UNC5B/RET/HERPUD1/YBX3/LTB/CTSC/PYCR1/NKX3-1/TLR4/PMAIP1/LGALS3/MYC/GCLM/BID/PLAUR/DDIT3/CXCL12/FZD9/CAV1/HMOX1/TGFB2/LTBR	29
GO:2001026	regulation of endothelial cell chemotaxis	6/498	17/12060	0.352941176470588	8.54712969525159	6.46238409913145	4.03423601669657e-05	0.00064578223331422	0.000459269927461861	FGF18/SMOC2/THBS1/KDR/VEGFA/SEMA5A	6
GO:0002042	cell migration involved in sprouting angiogenesis	10/498	52/12060	0.192307692307692	4.65708989805375	5.48473696750558	4.36287050256478e-05	0.00069315717872209	0.000492962225915658	JCAD/KLF4/FOXC2/THBS1/KDR/HDAC9/VEGFA/CARD10/SRPX2/HMOX1	10
GO:1902475	L-alpha-amino acid transmembrane transport	10/498	52/12060	0.192307692307692	4.65708989805375	5.48473696750558	4.36287050256478e-05	0.00069315717872209	0.000492962225915658	SLC1A5/SLC7A1/SLC7A2/SLC7A7/SLC38A2/SLC7A5/SLC1A3/SLC1A4/SLC7A11/SLC38A4	10
GO:0002371	dendritic cell cytokine production	5/498	11/12060	0.454545454545455	11.0076670317634	6.89140104174594	4.42109734296211e-05	0.00069606854047079	0.000495032739519414	DDX21/KIT/BST2/TLR4/JAK3	5
GO:0002730	regulation of dendritic cell cytokine production	5/498	11/12060	0.454545454545455	11.0076670317634	6.89140104174594	4.42109734296211e-05	0.00069606854047079	0.000495032739519414	DDX21/KIT/BST2/TLR4/JAK3	5
GO:0006865	amino acid transport	15/498	110/12060	0.136363636363636	3.30230010952903	5.03417328377385	4.43042211049301e-05	0.00069606854047079	0.000495032739519414	SLC6A9/SLC1A5/SLC7A1/SLC7A2/SLC7A7/SLC6A15/SLC38A2/SLC7A5/SLC1A3/SLC6A6/KCNK2/SLC1A4/SLC7A11/SLC38A4/SLC6A17	15
GO:0030857	negative regulation of epithelial cell differentiation	8/498	33/12060	0.242424242424242	5.87075575027382	5.81471593119772	4.45078418941447e-05	0.000696687325885468	0.0004954728097441	SPRY1/SPRY2/SPRED3/VEGFA/TBX3/JAG1/S1PR3/CAV1	8
GO:0006873	intracellular monoatomic ion homeostasis	32/498	364/12060	0.0879120879120879	2.12895538196743	4.53902554338867	4.55625932786804e-05	0.000710575443706479	0.000505349815544497	JPH1/SLC40A1/SLC39A14/TESMIN/RAB20/SCNN1A/SLC1A3/SLC4A11/EDN1/HERPUD1/SLC4A7/KCNE3/STC2/MT2A/WNK4/THY1/STC1/NGF/SLC8A2/TRPV4/MYC/SLC8A1/ITPR3/CAV2/ASPH/FKBP1C/DDIT3/CXCL12/FZD9/TGFB1/CAV1/HMOX1	32
GO:0001892	embryonic placenta development	12/498	74/12060	0.162162162162162	3.92705958971019	5.24160299154944	4.57302778354925e-05	0.00071057816328996	0.000505351749668485	SPINT1/PDGFB/ST14/CEBPA/CCN1/PRDM1/EPAS1/ADM/CEBPB/LIF/FZD5/HEY1	12
GO:0001945	lymph vessel development	7/498	25/12060	0.28	6.78072289156627	6.00458427710438	4.93164607490299e-05	0.000763505206194835	0.000542992610475297	CCBE1/FOXC1/FOXC2/KDR/EPHA2/VEGFA/VEGFC	7
GO:0051145	smooth muscle cell differentiation	10/498	53/12060	0.188679245283019	4.56922027733576	5.40440475655909	5.18186707267386e-05	0.000799326549901183	0.000568468173407973	NPNT/RAMP2/KIT/PDGFB/ADM/VEGFA/TBX3/SIX1/TGFB1/HEY1	10
GO:0001818	negative regulation of cytokine production	20/498	180/12060	0.111111111111111	2.69076305220884	4.74312551591606	5.35004362156688e-05	0.000822278443575605	0.00058479119067165	TNFRSF21/F2RL1/VSIR/KLF4/TRIB2/THBS1/BST2/GATA3/HDAC9/LGR4/EPHA2/TWIST1/TLR4/LRRC32/ZFP36/DDIT3/TGFB1/HMOX1/TGFB2/JAK3	20
GO:0072175	epithelial tube formation	16/498	125/12060	0.128	3.09975903614458	4.89741706459421	5.47006310968323e-05	0.000837689809071346	0.000595751505694552	SPINT1/MTHFD1L/SFRP1/IRX2/ST14/IRX3/RET/GATA3/ADM/TWIST1/LHX2/VEGFA/DLC1/SIX1/TGFB1/TGFB2	16
GO:0097191	extrinsic apoptotic signaling pathway	20/498	181/12060	0.110497237569061	2.67589695799774	4.71466126491336	5.78881677804317e-05	0.000883315135699968	0.000628199503440807	SIAH2/SFRP1/KLF4/THBS1/TNFSF15/NRG1/UNC5B/RET/LTB/NGF/TLR4/PMAIP1/LGALS3/GCLM/BID/TGFB1/CAV1/HMOX1/TGFB2/LTBR	20
GO:0002573	myeloid leukocyte differentiation	19/498	167/12060	0.11377245508982	2.755212466633	4.74019335840031	5.92639706386255e-05	0.000898135731936097	0.000638739672877454	SFRP1/KIT/CEBPA/F2RL1/FAM20C/LRRK1/GATA3/TRIB1/EPHA2/FOSL2/CEBPB/TLR4/VEGFA/RUNX1/MYC/FOS/TGFB1/LIF/LTBR	19
GO:0051960	regulation of nervous system development	32/498	369/12060	0.0867208672086721	2.10010774806543	4.45426870776387	5.9282886596442e-05	0.000898135731936097	0.000638739672877454	SPINT1/LRP8/DCC/KIT/IFRD1/HES7/PRKCH/TNFRSF21/SLC7A5/GBX2/LPAR3/CTSC/PLXNC1/THY1/NTN1/LHX2/NGF/VEGFA/ETV5/LDLR/SRPX2/PLXND1/CLSTN2/CXCL12/BHLHE40/VEGFC/SEMA5A/TGFB1/LIF/SEMA7A/HEY1/NR1D1	32
GO:0016055	Wnt signaling pathway	34/498	403/12060	0.0843672456575682	2.0431104068881	4.42021342795172	6.07660879990929e-05	0.000912456329411458	0.000648924251245252	FZD8/SIAH2/RSPO4/CDH3/SFRP1/FERMT1/IFRD1/ARHGEF19/EGR1/TRABD2A/TMEM198/KLF4/LRRK1/IGFBP6/EDN1/EDA/GATA3/SHISA2/LGR4/GSC/PPM1N/MYC/NKD2/GRK5/ADGRA2/DDIT3/FOXL1/SEMA5A/FZD9/WNT5B/TGFB1/FZD5/CAV1/ITGA3	34
GO:0001838	embryonic epithelial tube formation	15/498	113/12060	0.132743362831858	3.21462842520525	4.90867745828022	6.08734420611605e-05	0.000912456329411458	0.000648924251245252	SPINT1/MTHFD1L/SFRP1/IRX2/ST14/IRX3/RET/GATA3/ADM/TWIST1/LHX2/DLC1/SIX1/TGFB1/TGFB2	15
GO:1905039	carboxylic acid transmembrane transport	15/498	113/12060	0.132743362831858	3.21462842520525	4.90867745828022	6.08734420611605e-05	0.000912456329411458	0.000648924251245252	SLC6A9/SLC1A5/SLC7A1/SLC7A2/SLC7A7/SLC6A15/SLC38A2/SLC7A5/THBS1/SLC1A3/SLC16A7/SLC1A4/SLC16A3/SLC7A11/SLC38A4	15
GO:0019220	regulation of phosphate metabolic process	37/498	455/12060	0.0813186813186813	1.96928372831987	4.37409171036897	6.30601415073573e-05	0.000941905353078203	0.000669867922757917	PRR5L/PIM1/SFRP1/KIT/IGFBP3/SPRY2/PDGFB/XBP1/FGF18/SFN/APLN/PDGFA/TRIB2/THBS1/KDR/TNFSF15/NRG1/ACSL3/TRIB1/FLT1/GPRC5A/DUSP7/THY1/GADD45A/ADCYAP1R1/VEGFA/TRIB3/CARD10/PRKAG2/PID1/LDLR/DUSP1/ME1/SRPX2/PLAUR/DDR2/LIF	37
GO:0007435	salivary gland morphogenesis	7/498	26/12060	0.269230769230769	6.51992585727525	5.84748008305756	6.51039033280494e-05	0.000962267449190194	0.000684349117690041	PDGFA/EDA/ESRP2/NKX3-1/PLXND1/TGFB1/TGFB2	7
GO:0032613	interleukin-10 production	7/498	26/12060	0.269230769230769	6.51992585727525	5.84748008305756	6.51039033280494e-05	0.000962267449190194	0.000684349117690041	TNFRSF21/F2RL1/VSIR/TRIB2/THBS1/TLR4/JAK3	7
GO:0032653	regulation of interleukin-10 production	7/498	26/12060	0.269230769230769	6.51992585727525	5.84748008305756	6.51039033280494e-05	0.000962267449190194	0.000684349117690041	TNFRSF21/F2RL1/VSIR/TRIB2/THBS1/TLR4/JAK3	7
GO:2001235	positive regulation of apoptotic signaling pathway	15/498	114/12060	0.131578947368421	3.1864299302473	4.86777583857715	6.74911953661701e-05	0.000992765245648005	0.000706038659526832	SFRP1/THBS1/TNFSF15/RET/LTB/CTSC/NKX3-1/TLR4/PMAIP1/MYC/BID/DDIT3/CAV1/TGFB2/LTBR	15
GO:0045165	cell fate commitment	20/498	183/12060	0.109289617486339	2.64665218250049	4.65830453720885	6.76353503046378e-05	0.000992765245648005	0.000706038659526832	SFRP1/SPRY2/ESRP1/IFRD1/KLF4/FOXC2/KDR/EDN1/GATA3/PRDM1/EPAS1/GSC/TBX3/JAG1/SIX1/EBF2/WNT5B/RUNX2/TGFB2/JAK3	20
GO:0060348	bone development	19/498	169/12060	0.112426035502959	2.72260640193912	4.68030392842206	6.97467621392816e-05	0.00102022677584425	0.000725568857681238	SPNS2/FAM20C/FGF18/LRRK1/PDGFA/FOXC1/BGN/KDR/COL13A1/FOSL2/TWIST1/STC1/PAPPA2/TRPV4/INSIG1/TMEM119/DDR2/TGFB1/RUNX2	19
GO:0001974	blood vessel remodeling	8/498	35/12060	0.228571428571429	5.53528399311532	5.57634715955199	7.01509973560159e-05	0.00102261350784955	0.000727266263057846	FOXC1/FOXC2/BGN/EPAS1/JAG1/TGFB1/LIF/TGFB2	8
GO:0048839	inner ear development	18/498	155/12060	0.116129032258065	2.81228138359891	4.71281741874501	7.05177368563977e-05	0.00102443917720835	0.000728564649713178	ATP8B1/LRIG3/SPRY2/ESRP1/CEBPA/SLC4A7/GATA3/GBX2/GABRA5/KCNK2/NTN1/INSIG1/TBX3/JAG1/SIX1/TGFB1/NR4A3/TGFB2	18
GO:0001932	regulation of protein phosphorylation	28/498	307/12060	0.0912052117263844	2.20870452494015	4.45213991331086	7.18611348842203e-05	0.00104039226682206	0.000739910230207205	PRR5L/PIM1/SFRP1/KIT/IGFBP3/SPRY2/PDGFB/XBP1/FGF18/SFN/PDGFA/TRIB2/KDR/TNFSF15/NRG1/TRIB1/FLT1/GPRC5A/DUSP7/THY1/GADD45A/VEGFA/TRIB3/CARD10/DUSP1/PLAUR/DDR2/LIF	28
GO:0090596	sensory organ morphogenesis	22/498	214/12060	0.102803738317757	2.4895845062493	4.56289006539422	7.51514841831345e-05	0.00108432855749951	0.000771157012777886	THRB/LRIG3/SPRY2/KDR/EDN1/GATA3/PRDM1/GBX2/IRX5/EPHA2/TWIST1/THY1/NTN1/VEGFA/GSC/INSIG1/TBX3/JAG1/MYC/SIX1/FZD5/NR4A3	22
GO:0043068	positive regulation of programmed cell death	35/498	425/12060	0.0823529411764706	1.99433026222537	4.33107560412941	7.73467203268983e-05	0.00111221961907357	0.000790992686732884	LPAR1/TNFAIP8/SFRP1/IGFBP3/DUSP6/F2RL1/CCN1/XBP1/F3/THBS1/TNFSF15/RET/LTB/CTSC/AKR1C3/PHLDA2/NKX3-1/GADD45A/TLR4/DUSP1/PMAIP1/MYC/DLC1/HTATIP2/BID/EMILIN1/DDIT3/FZD9/TGFB1/CYP1B1/CAV1/HMOX1/NR4A3/TGFB2/LTBR	35
GO:0060349	bone morphogenesis	12/498	78/12060	0.153846153846154	3.725671918443	5.01198843245674	7.79110435465385e-05	0.00111654948217708	0.0007940720156628	FGF18/FOXC1/COL13A1/FOSL2/TWIST1/STC1/PAPPA2/TRPV4/INSIG1/TMEM119/TGFB1/RUNX2	12
GO:0044093	positive regulation of molecular function	34/498	409/12060	0.0831295843520782	2.01313812708045	4.32615971266859	8.14120361601347e-05	0.00116279413263061	0.000826960466542428	RIPK4/MBP/PIM1/CDH3/KIT/PDGFB/PRKCH/F2RL1/VSIR/SH3BP1/FGF18/FOXC1/TNFSF15/NRG1/EDN1/RGS16/GATA3/PRSS22/IRAK1/TBC1D2/TXN/FLT1/EPHA2/RGS10/THY1/RHEBL1/TLR4/CARD10/CARD11/PLAUR/DDR2/ASPH/DDIT3/RASGRP2	34
GO:0002043	blood vessel endothelial cell proliferation involved in sprouting angiogenesis	6/498	19/12060	0.315789473684211	7.64743183259353	6.01801479624432	8.24115817827606e-05	0.00116919709004171	0.000831514146767793	JCAD/THBS1/EPHA2/VEGFA/SEMA5A/HMOX1	6
GO:0036303	lymph vessel morphogenesis	6/498	19/12060	0.315789473684211	7.64743183259353	6.01801479624432	8.24115817827606e-05	0.00116919709004171	0.000831514146767793	CCBE1/FOXC1/FOXC2/EPHA2/VEGFA/VEGFC	6
GO:1904888	cranial skeletal system development	10/498	56/12060	0.178571428571429	4.32444061962134	5.17491757291154	8.46759929600951e-05	0.00119388275232504	0.00084907019235305	MTHFD1L/IRF6/FOXC2/IRX5/TWIST1/INSIG1/SIX1/TGFB1/RUNX2/TGFB2	10
GO:0045933	positive regulation of muscle contraction	7/498	27/12060	0.259259259259259	6.27844712182062	5.69842629583348	8.47901908963157e-05	0.00119388275232504	0.00084907019235305	NPNT/KIT/ADRA2B/EDN1/ADA/TRPV4/SPX	7
GO:0043123	positive regulation of canonical NF-kappaB signal transduction	20/498	186/12060	0.10752688172043	2.60396424407307	4.5751619209339	8.49958960872611e-05	0.00119388275232504	0.00084907019235305	TRIM38/LPAR1/DDX21/F2RL1/TNFSF15/BST2/EDN1/EDA/IRAK1/LTB/TLR4/VEGFA/NAMPT/CARD10/S100A4/CARD11/TGFB1/CAV1/HMOX1/LTBR	20
GO:0045599	negative regulation of fat cell differentiation	9/498	46/12060	0.195652173913043	4.73808276584599	5.27154419001861	9.13265957569482e-05	0.00127857234059727	0.000909300064059106	TRIB2/JDP2/VEGFA/TRIB3/TRPV4/INSIG1/JAG1/DDIT3/TGFB1	9
GO:0006954	inflammatory response	39/498	499/12060	0.0781563126252505	1.89270106478016	4.22680742295396	9.43948000674575e-05	0.00131718007199393	0.000936757261057248	CHST2/KIT/LPL/F11R/ELF3/CEBPA/F2RL1/KLF4/TRIM55/F3/THBS1/GATA3/KCNK6/HDAC9/ADM/IL4R/CTSC/EPHA2/FOSL2/WNK4/ADA/TNC/SCUBE1/CEBPB/TLR4/NAMPT/LDLR/TRPV4/S1PR3/FUT4/FOSL1/ZFP36/MAPK13/RHBDF2/FOS/TGFB1/SEMA7A/HMOX1/NR1D1	39
GO:0032102	negative regulation of response to external stimulus	25/498	264/12060	0.0946969696969697	2.29326396495071	4.40936037179352	9.58041825784582e-05	0.00133246341802564	0.0009476265306984	NBL1/MICOS10-NBL1/TRIM38/PIM1/PDGFB/KLF4/AJAP1/SFN/PDGFA/CD9/THBS1/EDN1/GATA3/TRIB1/PVR/ADA/MICB/LDLR/DUSP1/PLAUR/SH2B3/RHBDF2/SEMA5A/TGFB1/NR1D1	25
GO:0014902	myotube differentiation	13/498	92/12060	0.141304347826087	3.42194866422211	4.83951559214517	9.77521116100124e-05	0.00135511260604468	0.000963734268573428	XBP1/CD9/HDAC9/ADAM12/IL4R/ACTA1/GDF15/PIEZO1/TMEM119/MYC/SIX1/KLF5/CAV2	13
GO:0032835	glomerulus development	10/498	57/12060	0.175438596491228	4.24857324032974	5.10198319482569	9.89614264564936e-05	0.00136740837468549	0.000972478821273138	MYO1E/PDGFB/EGR1/FOXC1/FOXC2/EDN1/RET/LGR4/COMT/JAG1	10
GO:0016525	negative regulation of angiogenesis	12/498	80/12060	0.15	3.63253012048193	4.90279539872096	0.000100279825182574	0.00138112668319636	0.000982235061426033	SEMA3E/SPRY2/NPPB/KLF4/FOXC1/THBS1/ISM1/EPHA2/GADD45A/NPR1/EMILIN1/TGFB2	12
GO:0044703	multi-organism reproductive process	16/498	132/12060	0.121212121212121	2.93537787513691	4.64005105095458	0.00010598804944936	0.00145502040700384	0.00103478708813445	FKBP4/CLDN4/IGFBP5/ARHGDIB/ADRA2B/SLC38A2/EDN1/PRDM1/STC2/STC1/VEGFA/MAFF/FOS/TGFB1/LIF/ITGA3	16
GO:0043114	regulation of vascular permeability	8/498	37/12060	0.216216216216216	5.23607945294692	5.35565227785854	0.000107004158028693	0.00146423109147651	0.00104133757864256	RAMP2/NPPB/ADM/PTP4A3/VEGFA/NPR1/TRPV4/TGFB1	8
GO:0002521	leukocyte differentiation	34/498	415/12060	0.0819277108433735	1.98403251560459	4.23367569574411	0.000108209058662296	0.00146878688319786	0.00104457758436812	FZD8/SFRP1/ST3GAL1/KIT/EGR1/CEBPA/F2RL1/VSIR/FAM20C/XBP1/LRRK1/ITPRIPL1/GATA3/PRDM1/TRIB1/HDAC9/IL4R/EPHA2/FOSL2/ADA/CEBPB/TLR4/VEGFA/RUNX1/MYC/CARD11/FZD9/FOS/TGFB1/LIF/RUNX2/FZD5/LTBR/JAK3	34
GO:0050886	endocrine process	9/498	47/12060	0.191489361702128	4.63727249423225	5.18504900395911	0.000108885216397625	0.00146878688319786	0.00104457758436812	F2RL1/APLN/EDN1/GATA3/WNK4/NKX3-1/COMT/TBX3/ANPEP	9
GO:0060675	ureteric bud morphogenesis	9/498	47/12060	0.191489361702128	4.63727249423225	5.18504900395911	0.000108885216397625	0.00146878688319786	0.00104457758436812	NPNT/HS3ST3B1/GATA3/LGR4/HS3ST3A1/VEGFA/MYC/SIX1/TGFB1	9
GO:0072171	mesonephric tubule morphogenesis	9/498	47/12060	0.191489361702128	4.63727249423225	5.18504900395911	0.000108885216397625	0.00146878688319786	0.00104457758436812	NPNT/HS3ST3B1/GATA3/LGR4/HS3ST3A1/VEGFA/MYC/SIX1/TGFB1	9
GO:1905332	positive regulation of morphogenesis of an epithelium	7/498	28/12060	0.25	6.05421686746988	5.55671104100454	0.000109068332910732	0.00146878688319786	0.00104457758436812	GATA3/LGR4/VEGFA/SIX1/WNT5B/TGFB1/LIF	7
GO:0010811	positive regulation of cell-substrate adhesion	14/498	106/12060	0.132075471698113	3.19845419413503	4.71810459681139	0.000112531945358477	0.00151063453231221	0.00107433895868553	NPNT/SFRP1/FERMT1/PDGFB/EPHA1/CCN1/FUT1/KDR/RELL2/THY1/VEGFA/NDNF/EMILIN1/ITGA3	14
GO:1901343	negative regulation of vasculature development	12/498	81/12060	0.148148148148148	3.58768406961178	4.84950393021834	0.000113395647593068	0.00151265514808112	0.00107577598808916	SEMA3E/SPRY2/NPPB/KLF4/FOXC1/THBS1/ISM1/EPHA2/GADD45A/NPR1/EMILIN1/TGFB2	12
GO:2000181	negative regulation of blood vessel morphogenesis	12/498	81/12060	0.148148148148148	3.58768406961178	4.84950393021834	0.000113395647593068	0.00151265514808112	0.00107577598808916	SEMA3E/SPRY2/NPPB/KLF4/FOXC1/THBS1/ISM1/EPHA2/GADD45A/NPR1/EMILIN1/TGFB2	12
GO:0051058	negative regulation of small GTPase mediated signal transduction	10/498	58/12060	0.172413793103448	4.17532197756544	5.03070430759993	0.000115235683764612	0.00153238172579776	0.00108980521257013	ARHGAP29/SPRY4/ARHGAP45/SPRY1/SPRY2/SH3BP1/ARHGAP22/DLC1/TGFB2/ITGA3	10
GO:0016331	morphogenesis of embryonic epithelium	16/498	133/12060	0.120300751879699	2.91330736479754	4.60467296001428	0.000115996102579322	0.00153767333481714	0.00109356851971163	SPINT1/MTHFD1L/SFRP1/IRX2/ST14/IRX3/RET/GATA3/ADM/TWIST1/LHX2/DLC1/SIX1/VEGFC/TGFB1/TGFB2	16
GO:0007178	cell surface receptor protein serine/threonine kinase signaling pathway	27/498	300/12060	0.09	2.17951807228916	4.29353890338297	0.000120587235753955	0.00159355468557095	0.00113331043669728	NBL1/MICOS10-NBL1/NPNT/CDH3/SPRY1/SFRP1/FERMT1/SPRY2/GCNT2/EGR1/CCN1/XBP1/THBS1/KDR/SPRED3/GDF15/TMEM119/LRRC32/CAV2/CRIM1/EMILIN1/FOS/TGFB1/RUNX2/CAV1/TGFB2/ITGA3	27
GO:0007498	mesoderm development	13/498	94/12060	0.138297872340426	3.3491412458344	4.74517675410436	0.000122324974544034	0.00161149857768879	0.00114607184388101	HES7/KLF4/FOXC1/FOXC2/IRX3/EPHA2/TCF15/LHX2/VEGFA/TXNRD1/TBX3/NR4A3/ITGA3	13
GO:0045216	cell-cell junction organization	18/498	162/12060	0.111111111111111	2.69076305220884	4.4963189445655	0.000125234440736347	0.00164471980682224	0.00116969824719038	CLDN7/CLDN4/CDH3/RAMP2/PRKCH/F11R/F2RL1/CLDN23/CD9/IRX3/GRHL1/EPHA2/VEGFA/TRPV4/TGFB1/FZD5/CAV1/TGFB2	18
GO:0048844	artery morphogenesis	10/498	59/12060	0.169491525423729	4.10455380845416	4.96101243793543	0.000133715842380097	0.00175068704745793	0.00124506044269447	FOXC1/FOXC2/EDN1/PRDM1/VEGFA/LDLR/JAG1/SIX1/TGFB2/HEY1	10
GO:0043434	response to peptide hormone	29/498	335/12060	0.0865671641791045	2.09638554216867	4.22360323852356	0.000135118713285008	0.00176361102078463	0.0012542517644529	SLC39A14/IGFBP5/EGR1/KLF4/XBP1/FUT1/FOXC2/SCNN1A/TBC1D4/EDN1/PCK2/STC2/HDAC9/COMT/GDF15/TRIB3/PID1/TRPV4/INSIG1/TNS2/KLF5/CAV2/DDR2/CXCL12/FOS/TGFB1/CAV1/NR4A3/JAK3	29
GO:0042391	regulation of membrane potential	27/498	303/12060	0.0891089108910891	2.15793868543481	4.23655115808716	0.000142291184518341	0.00185153130284295	0.00131677925356656	KCNG1/SCN5A/KCNQ3/PTPN3/BEGAIN/KDR/SLC4A11/EDN1/KCNS3/KCNE3/KCNK6/NETO1/GABRG3/GABRA5/PYCR1/KCNK2/OPRD1/PID1/SLC8A2/PIEZO1/PMAIP1/SLC8A1/POPDC3/GCLM/BID/FZD9/CAV1	27
GO:0018108	peptidyl-tyrosine phosphorylation	12/498	83/12060	0.144578313253012	3.50123385106692	4.74540360150406	0.000144091533640064	0.00186171781285725	0.00132402373548943	SFRP1/KIT/PDGFB/KDR/NRG1/FLT1/GPRC5A/PKDCC/VEGFA/DDR2/LIF/JAK3	12
GO:0001938	positive regulation of endothelial cell proliferation	11/498	71/12060	0.154929577464789	3.75190904462922	4.82642549382059	0.000144390655452625	0.00186171781285725	0.00132402373548943	JCAD/PDGFB/APLN/F3/KDR/EGFL7/VEGFA/CAV2/CXCL12/SEMA5A/HMOX1	11
GO:0070167	regulation of biomineral tissue development	11/498	71/12060	0.154929577464789	3.75190904462922	4.82642549382059	0.000144390655452625	0.00186171781285725	0.00132402373548943	CCN1/FAM20C/PKDCC/TWIST1/CEBPB/TMEM119/SLC8A1/DDR2/FZD9/TGFB1/HEY1	11
GO:0050767	regulation of neurogenesis	27/498	304/12060	0.0888157894736842	2.15084020291693	4.21770173661977	0.000150264902168966	0.0019315870151538	0.00137371358729269	SPINT1/LRP8/DCC/KIT/IFRD1/HES7/PRKCH/SLC7A5/LPAR3/PLXNC1/THY1/NTN1/LHX2/NGF/VEGFA/ETV5/LDLR/PLXND1/CXCL12/BHLHE40/VEGFC/SEMA5A/TGFB1/LIF/SEMA7A/HEY1/NR1D1	27
GO:0044706	multi-multicellular organism process	16/498	136/12060	0.117647058823529	2.84904323175053	4.50048555693247	0.000151143075925365	0.0019370058250012	0.00137756735761519	FKBP4/CLDN4/IGFBP5/ARHGDIB/ADRA2B/SLC38A2/EDN1/PRDM1/STC2/STC1/VEGFA/MAFF/FOS/TGFB1/LIF/ITGA3	16
GO:0007517	muscle organ development	25/498	272/12060	0.0919117647058824	2.2258150248051	4.24368524839734	0.000153965950214325	0.00196133201444195	0.00139486775190219	JPH1/EGR1/XBP1/FOXC1/FOXC2/NRG1/YBX3/HDAC9/TCF15/TWIST1/ACTA1/MAFF/GSC/MYC/POPDC3/SIX1/KLF5/CAV2/FLNB/FOS/TGFB1/HBEGF/LIF/CAV1/TGFB2	25
GO:0060070	canonical Wnt signaling pathway	25/498	272/12060	0.0919117647058824	2.2258150248051	4.24368524839734	0.000153965950214325	0.00196133201444195	0.00139486775190219	FZD8/SIAH2/RSPO4/CDH3/SFRP1/FERMT1/EGR1/TMEM198/KLF4/LRRK1/IGFBP6/EDN1/EDA/GATA3/LGR4/PPM1N/NKD2/ADGRA2/DDIT3/SEMA5A/FZD9/WNT5B/TGFB1/FZD5/CAV1	25
GO:0045669	positive regulation of osteoblast differentiation	10/498	60/12060	0.166666666666667	4.03614457831325	4.89284307361735	0.000154635702228883	0.00196396601453569	0.00139674101036236	NPNT/CEBPA/CCN1/FAM20C/CEBPB/VEGFA/TMEM119/JAG1/DDR2/RUNX2	10
GO:0045604	regulation of epidermal cell differentiation	8/498	39/12060	0.205128205128205	4.967562557924	5.15038417016699	0.000158568209612015	0.00200192364635169	0.00142373586700512	ETV4/ESRP1/PRKCH/SFN/FOXC1/GRHL1/MAFF/ZFP36	8
GO:0061082	myeloid leukocyte cytokine production	8/498	39/12060	0.205128205128205	4.967562557924	5.15038417016699	0.000158568209612015	0.00200192364635169	0.00142373586700512	DDX21/KIT/TWIST1/TLR4/TGFB1/SEMA7A/NR4A3/TGFB2	8
GO:0055074	calcium ion homeostasis	21/498	210/12060	0.1	2.42168674698795	4.31328568025408	0.000161155650621595	0.0020285527297828	0.00144267404242227	JPH1/KDR/EDN1/HERPUD1/STC2/WNK4/THY1/STC1/NGF/SLC8A2/TRPV4/SLC8A1/ITPR3/CAV2/ASPH/FKBP1C/DDIT3/CXCL12/FZD9/TGFB1/CAV1	21
GO:0018212	peptidyl-tyrosine modification	12/498	84/12060	0.142857142857143	3.45955249569707	4.6945469005254	0.000161936573878514	0.00203235191240431	0.00144537595993716	SFRP1/KIT/PDGFB/KDR/NRG1/FLT1/GPRC5A/PKDCC/VEGFA/DDR2/LIF/JAK3	12
GO:0002688	regulation of leukocyte chemotaxis	11/498	72/12060	0.152777777777778	3.69979919678715	4.76846041055189	0.000164205289701367	0.00204269454226745	0.00145273147178305	NBL1/MICOS10-NBL1/F2RL1/THBS1/EDN1/PGF/VEGFA/TRPV4/DUSP1/CXCL12/VEGFC	11
GO:0008306	associative learning	11/498	72/12060	0.152777777777778	3.69979919678715	4.76846041055189	0.000164205289701367	0.00204269454226745	0.00145273147178305	NPTX2/LRRN4/KIT/SHANK2/MEIS2/NETO1/GABRA5/COMT/SLC7A11/CLSTN2/FOS	11
GO:0014032	neural crest cell development	11/498	72/12060	0.152777777777778	3.69979919678715	4.76846041055189	0.000164205289701367	0.00204269454226745	0.00145273147178305	SEMA3E/FOXC1/FOXC2/NRG1/EDN1/RET/GBX2/TWIST1/JAG1/SEMA5A/SEMA7A	11
GO:0090092	regulation of transmembrane receptor protein serine/threonine kinase signaling pathway	22/498	226/12060	0.0973451327433628	2.35739417848385	4.27511947049752	0.00016752794454785	0.00207793432974263	0.00147779344128698	NBL1/MICOS10-NBL1/NPNT/CDH3/SPRY1/SFRP1/FERMT1/SPRY2/CCN1/XBP1/THBS1/KDR/SPRED3/GDF15/LRRC32/CAV2/CRIM1/EMILIN1/TGFB1/CAV1/TGFB2/ITGA3	22
GO:0042471	ear morphogenesis	13/498	97/12060	0.134020618556701	3.2455595578189	4.60833699489017	0.000169109602191365	0.00209143712097892	0.00148739640902394	LRIG3/SPRY2/EDN1/GATA3/GBX2/TWIST1/NTN1/GSC/INSIG1/TBX3/MYC/SIX1/NR4A3	13
GO:0010720	positive regulation of cell development	28/498	323/12060	0.086687306501548	2.09929501286881	4.1561460735697	0.00017171150000134	0.00211215569117405	0.00150213112258489	SPINT1/LRP8/KIT/PRKCH/F11R/VSIR/XBP1/SLC7A5/BNC1/GATA3/TRIB1/LPAR3/IL4R/ADA/PLXNC1/NTN1/NGF/VEGFA/ETV5/RUNX1/PLXND1/CXCL12/VEGFC/SEMA5A/FOS/TGFB1/LIF/SEMA7A	28
GO:0043032	positive regulation of macrophage activation	5/498	14/12060	0.357142857142857	8.64888123924268	5.94284417225524	0.000172776526364308	0.00211215569117405	0.00150213112258489	CEBPA/THBS1/IL4R/CTSC/TLR4	5
GO:0060602	branch elongation of an epithelium	5/498	14/12060	0.357142857142857	8.64888123924268	5.94284417225524	0.000172776526364308	0.00211215569117405	0.00150213112258489	SPRY1/SPRY2/TNC/SIX1/TGFB1	5
GO:2001028	positive regulation of endothelial cell chemotaxis	5/498	14/12060	0.357142857142857	8.64888123924268	5.94284417225524	0.000172776526364308	0.00211215569117405	0.00150213112258489	FGF18/SMOC2/KDR/VEGFA/SEMA5A	5
GO:0030195	negative regulation of blood coagulation	7/498	30/12060	0.233333333333333	5.65060240963855	5.29286555359003	0.00017455201751328	0.00212163225871442	0.00150887070485013	PDGFB/PDGFA/CD9/THBS1/EDN1/PLAUR/SH2B3	7
GO:1900047	negative regulation of hemostasis	7/498	30/12060	0.233333333333333	5.65060240963855	5.29286555359003	0.00017455201751328	0.00212163225871442	0.00150887070485013	PDGFB/PDGFA/CD9/THBS1/EDN1/PLAUR/SH2B3	7
GO:0007188	adenylate cyclase-modulating G protein-coupled receptor signaling pathway	15/498	124/12060	0.120967741935484	2.9294597745822	4.48199123382984	0.000176930139597233	0.00214439329191846	0.00152505798522006	LPAR1/RAMP2/ADM2/APLN/EDN1/GPR176/LPAR3/ADM/OPRD1/ADCYAP1R1/S1PR3/GRM4/GRK5/ADRA1D/CXCL12	15
GO:0051146	striated muscle cell differentiation	22/498	227/12060	0.0969162995594714	2.34700918210286	4.2519670361684	0.000178533488603962	0.00215627156850246	0.00153350562429044	IGFBP5/XBP1/CD9/IRX3/NRG1/EDN1/HDAC9/ADAM12/IL4R/ACTA1/VEGFA/GDF15/PIEZO1/TBX3/TMEM119/MYC/SLC8A1/POPDC3/SIX1/KLF5/CAV2/TGFB1	22
GO:0002720	positive regulation of cytokine production involved in immune response	9/498	50/12060	0.18	4.35903614457831	4.93948887876457	0.000179341163733332	0.00215627156850246	0.00153350562429044	DDX21/KIT/F2RL1/SLC7A5/GATA3/TLR4/SEMA7A/FZD5/NR4A3	9
GO:0030307	positive regulation of cell growth	16/498	138/12060	0.115942028985507	2.80775275013096	4.43259295421236	0.000179435139953175	0.00215627156850246	0.00153350562429044	SFRP1/SFN/NRG1/EDN1/UNC13A/LPAR3/NTN1/NGF/VEGFA/CXCL16/CXCL12/CACNG7/SEMA5A/HBEGF/SEMA7A/TGFB2	16
GO:0002702	positive regulation of production of molecular mediator of immune response	12/498	85/12060	0.141176470588235	3.41885187810064	4.64445557119008	0.000181637298428691	0.00217656898286583	0.0015479408186043	DDX21/KIT/F2RL1/XBP1/SLC7A5/GATA3/IL4R/TLR4/TGFB1/SEMA7A/FZD5/NR4A3	12
GO:0090257	regulation of muscle system process	18/498	167/12060	0.107784431137725	2.61020128417863	4.34857065913669	0.000184443297811481	0.00220216090922691	0.00156614138461111	JPH1/NPNT/KIT/SCN5A/IGFBP5/ADRA2B/KLF4/APLN/EDN1/ADA/STC1/TRPV4/SPX/SLC8A1/ASPH/FKBP1C/CAV1/NR4A3	18
GO:0042110	T cell activation	30/498	358/12060	0.0837988826815642	2.02934643602342	4.10323951149106	0.000184811240849783	0.00220216090922691	0.00156614138461111	FZD8/SLC7A1/KIT/TNFRSF21/EGR1/F2RL1/VSIR/XBP1/CEACAM21/ITPRIPL1/GATA3/PRDM1/IL4R/FOSL2/ADA/THY1/CEBPB/TLR4/MICB/RUNX1/LGALS3/LRRC32/MYC/CARD11/BID/TGFB1/RUNX2/FZD5/CAV1/JAK3	30
GO:0098773	skin epidermis development	13/498	98/12060	0.13265306122449	3.21244160314728	4.56390705860067	0.000187788469796395	0.00223136887640423	0.00158691362062942	CLDN4/CDH3/FERMT1/IGFBP5/KLF4/SFN/PDGFA/EDA/LGR4/GRHL1/LHX2/TGFB2/UGCG	13
GO:0016049	cell growth	33/498	410/12060	0.0804878048780488	1.94916250367323	4.05810589248658	0.000190070399155644	0.00225217495312358	0.00160171056742157	DCC/SFRP1/IGFBP3/KIF26A/IFRD1/IGFBP5/NPPB/XBP1/SFN/NANOS1/NRG1/BST2/EDN1/UNC13A/LPAR3/PLXNA4/TNC/NTN1/LHX2/NGF/VEGFA/PAPPA2/NPR1/CXCL16/NRG3/CXCL12/CACNG7/RASGRP2/SEMA5A/TGFB1/HBEGF/SEMA7A/TGFB2	33
GO:0030003	intracellular monoatomic cation homeostasis	30/498	359/12060	0.0835654596100279	2.02369366043561	4.08657604447681	0.000194039237046754	0.00229279789290343	0.00163060094817768	JPH1/SLC40A1/SLC39A14/TESMIN/RAB20/SCNN1A/SLC1A3/SLC4A11/EDN1/HERPUD1/SLC4A7/STC2/MT2A/THY1/STC1/NGF/SLC8A2/TRPV4/MYC/SLC8A1/ITPR3/CAV2/ASPH/FKBP1C/DDIT3/CXCL12/FZD9/TGFB1/CAV1/HMOX1	30
GO:0014855	striated muscle cell proliferation	10/498	62/12060	0.161290322580645	3.9059463661096	4.76083189522262	0.000204817183909957	0.00241342915040566	0.00171639195639163	PIM1/FOXC1/FOXC2/NRG1/KCNK2/RUNX1/SIX1/CAV2/FOS/TGFB2	10
GO:0043065	positive regulation of apoptotic process	33/498	412/12060	0.0800970873786408	1.9397005497719	4.02778466807143	0.000207975555830682	0.0024398610677438	0.00173518991045776	LPAR1/TNFAIP8/SFRP1/IGFBP3/DUSP6/CCN1/XBP1/F3/THBS1/TNFSF15/RET/LTB/CTSC/AKR1C3/PHLDA2/NKX3-1/GADD45A/TLR4/DUSP1/PMAIP1/MYC/DLC1/BID/EMILIN1/DDIT3/FZD9/TGFB1/CYP1B1/CAV1/HMOX1/NR4A3/TGFB2/LTBR	33
GO:0051592	response to calcium ion	13/498	99/12060	0.131313131313131	3.17999269806499	4.52004467691892	0.000208210680462814	0.0024398610677438	0.00173518991045776	CPNE7/SCN5A/KCNQ3/THBS1/EDN1/AKR1C3/DUSP1/S100A16/ITPR3/ASPH/RASGRP2/FOS/CAV1	13
GO:0035282	segmentation	11/498	74/12060	0.148648648648649	3.59980462390101	4.65557440032604	0.000210821664987591	0.00246365152307813	0.00175210929927341	SFRP1/IRX2/HES7/PLXNA2/FOXC1/FOXC2/IRX3/TCF15/NKX3-1/TBX3/FZD5	11
GO:0001569	branching involved in blood vessel morphogenesis	7/498	31/12060	0.225806451612903	5.46832491255344	5.16969195958759	0.000217529722332035	0.00253505791794641	0.00180289237768541	SEMA3E/FOXC2/KDR/EDN1/GBX2/VEGFA/PLXND1	7
GO:0048562	embryonic organ morphogenesis	20/498	200/12060	0.1	2.42168674698795	4.20756084226708	0.000229432276527002	0.00266644306034944	0.00189633137570696	MTHFD1L/LRIG3/SPRY2/FOXC2/EDN1/GATA3/GBX2/IRX5/EPHA2/TWIST1/NTN1/MICAL2/GSC/INSIG1/TBX3/MYC/SIX1/RUNX2/FZD5/NR4A3	20
GO:0090066	regulation of anatomical structure size	31/498	380/12060	0.0815789473684211	1.97558655675333	4.01042150680589	0.000233808534135245	0.00270987923989538	0.00192722248729253	CDC42EP3/DCC/IFRD1/F2RL1/NPPB/ADRA2B/SH3BP1/APLN/RAP1GAP2/FOXC1/FOXC2/CAPG/EDN1/RET/SLC12A8/KCNK6/LPAR3/ADM/PLXNA4/NTN1/NGF/VEGFA/NPR1/TRPV4/SLC8A1/GCLM/ADRA1D/CXCL12/SEMA5A/SEMA7A/CAV1	31
GO:0001570	vasculogenesis	10/498	63/12060	0.158730158730159	3.84394721744119	4.6968783663575	0.000234635708968189	0.0027120563418067	0.00192877080712127	MYO1E/RAMP2/KDR/EGFL7/ADM/EPHA2/VEGFA/TGFB1/CAV1/HEY1	10
GO:1903037	regulation of leukocyte cell-cell adhesion	22/498	232/12060	0.0948275862068965	2.29642708766099	4.1379979159281	0.000243710439523924	0.00280929262081654	0.00199792368328251	CHST2/SLC7A1/TNFRSF21/VSIR/KLF4/XBP1/GATA3/IRAK1/IL4R/ADA/THY1/CEBPB/RUNX1/LGALS3/LRRC32/FUT4/CARD11/CXCL12/TGFB1/CAV1/NR4A3/JAK3	22
GO:0002440	production of molecular mediator of immune response	16/498	142/12060	0.112676056338028	2.72866112336671	4.30037356127926	0.000250099044752909	0.00287090978481014	0.00204174481829968	DDX21/KIT/F2RL1/XBP1/SLC7A5/BST2/GATA3/IL4R/TWIST1/TLR4/TGFB1/SEMA7A/FZD5/NR4A3/TGFB2/JAK3	16
GO:1904754	positive regulation of vascular associated smooth muscle cell migration	5/498	15/12060	0.333333333333333	8.07228915662651	5.68795396322122	0.000250409387171087	0.00287090978481014	0.00204174481829968	PDGFB/IGFBP5/XBP1/DDR2/NR4A3	5
GO:0015698	inorganic anion transport	12/498	88/12060	0.136363636363636	3.30230010952903	4.49856243719586	0.000253464520886104	0.00289810376711281	0.0020610847406996	ATP8B1/CLDN4/SLC1A3/SLC4A11/SLC4A7/SLC12A8/GABRG3/GABRA5/WNK4/KCNK2/CEBPB/SLC1A4	12
GO:0051216	cartilage development	17/498	157/12060	0.10828025477707	2.62220857954109	4.24602101997202	0.000261709955573064	0.00298433771919607	0.00212241293908433	SLC39A14/CCN1/FGF18/CCN2/BGN/EDN1/GATA3/FOSL2/PKDCC/STC1/TRPV4/RUNX1/TGFBI/WNT5B/TGFB1/RUNX2/TGFB2	17
GO:0003401	axis elongation	6/498	23/12060	0.260869565217391	6.31744368779466	5.29738483050811	0.000266313383669779	0.00301481395165349	0.00214408714495121	SPRY1/SFRP1/SPRY2/TNC/SIX1/TGFB1	6
GO:0071404	cellular response to low-density lipoprotein particle stimulus	6/498	23/12060	0.260869565217391	6.31744368779466	5.29738483050811	0.000266313383669779	0.00301481395165349	0.00214408714495121	LPL/FUT1/CD9/TLR4/LDLR/TGFB1	6
GO:0048864	stem cell development	11/498	76/12060	0.144736842105263	3.50507292327204	4.54653046175887	0.000268177729921353	0.00301481395165349	0.00214408714495121	SEMA3E/FOXC1/FOXC2/NRG1/EDN1/RET/GBX2/TWIST1/JAG1/SEMA5A/SEMA7A	11
GO:0031640	killing of cells of another organism	7/498	32/12060	0.21875	5.29743975903614	5.05175073592599	0.000268646787771103	0.00301481395165349	0.00214408714495121	PIM1/F2RL1/NPPB/SFN/MICB/LGALS3/CXCL12	7
GO:0050819	negative regulation of coagulation	7/498	32/12060	0.21875	5.29743975903614	5.05175073592599	0.000268646787771103	0.00301481395165349	0.00214408714495121	PDGFB/PDGFA/CD9/THBS1/EDN1/PLAUR/SH2B3	7
GO:0141061	disruption of cell in another organism	7/498	32/12060	0.21875	5.29743975903614	5.05175073592599	0.000268646787771103	0.00301481395165349	0.00214408714495121	PIM1/F2RL1/NPPB/SFN/MICB/LGALS3/CXCL12	7
GO:0006937	regulation of muscle contraction	14/498	115/12060	0.121739130434783	2.94814038763751	4.35642186928967	0.000269931710540623	0.00302124093961299	0.00214865791531572	JPH1/NPNT/KIT/SCN5A/ADRA2B/EDN1/ADA/STC1/TRPV4/SPX/SLC8A1/ASPH/FKBP1C/CAV1	14
GO:0051924	regulation of calcium ion transport	16/498	143/12060	0.111888111888112	2.70957957704946	4.26803238911735	0.000271138713895952	0.00302676427459639	0.00215258602223213	JPH1/PDGFB/STC2/LPAR3/OPRD1/THY1/STC1/NGF/ADCYAP1R1/LGALS3/SLC8A1/ASPH/FKBP1C/CXCL12/TGFB1/CAV1	16
GO:0001658	branching involved in ureteric bud morphogenesis	8/498	42/12060	0.19047619047619	4.61273666092943	4.86741849508688	0.000272836221742612	0.00303771982318152	0.00216037743200532	NPNT/HS3ST3B1/LGR4/HS3ST3A1/VEGFA/MYC/SIX1/TGFB1	8
GO:0035265	organ growth	15/498	129/12060	0.116279069767442	2.81591482207901	4.30334081138401	0.000274603075800901	0.00304938808258487	0.00216867571023803	PIM1/SPRY2/DUSP6/WWC1/FOXC1/FOXC2/NRG1/EDN1/YBX3/FOSL2/KCNK2/STC1/RUNX1/DDR2/TGFB2	15
GO:0010586	miRNA metabolic process	12/498	89/12060	0.134831460674157	3.26519561391634	4.4513253306514	0.000282226702405198	0.0031258633723312	0.00222306370507984	PDGFB/EGR1/KLF4/APLN/GATA3/TWIST1/VEGFA/MYC/FOSL1/FOS/TGFB1/TGFB2	12
GO:0007160	cell-matrix adhesion	19/498	189/12060	0.100529100529101	2.43449990437942	4.12516771040263	0.000305480997400531	0.00337461039315899	0.00239996858155132	NPNT/SEMA3E/SFRP1/FERMT1/EPHA1/COL17A1/AJAP1/FUT1/THBS1/CCN2/KDR/EDA/COL13A1/THY1/VEGFA/JAG1/DLC1/EMILIN1/ITGA3	19
GO:0021700	developmental maturation	23/498	252/12060	0.0912698412698413	2.21026965002869	4.02947139605283	0.000309829337983437	0.00341375597850841	0.00242780829162141	CDH3/FERMT1/CEBPA/KCNQ3/FAM20C/XBP1/KDR/BNC1/EDN1/RET/TFCP2L1/GATA3/EPAS1/IRX5/NGF/VEGFA/TRIM58/DDIT3/TGFB1/RUNX2/SEMA7A/FZD5/TGFB2	23
GO:0002687	positive regulation of leukocyte migration	12/498	90/12060	0.133333333333333	3.2289156626506	4.40475393267338	0.000313712724471842	0.00343868056126499	0.0024455342536007	F2RL1/THBS1/EDN1/PGF/THY1/VEGFA/TRPV4/LGALS3/FUT4/CXCL12/VEGFC/TGFB1	12
GO:0072089	stem cell proliferation	12/498	90/12060	0.133333333333333	3.2289156626506	4.40475393267338	0.000313712724471842	0.00343868056126499	0.0024455342536007	PIM1/FERMT1/IRF6/CEBPA/SFN/KDR/EPCAM/TBX3/RUNX1/VEGFC/TGFB1/RUNX2	12
GO:0048146	positive regulation of fibroblast proliferation	8/498	43/12060	0.186046511627907	4.50546371532642	4.77898326571689	0.000323268918073944	0.00352521015544903	0.00250707270788777	PDGFB/S100A6/PDGFA/FOSL2/MYC/DDR2/TGFB1/LIF	8
GO:0050919	negative chemotaxis	8/498	43/12060	0.186046511627907	4.50546371532642	4.77898326571689	0.000323268918073944	0.00352521015544903	0.00250707270788777	SEMA3E/PDGFA/NRG1/PLXNA4/NTN1/NRG3/SEMA5A/SEMA7A	8
GO:0007519	skeletal muscle tissue development	15/498	131/12060	0.114503816793893	2.77292375609307	4.23426002380805	0.000325057607685444	0.00353562659436321	0.00251448071154246	EGR1/YBX3/HDAC9/TWIST1/ACTA1/MAFF/MYC/POPDC3/SIX1/KLF5/CAV2/FLNB/FOS/TGFB1/CAV1	15
GO:0035767	endothelial cell chemotaxis	6/498	24/12060	0.25	6.05421686746988	5.14365984478874	0.000342815286548342	0.00369091991253316	0.00262492281925607	FGF18/SMOC2/THBS1/KDR/VEGFA/SEMA5A	6
GO:0055094	response to lipoprotein particle	6/498	24/12060	0.25	6.05421686746988	5.14365984478874	0.000342815286548342	0.00369091991253316	0.00262492281925607	LPL/FUT1/CD9/TLR4/LDLR/TGFB1	6
GO:0072210	metanephric nephron development	6/498	24/12060	0.25	6.05421686746988	5.14365984478874	0.000342815286548342	0.00369091991253316	0.00262492281925607	PDGFB/IRX2/EGR1/RET/LGR4/LIF	6
GO:2000352	negative regulation of endothelial cell apoptotic process	6/498	24/12060	0.25	6.05421686746988	5.14365984478874	0.000342815286548342	0.00369091991253316	0.00262492281925607	RAMP2/FUT1/KDR/GATA3/NDNF/SEMA5A	6
GO:0032870	cellular response to hormone stimulus	37/498	495/12060	0.0747474747474747	1.81014968966776	3.81987267672982	0.000344433888053974	0.00369536394335813	0.00262808334243142	FKBP4/THRB/PIM1/SFRP1/RAMP2/SLC39A14/KLF4/XBP1/FUT1/FOXC2/SCNN1A/TBC1D4/EDN1/PCK2/HDAC9/TNC/AKR1C3/STC1/NKX3-1/GDF15/TRIB3/PID1/DUSP1/INSIG1/TNS2/GCLM/ZFP36/KLF5/CAV2/DDR2/FOS/TGFB1/CAV1/NR4A3/NR1D1/JAK3/UGCG	37
GO:0071560	cellular response to transforming growth factor beta stimulus	21/498	222/12060	0.0945945945945946	2.29078476066428	4.02851500146766	0.000346571764950509	0.00369536394335813	0.00262808334243142	NPNT/CDH3/SPRY1/SFRP1/FERMT1/SPRY2/GCNT2/XBP1/THBS1/EDN1/SPRED3/GDF15/LRRC32/CAV2/DDR2/EMILIN1/FOS/TGFB1/CAV1/TGFB2/ITGA3	21
GO:0051881	regulation of mitochondrial membrane potential	10/498	66/12060	0.151515151515152	3.66922234392114	4.51261760749495	0.000346745974717123	0.00369536394335813	0.00262808334243142	KCNQ3/KDR/SLC4A11/PYCR1/OPRD1/PID1/PMAIP1/GCLM/BID/FZD9	10
GO:0002719	negative regulation of cytokine production involved in immune response	5/498	16/12060	0.3125	7.56777108433735	5.4556495062907	0.000351939423176964	0.00369536394335813	0.00262808334243142	BST2/TWIST1/TGFB1/TGFB2/JAK3	5
GO:0015802	basic amino acid transport	5/498	16/12060	0.3125	7.56777108433735	5.4556495062907	0.000351939423176964	0.00369536394335813	0.00262808334243142	SLC7A1/SLC7A2/SLC7A7/SLC7A5/SLC38A4	5
GO:0042474	middle ear morphogenesis	5/498	16/12060	0.3125	7.56777108433735	5.4556495062907	0.000351939423176964	0.00369536394335813	0.00262808334243142	EDN1/GSC/INSIG1/MYC/SIX1	5
GO:0043567	regulation of insulin-like growth factor receptor signaling pathway	5/498	16/12060	0.3125	7.56777108433735	5.4556495062907	0.000351939423176964	0.00369536394335813	0.00262808334243142	CDH3/IGFBP3/IGFBP5/IGFBP6/NKX3-1	5
GO:0044321	response to leptin	5/498	16/12060	0.3125	7.56777108433735	5.4556495062907	0.000351939423176964	0.00369536394335813	0.00262808334243142	EDN1/PID1/NR4A3/NR1D1/UGCG	5
GO:0060252	positive regulation of glial cell proliferation	5/498	16/12060	0.3125	7.56777108433735	5.4556495062907	0.000351939423176964	0.00369536394335813	0.00262808334243142	PRKCH/SLC7A5/NTN1/ETV5/VEGFC	5
GO:1904994	regulation of leukocyte adhesion to vascular endothelial cell	5/498	16/12060	0.3125	7.56777108433735	5.4556495062907	0.000351939423176964	0.00369536394335813	0.00262808334243142	CHST2/KLF4/IRAK1/FUT4/CXCL12	5
GO:0060560	developmental growth involved in morphogenesis	20/498	207/12060	0.0966183574879227	2.33979395844247	4.03517971845459	0.000361657312893593	0.00378802548467808	0.00269398273879932	SPRY1/DCC/SFRP1/SPRY2/IFRD1/EDN1/UNC13A/LPAR3/PLXNA4/TNC/NTN1/LHX2/NGF/VEGFA/SIX1/CXCL12/CACNG7/SEMA5A/TGFB1/SEMA7A	20
GO:0006979	response to oxidative stress	28/498	338/12060	0.0828402366863905	2.00613103300777	3.89373035260348	0.00036302466585904	0.00379298185363066	0.00269750762860256	PRR5L/KLF4/XBP1/SLC4A11/EDN1/EPAS1/STC2/TXN/PDLIM1/PYCR1/CYGB/COMT/ADCYAP1R1/ETV5/MICB/DUSP1/PLK3/SLC8A1/GCLM/SLC7A11/DDR2/TXNRD2/SRXN1/MAPK13/FOS/CYP1B1/HMOX1/NR4A3	28
GO:0030111	regulation of Wnt signaling pathway	25/498	288/12060	0.0868055555555556	2.10215863453815	3.92888268344248	0.000371000961645809	0.0038667962636401	0.00275000324861474	SIAH2/RSPO4/CDH3/SFRP1/FERMT1/EGR1/TRABD2A/TMEM198/LRRK1/IGFBP6/EDA/SHISA2/LGR4/GSC/PPM1N/NKD2/ADGRA2/DDIT3/FOXL1/SEMA5A/FZD9/WNT5B/TGFB1/CAV1/ITGA3	25
GO:0003158	endothelium development	13/498	105/12060	0.123809523809524	2.99827882960413	4.26805279668985	0.000375220680934346	0.00389165312597432	0.00276768104891992	SLC40A1/F11R/F2RL1/FOXC2/KDR/NRG1/EDN1/SCUBE1/STC1/VEGFA/JAG1/S1PR3/HEY1	13
GO:0003231	cardiac ventricle development	13/498	105/12060	0.123809523809524	2.99827882960413	4.26805279668985	0.000375220680934346	0.00389165312597432	0.00276768104891992	SCN5A/CCN1/FOXC1/FOXC2/NRG1/GATA3/PRDM1/KCNK2/TBX3/JAG1/TGFB1/TGFB2/HEY1	13
GO:0007600	sensory perception	26/498	305/12060	0.0852459016393443	2.06438870235039	3.90744339718408	0.000377385162176141	0.00390455575110047	0.00277685718818182	ATP8B1/MBP/THRB/CDH3/KIT/LRIG3/SPRY2/SPNS2/KCNQ3/SCNN1A/SLC1A3/RGS16/EPAS1/IRX5/KCNK2/NGF/COMT/MYC/SPX/ITPR3/SIX1/TIMP3/TGFBI/DDIT3/CXCL12/GJA3	26
GO:0043010	camera-type eye development	24/498	272/12060	0.0882352941176471	2.1367824238129	3.93546065674891	0.000381048909403848	0.0039233525986055	0.00279022520350464	THRB/SPRY1/SPRY2/KLF4/FOXC1/FOXC2/KDR/GATA3/PRDM1/IRX5/FLT1/EPHA2/SPRED3/TWIST1/THY1/LHX2/VEGFA/JAG1/FOS/WNT5B/TGFB1/FZD5/CYP1B1/TGFB2	24
GO:0043405	regulation of MAP kinase activity	8/498	44/12060	0.181818181818182	4.40306681270537	4.69321759920838	0.000381051690387899	0.0039233525986055	0.00279022520350464	PDGFB/FGF18/TRIB2/TRIB1/FLT1/DUSP7/TRIB3/DUSP1	8
GO:0010717	regulation of epithelial to mesenchymal transition	12/498	92/12060	0.130434782608696	3.15872184389733	4.31353817567433	0.000385682651465866	0.00395234505598016	0.00281084417242094	SPRY1/SFRP1/SPRY2/GCNT2/FOXC1/GATA3/SPRED3/TWIST1/VEGFA/JAG1/TGFB1/TGFB2	12
GO:0031214	biomineral tissue development	14/498	119/12060	0.117647058823529	2.84904323175053	4.20682100103814	0.000385730988490284	0.00395234505598016	0.00281084417242094	CCN1/FAM20C/LGR4/FOSL2/PKDCC/TWIST1/CEBPB/TMEM119/SLC8A1/DDR2/FZD9/TGFB1/RUNX2/HEY1	14
GO:0007159	leukocyte cell-cell adhesion	23/498	256/12060	0.08984375	2.17573418674699	3.94610252867374	0.000388242103061126	0.00395894952208004	0.00281554116238155	CHST2/SLC7A1/TNFRSF21/F11R/VSIR/KLF4/XBP1/GATA3/IRAK1/IL4R/ADA/THY1/CEBPB/RUNX1/LGALS3/LRRC32/FUT4/CARD11/CXCL12/TGFB1/CAV1/NR4A3/JAK3	23
GO:0051402	neuron apoptotic process	23/498	256/12060	0.08984375	2.17573418674699	3.94610252867374	0.000388242103061126	0.00395894952208004	0.00281554116238155	THRB/SEMA3E/TNFRSF21/EGR1/KCNQ3/AARS1/KDR/UNC5B/GATA3/PYCR1/CEBPB/NGF/NDNF/GRM4/PLXND1/SIX1/GCLM/BID/DDIT3/FZD9/TGFB1/NR4A3/TGFB2	23
GO:0003151	outflow tract morphogenesis	10/498	67/12060	0.149253731343284	3.6144578313253	4.45357696906539	0.000392824137499842	0.00399606712535811	0.0028419386042523	FOXC1/FOXC2/EDN1/TWIST1/VEGFA/TBX3/JAG1/PLXND1/SIX1/TGFB2	10
GO:0010719	negative regulation of epithelial to mesenchymal transition	7/498	34/12060	0.205882352941176	4.98582565556343	4.8300429592951	0.000399735972846113	0.00405665071007945	0.0028850246743313	SPRY1/SFRP1/SPRY2/GATA3/SPRED3/VEGFA/TGFB2	7
GO:0022409	positive regulation of cell-cell adhesion	20/498	209/12060	0.0956937799043062	2.3174035856344	3.98720276285794	0.000409957342951405	0.00415045119045312	0.00295173406581768	CHST2/SLC7A1/GCNT2/F11R/VSIR/XBP1/GATA3/IRAK1/IL4R/ADA/THY1/PIEZO1/RUNX1/FUT4/CARD11/PLAUR/EMILIN1/TGFB1/CAV1/NR4A3	20
GO:0031667	response to nutrient levels	32/498	411/12060	0.0778588807785888	1.88549819716823	3.79068857284627	0.000427148957769426	0.0043142044734712	0.00306819276432876	CHAC1/PIM1/SFRP1/LPL/YARS1/PRKCH/CEBPA/SLC38A2/XBP1/SLC7A5/FUT1/ASNS/PCK2/STC2/WNK4/TNC/AKR1C3/STC1/COMT/GDF15/PRKAG2/LDLR/TRPV4/PMAIP1/SPX/GCLM/ZFP36/UPP1/DDIT3/FOS/TGFB1/CAV1	32
GO:0032570	response to progesterone	6/498	25/12060	0.24	5.81204819277108	4.9983971660598	0.000435499126274443	0.0043570455039061	0.00309866061544825	CLDN4/THBS1/FOS/TGFB1/CAV1/TGFB2	6
GO:0045823	positive regulation of heart contraction	6/498	25/12060	0.24	5.81204819277108	4.9983971660598	0.000435499126274443	0.0043570455039061	0.00309866061544825	ADM2/APLN/EDN1/ADM/ADA/TGFB2	6
GO:1903524	positive regulation of blood circulation	6/498	25/12060	0.24	5.81204819277108	4.9983971660598	0.000435499126274443	0.0043570455039061	0.00309866061544825	ADM2/APLN/EDN1/ADM/ADA/TGFB2	6
GO:1904738	vascular associated smooth muscle cell migration	6/498	25/12060	0.24	5.81204819277108	4.9983971660598	0.000435499126274443	0.0043570455039061	0.00309866061544825	PDGFB/IGFBP5/XBP1/DDR2/DDIT3/NR4A3	6
GO:0046620	regulation of organ growth	10/498	68/12060	0.147058823529412	3.56130403968816	4.39565518775709	0.000443886482213306	0.00443050931187964	0.00315090689293705	PIM1/DUSP6/WWC1/FOXC1/FOXC2/NRG1/EDN1/YBX3/KCNK2/RUNX1	10
GO:0006874	intracellular calcium ion homeostasis	19/498	195/12060	0.0974358974358974	2.3595922150139	3.97233566920164	0.000453430009053675	0.0045151410760697	0.00321109564108681	JPH1/EDN1/HERPUD1/STC2/THY1/STC1/NGF/SLC8A2/TRPV4/SLC8A1/ITPR3/CAV2/ASPH/FKBP1C/DDIT3/CXCL12/FZD9/TGFB1/CAV1	19
GO:0043122	regulation of canonical NF-kappaB signal transduction	23/498	259/12060	0.0888030888030888	2.15053263246034	3.88457270563524	0.000457979260637663	0.00452902931488472	0.0032209727329362	TRIM38/LPAR1/DDX21/F2RL1/KLF4/TNFSF15/BST2/EDN1/EDA/IRAK1/LTB/TLR4/VEGFA/NAMPT/CARD10/PPM1N/S100A4/CARD11/TGFB1/CAV1/HMOX1/NR1D1/LTBR	23
GO:0071375	cellular response to peptide hormone stimulus	23/498	259/12060	0.0888030888030888	2.15053263246034	3.88457270563524	0.000457979260637663	0.00452902931488472	0.0032209727329362	SLC39A14/KLF4/XBP1/FUT1/FOXC2/SCNN1A/TBC1D4/EDN1/PCK2/HDAC9/GDF15/TRIB3/PID1/INSIG1/TNS2/KLF5/CAV2/DDR2/FOS/TGFB1/CAV1/NR4A3/JAK3	23
GO:0097553	calcium ion transmembrane import into cytosol	14/498	121/12060	0.115702479338843	2.80195160808523	4.13433504895951	0.000458027717134735	0.00452902931488472	0.0032209727329362	JPH1/THY1/NGF/ADCYAP1R1/SLC8A2/TRPV4/NALF2/SLC8A1/ITPR3/ASPH/FKBP1C/DDIT3/TGFB1/CAV1	14
GO:1901699	cellular response to nitrogen compound	36/498	485/12060	0.0742268041237113	1.79754067817662	3.72063484591408	0.000471243503209181	0.00464887195491476	0.0033062028891004	LY6E/SLC39A14/IGFBP5/EGR1/KLF4/XBP1/SLC7A5/FUT1/FOXC2/SCNN1A/TBC1D4/SLC1A3/EDN1/PCK2/HDAC9/RGS10/STC1/COMT/TLR4/GDF15/TRIB3/PID1/LYNX1/INSIG1/SLC8A1/TNS2/SIX1/GCLM/KLF5/CAV2/DDR2/FOS/TGFB1/CAV1/NR4A3/JAK3	36
GO:0031589	cell-substrate adhesion	25/498	293/12060	0.0853242320819113	2.06628562029689	3.83467288286815	0.000479823803502478	0.00470162037544932	0.0033437167165532	NPNT/SPRY4/SEMA3E/SFRP1/FERMT1/PDGFB/EPHA1/GCNT2/COL17A1/CCN1/AJAP1/FUT1/THBS1/CCN2/KDR/EDA/COL13A1/RELL2/THY1/VEGFA/NDNF/JAG1/DLC1/EMILIN1/ITGA3	25
GO:0002066	columnar/cuboidal epithelial cell development	5/498	17/12060	0.294117647058824	7.12260807937633	5.24260834185338	0.000481771532764463	0.00470162037544932	0.0033437167165532	XBP1/PRDM1/KLF5/TGFB1/FZD5	5
GO:2000353	positive regulation of endothelial cell apoptotic process	5/498	17/12060	0.294117647058824	7.12260807937633	5.24260834185338	0.000481771532764463	0.00470162037544932	0.0033437167165532	XBP1/F3/THBS1/AKR1C3/TGFB1	5
GO:0043030	regulation of macrophage activation	7/498	35/12060	0.2	4.8433734939759	4.7256103253433	0.000482132216718636	0.00470162037544932	0.0033437167165532	CEBPA/THBS1/IL4R/CTSC/TLR4/LDLR/NR1D1	7
GO:0048662	negative regulation of smooth muscle cell proliferation	7/498	35/12060	0.2	4.8433734939759	4.7256103253433	0.000482132216718636	0.00470162037544932	0.0033437167165532	IGFBP3/IGFBP5/KLF4/APLN/TRIB1/NPR1/HMOX1	7
GO:0003007	heart morphogenesis	20/498	212/12060	0.0943396226415094	2.28461013866788	3.91625163739214	0.000492923255298127	0.00479582671783177	0.00341071475056598	PIM1/SPRY1/CCN1/FOXC1/FOXC2/NRG1/EDN1/GATA3/TWIST1/MICAL2/VEGFA/TBX3/JAG1/DLC1/PLXND1/CCM2L/SIX1/TGFB1/TGFB2/HEY1	20
GO:0015820	L-leucine transport	4/498	10/12060	0.4	9.68674698795181	5.70318533964442	0.000494503257049582	0.00479783088333108	0.00341214008080272	SLC7A7/SLC6A15/SLC7A5/SLC6A17	4
GO:0071559	response to transforming growth factor beta	21/498	228/12060	0.0921052631578947	2.23050095117311	3.89290793647533	0.000495391307614101	0.00479783088333108	0.00341214008080272	NPNT/CDH3/SPRY1/SFRP1/FERMT1/SPRY2/GCNT2/XBP1/THBS1/EDN1/SPRED3/GDF15/LRRC32/CAV2/DDR2/EMILIN1/FOS/TGFB1/CAV1/TGFB2/ITGA3	21
GO:0051928	positive regulation of calcium ion transport	9/498	57/12060	0.157894736842105	3.82371591629677	4.4347318302867	0.000498429546025707	0.00481625998688166	0.00342524656254568	PDGFB/LPAR3/THY1/STC1/ADCYAP1R1/LGALS3/ASPH/CXCL12/CAV1	9
GO:0007389	pattern specification process	27/498	328/12060	0.0823170731707317	1.99346165148398	3.78578406389355	0.000507976842044421	0.00489735855443735	0.00348292255813232	NBL1/MICOS10-NBL1/SPRY1/SFRP1/IRX2/HES7/PLXNA2/FOXC1/FOXC2/IRX3/EDN1/GBX2/MEIS2/TCF15/STC1/NKX3-1/LHX2/MICAL2/GSC/TBX3/NRG3/SIX1/ASPH/DDIT3/BHLHE40/FZD5/HEY1	27
GO:0034329	cell junction assembly	33/498	433/12060	0.0762124711316397	1.84562731294694	3.71914362534049	0.000509559708317899	0.00490147909905789	0.0034858530231271	CLDN7/CLDN4/CDH3/SFRP1/RAMP2/PRKCH/F11R/COL17A1/SH3BP1/PLXNA2/CLDN23/CD9/IRX3/THBS1/KDR/SHANK2/GABRG3/GABRA5/PLXNA4/EPHA2/PLXNC1/THY1/NTN1/VEGFA/TRPV4/NRG3/DLC1/SRPX2/PLXND1/SIX1/CLSTN2/FZD5/CAV1	33
GO:0010721	negative regulation of cell development	19/498	197/12060	0.0964467005076142	2.33563696410005	3.92263694230392	0.00051494499961751	0.00494207395560515	0.00351472343154033	DCC/SFRP1/IFRD1/CEBPA/TRIB1/IL4R/THY1/NTN1/LHX2/TLR4/VEGFA/LDLR/RUNX1/S1PR3/MYC/SEMA5A/TGFB1/NR1D1/JAK3	19
GO:0030225	macrophage differentiation	8/498	46/12060	0.173913043478261	4.21162912519644	4.52912520025282	0.000521835306730592	0.00497443903629477	0.00353774095586015	CEBPA/GATA3/TRIB1/FOSL2/TLR4/VEGFA/TGFB1/LIF	8
GO:0045682	regulation of epidermis development	8/498	46/12060	0.173913043478261	4.21162912519644	4.52912520025282	0.000521835306730592	0.00497443903629477	0.00353774095586015	ETV4/ESRP1/PRKCH/SFN/FOXC1/GRHL1/MAFF/ZFP36	8
GO:2000379	positive regulation of reactive oxygen species metabolic process	8/498	46/12060	0.173913043478261	4.21162912519644	4.52912520025282	0.000521835306730592	0.00497443903629477	0.00353774095586015	PDGFB/F2RL1/THBS1/AKR1C3/GADD45A/TLR4/PID1/TGFB1	8
GO:0001659	temperature homeostasis	15/498	137/12060	0.109489051094891	2.65148183976783	4.03455044984562	0.000526995559971836	0.00501236584170522	0.00356471388925958	EGR1/APLN/FOXC2/EPAS1/LGR4/IL4R/SCD/PWWP2B/CEBPB/TLR4/VEGFA/EBF2/DDIT3/CAV1/NR1D1	15
GO:0060037	pharyngeal system development	6/498	26/12060	0.230769230769231	5.5885078776645	4.86079145252149	0.000546617693158358	0.00518736522232159	0.00368917063132427	PLXNA2/EDN1/GATA3/NKX3-1/SIX1/TGFB2	6
GO:0141060	disruption of anatomical structure in another organism	7/498	36/12060	0.194444444444444	4.70883534136546	4.62506835552964	0.000577515512120168	0.00546835000538784	0.0038890024852829	PIM1/F2RL1/NPPB/SFN/MICB/LGALS3/CXCL12	7
GO:0007565	female pregnancy	14/498	124/12060	0.112903225806452	2.73416245627672	4.02833012092834	0.000587973926259734	0.00555497860844942	0.00395061135308967	FKBP4/CLDN4/IGFBP5/ARHGDIB/ADRA2B/SLC38A2/PRDM1/STC2/STC1/VEGFA/FOS/TGFB1/LIF/ITGA3	14
GO:0007631	feeding behavior	8/498	47/12060	0.170212765957447	4.12201999487311	4.45053998303037	0.000606543017568121	0.00570500106546334	0.00405730490920815	UCK2/ADM2/APLN/GLS/OPRD1/GDF15/FOS/NR4A3	8
GO:0061045	negative regulation of wound healing	8/498	47/12060	0.170212765957447	4.12201999487311	4.45053998303037	0.000606543017568121	0.00570500106546334	0.00405730490920815	PDGFB/AJAP1/PDGFA/CD9/THBS1/EDN1/PLAUR/SH2B3	8
GO:0007249	canonical NF-kappaB signal transduction	24/498	281/12060	0.0854092526690391	2.06834455258757	3.76066047312504	0.000610068665475711	0.00572546743130081	0.00407186025909033	TRIM38/LPAR1/DDX21/F2RL1/KLF4/TRIM55/TNFSF15/BST2/EDN1/EDA/IRAK1/LTB/TLR4/VEGFA/NAMPT/CARD10/PPM1N/S100A4/CARD11/TGFB1/CAV1/HMOX1/NR1D1/LTBR	24
GO:0030099	myeloid cell differentiation	27/498	332/12060	0.0813253012048193	1.96944404122514	3.71735164351953	0.000612531458944748	0.00573589061554883	0.00407927305991785	SLC1A5/SFRP1/KIT/CEBPA/F2RL1/FAM20C/LRRK1/GATA3/EPAS1/TRIB1/MEIS2/FLI1/EPHA2/FOSL2/CEBPB/TLR4/VEGFA/JAG1/RUNX1/MYC/TRIM58/ZFP36/SH2B3/FOS/TGFB1/LIF/LTBR	27
GO:0010562	positive regulation of phosphorus metabolic process	21/498	232/12060	0.0905172413793103	2.19204403822185	3.80482311176949	0.000623085685597426	0.00580907577649292	0.00413132116812544	PIM1/KIT/SPRY2/PDGFB/XBP1/FGF18/APLN/PDGFA/THBS1/KDR/TNFSF15/NRG1/ACSL3/FLT1/ADCYAP1R1/VEGFA/CARD10/PID1/PLAUR/DDR2/LIF	21
GO:0045937	positive regulation of phosphate metabolic process	21/498	232/12060	0.0905172413793103	2.19204403822185	3.80482311176949	0.000623085685597426	0.00580907577649292	0.00413132116812544	PIM1/KIT/SPRY2/PDGFB/XBP1/FGF18/APLN/PDGFA/THBS1/KDR/TNFSF15/NRG1/ACSL3/FLT1/ADCYAP1R1/VEGFA/CARD10/PID1/PLAUR/DDR2/LIF	21
GO:0010460	positive regulation of heart rate	5/498	18/12060	0.277777777777778	6.72690763052209	5.04615929448821	0.000644601741934843	0.00597110865620447	0.00424655634350282	ADM2/APLN/EDN1/ADM/ADA	5
GO:0060561	apoptotic process involved in morphogenesis	5/498	18/12060	0.277777777777778	6.72690763052209	5.04615929448821	0.000644601741934843	0.00597110865620447	0.00424655634350282	CCN1/FOXC1/FOXC2/FZD5/TGFB2	5
GO:0007043	cell-cell junction assembly	13/498	111/12060	0.117117117117117	2.83620970367958	4.03340491718933	0.000644688299043293	0.00597110865620447	0.00424655634350282	CLDN7/CLDN4/CDH3/RAMP2/PRKCH/F11R/CLDN23/CD9/IRX3/EPHA2/TRPV4/FZD5/CAV1	13
GO:0032755	positive regulation of interleukin-6 production	9/498	59/12060	0.152542372881356	3.69409842760874	4.30511327328042	0.00064712941711483	0.00598066010327039	0.0042533491788811	MBP/LPL/F2RL1/XBP1/TWIST1/TLR4/TRPV4/MAPK13/TGFB1	9
GO:0033280	response to vitamin D	6/498	27/12060	0.222222222222222	5.38152610441767	4.73014183775374	0.000678568408090372	0.00624400691349102	0.0044406371905172	PIM1/SFRP1/STC2/TNC/STC1/TGFB1	6
GO:1905476	negative regulation of protein localization to membrane	6/498	27/12060	0.222222222222222	5.38152610441767	4.73014183775374	0.000678568408090372	0.00624400691349102	0.0044406371905172	SFN/PKDCC/WNK4/PID1/FZD9/TGFB1	6
GO:0006940	regulation of smooth muscle contraction	7/498	37/12060	0.189189189189189	4.58156952132856	4.52815892106742	0.000687301494741513	0.00629704738810691	0.00447835872213067	NPNT/KIT/ADRA2B/EDN1/ADA/SPX/CAV1	7
GO:0060688	regulation of morphogenesis of a branching structure	7/498	37/12060	0.189189189189189	4.58156952132856	4.52815892106742	0.000687301494741513	0.00629704738810691	0.00447835872213067	SFRP1/PDGFA/LGR4/VEGFA/ETV5/SIX1/TGFB1	7
GO:0045927	positive regulation of growth	19/498	202/12060	0.0940594059405941	2.27782416795896	3.80097397477854	0.000701247538763146	0.00639044346926031	0.00454478051140228	PIM1/SFRP1/SFN/NRG1/EDN1/TFCP2L1/YBX3/UNC13A/LPAR3/NTN1/NGF/VEGFA/CXCL16/CXCL12/CACNG7/SEMA5A/HBEGF/SEMA7A/TGFB2	19
GO:0070830	bicellular tight junction assembly	8/498	48/12060	0.166666666666667	4.03614457831325	4.37410538013885	0.00070201477055052	0.00639044346926031	0.00454478051140228	CLDN7/CLDN4/RAMP2/PRKCH/F11R/CLDN23/EPHA2/FZD5	8
GO:0140962	multicellular organismal-level chemical homeostasis	8/498	48/12060	0.166666666666667	4.03614457831325	4.37410538013885	0.00070201477055052	0.00639044346926031	0.00454478051140228	SLC40A1/SCNN1A/KDR/EPAS1/VEGFA/TRPV4/TGFB1/HMOX1	8
GO:0048145	regulation of fibroblast proliferation	10/498	72/12060	0.138888888888889	3.36345381526104	4.17439784545897	0.000706509090984575	0.00641758364872927	0.00456408217009307	SFRP1/PDGFB/S100A6/PDGFA/FOSL2/MYC/DDR2/TGFB1/LIF/CAV1	10
GO:0007611	learning or memory	20/498	219/12060	0.091324200913242	2.21158607030863	3.75522509810147	0.000745197580726541	0.00674247634650975	0.00479514062609418	NPTX2/LRRN4/KIT/CEBPA/CCND2/SHANK2/MEIS2/NETO1/GABRA5/KCNK2/CEBPB/COMT/SLC8A2/LDLR/ITPR3/SLC7A11/CLSTN2/FZD9/FOS/ITGA3	20
GO:0050954	sensory perception of mechanical stimulus	14/498	127/12060	0.110236220472441	2.66957594156152	3.92542834891942	0.000747960762008351	0.00674247634650975	0.00479514062609418	ATP8B1/MBP/THRB/KIT/LRIG3/SPRY2/SPNS2/KCNQ3/SLC1A3/KCNK2/MYC/SIX1/DDIT3/CXCL12	14
GO:0060670	branching involved in labyrinthine layer morphogenesis	4/498	11/12060	0.363636363636364	8.80613362541074	5.3753984047853	0.000751813133403846	0.00674247634650975	0.00479514062609418	SPINT1/ST14/ADM/FZD5	4
GO:1901722	regulation of cell proliferation involved in kidney development	4/498	11/12060	0.363636363636364	8.80613362541074	5.3753984047853	0.000751813133403846	0.00674247634650975	0.00479514062609418	PDGFB/EGR1/GATA3/MYC	4
GO:1901862	negative regulation of muscle tissue development	4/498	11/12060	0.363636363636364	8.80613362541074	5.3753984047853	0.000751813133403846	0.00674247634650975	0.00479514062609418	IGFBP5/YBX3/TWIST1/TGFB1	4
GO:1903826	L-arginine transmembrane transport	4/498	11/12060	0.363636363636364	8.80613362541074	5.3753984047853	0.000751813133403846	0.00674247634650975	0.00479514062609418	SLC7A1/SLC7A2/SLC7A7/SLC38A4	4
GO:0007613	memory	12/498	99/12060	0.121212121212121	2.93537787513691	4.01285493758955	0.000756958697850235	0.00674583780731239	0.00479753124289866	LRRN4/CEBPA/CCND2/NETO1/KCNK2/CEBPB/COMT/SLC8A2/LDLR/ITPR3/FOS/ITGA3	12
GO:0030168	platelet activation	12/498	99/12060	0.121212121212121	2.93537787513691	4.01285493758955	0.000756958697850235	0.00674583780731239	0.00479753124289866	PDGFB/F11R/ADRA2B/PDGFA/CD9/F2RL2/MYL12A/TLR4/ITPR3/SLC7A11/EMILIN1/SH2B3	12
GO:0090263	positive regulation of canonical Wnt signaling pathway	12/498	99/12060	0.121212121212121	2.93537787513691	4.01285493758955	0.000756958697850235	0.00674583780731239	0.00479753124289866	RSPO4/CDH3/SFRP1/TMEM198/LRRK1/EDA/LGR4/PPM1N/ADGRA2/SEMA5A/FZD9/TGFB1	12
GO:0046631	alpha-beta T cell activation	13/498	113/12060	0.115044247787611	2.78601130184455	3.95865659350305	0.000764741437043988	0.00680090812566163	0.00483669636669551	VSIR/GATA3/PRDM1/IL4R/FOSL2/ADA/CEBPB/TLR4/RUNX1/LGALS3/MYC/CARD11/JAK3	13
GO:0060538	skeletal muscle organ development	15/498	142/12060	0.105633802816901	2.55811980315629	3.87611956804419	0.000769251791847688	0.00682670732430522	0.00485504434141263	EGR1/YBX3/HDAC9/TWIST1/ACTA1/MAFF/MYC/POPDC3/SIX1/KLF5/CAV2/FLNB/FOS/TGFB1/CAV1	15
GO:0051046	regulation of secretion	31/498	408/12060	0.0759803921568627	1.84000708717222	3.58233858017962	0.000786918903346523	0.0069689143799498	0.00495617970990251	F2RL1/NPPB/ADRA2B/SLC38A2/XBP1/SYT7/APLN/NRG1/EDN1/ACSL3/PCK2/F2RL2/IL4R/WNK4/ADA/STC1/NKX3-1/NGF/TLR4/DYSF/NPR1/SYTL4/SPX/RHBDF2/CXCL12/VEGFC/RAB27B/TGFB1/LIF/TGFB2/NR1D1	31
GO:0014015	positive regulation of gliogenesis	8/498	49/12060	0.163265306122449	3.95377428079666	4.29971428367586	0.00080922712286778	0.00713667662204807	0.00507548951556857	SPINT1/PRKCH/SLC7A5/NTN1/ETV5/VEGFC/TGFB1/LIF	8
GO:1990874	vascular associated smooth muscle cell proliferation	8/498	49/12060	0.163265306122449	3.95377428079666	4.29971428367586	0.00080922712286778	0.00713667662204807	0.00507548951556857	PDGFB/IGFBP5/XBP1/APLN/EDN1/DDR2/DDIT3/NR4A3	8
GO:0035850	epithelial cell differentiation involved in kidney development	7/498	38/12060	0.184210526315789	4.46100190234623	4.43464756610746	0.000812985123187008	0.00714013021233807	0.00507794565338121	MYO1E/PDGFB/FOXC2/EDN1/GATA3/JAG1/LIF	7
GO:0070169	positive regulation of biomineral tissue development	7/498	38/12060	0.184210526315789	4.46100190234623	4.43464756610746	0.000812985123187008	0.00714013021233807	0.00507794565338121	CCN1/FAM20C/PKDCC/CEBPB/TMEM119/SLC8A1/FZD9	7
GO:0010565	regulation of ketone metabolic process	12/498	100/12060	0.12	2.90602409638554	3.97206762124882	0.000828747505788771	0.0072190755129961	0.00513409028021709	EGR1/EDN1/ADM/AKR1C3/TWIST1/GDF15/TRIB3/PRKAG2/INSIG1/STARD4/CAV1/NR1D1	12
GO:2000106	regulation of leukocyte apoptotic process	9/498	61/12060	0.147540983606557	3.57298044637567	4.18102450575153	0.000830235126167987	0.0072190755129961	0.00513409028021709	ST3GAL1/ADA/LGALS3/MYC/SLC7A11/CXCL12/NR4A3/TGFB2/JAK3	9
GO:0042327	positive regulation of phosphorylation	18/498	189/12060	0.0952380952380952	2.30636833046472	3.75670185705377	0.000830996295560676	0.0072190755129961	0.00513409028021709	PIM1/KIT/SPRY2/PDGFB/XBP1/FGF18/APLN/PDGFA/THBS1/KDR/TNFSF15/NRG1/FLT1/VEGFA/CARD10/PLAUR/DDR2/LIF	18
GO:0050769	positive regulation of neurogenesis	18/498	189/12060	0.0952380952380952	2.30636833046472	3.75670185705377	0.000830996295560676	0.0072190755129961	0.00513409028021709	SPINT1/LRP8/KIT/PRKCH/SLC7A5/LPAR3/PLXNC1/NTN1/NGF/VEGFA/ETV5/PLXND1/CXCL12/VEGFC/SEMA5A/TGFB1/LIF/SEMA7A	18
GO:0043270	positive regulation of monoatomic ion transport	13/498	114/12060	0.114035087719298	2.76157260621433	3.92189132238031	0.000831488503644746	0.0072190755129961	0.00513409028021709	SCN5A/PDGFB/PRSS8/EDN1/LPAR3/THY1/STC1/ADCYAP1R1/FXYD5/LGALS3/ASPH/CXCL12/CAV1	13
GO:0071402	cellular response to lipoprotein particle stimulus	6/498	28/12060	0.214285714285714	5.18932874354561	4.60583506685001	0.000833886610412091	0.0072190755129961	0.00513409028021709	LPL/FUT1/CD9/TLR4/LDLR/TGFB1	6
GO:1904707	positive regulation of vascular associated smooth muscle cell proliferation	6/498	28/12060	0.214285714285714	5.18932874354561	4.60583506685001	0.000833886610412091	0.0072190755129961	0.00513409028021709	PDGFB/IGFBP5/XBP1/EDN1/DDR2/NR4A3	6
GO:0035162	embryonic hemopoiesis	5/498	19/12060	0.263157894736842	6.37285986049461	4.86412662106059	0.000845383941989157	0.00727407440551319	0.00517320460711204	KIT/KDR/GATA3/VEGFA/SH2B3	5
GO:0035335	peptidyl-tyrosine dephosphorylation	5/498	19/12060	0.263157894736842	6.37285986049461	4.86412662106059	0.000845383941989157	0.00727407440551319	0.00517320460711204	DUSP6/DUSP5/DUSP7/DUSP1/TNS2	5
GO:0060713	labyrinthine layer morphogenesis	5/498	19/12060	0.263157894736842	6.37285986049461	4.86412662106059	0.000845383941989157	0.00727407440551319	0.00517320460711204	SPINT1/ST14/CCN1/ADM/FZD5	5
GO:1903038	negative regulation of leukocyte cell-cell adhesion	11/498	87/12060	0.126436781609195	3.06190278354799	4.00571601179727	0.000872146723151525	0.00748916275224447	0.00532617197645913	TNFRSF21/VSIR/KLF4/IL4R/CEBPB/RUNX1/LGALS3/LRRC32/CXCL12/TGFB1/JAK3	11
GO:0072593	reactive oxygen species metabolic process	16/498	159/12060	0.10062893081761	2.43691748124574	3.78523196892524	0.000884532500886754	0.0075801754924477	0.00539089877201795	HK2/PDGFB/F2RL1/CCN1/THBS1/CCN2/EDN1/TXN/CYGB/AKR1C3/GADD45A/TLR4/PID1/PMAIP1/TGFB1/CYP1B1	16
GO:0002695	negative regulation of leukocyte activation	13/498	115/12060	0.11304347826087	2.73755893137768	3.88552066158479	0.000903059467471739	0.00772334326817564	0.00549271738916385	SFRP1/TNFRSF21/VSIR/IL4R/CEBPB/LDLR/RUNX1/LGALS3/LRRC32/RASSF5/TGFB1/NR1D1/JAK3	13
GO:0060350	endochondral bone morphogenesis	8/498	50/12060	0.16	3.87469879518072	4.2272670246529	0.000929205400798151	0.00793096440681239	0.00564037420033358	FGF18/FOXC1/COL13A1/FOSL2/STC1/TRPV4/TMEM119/RUNX2	8
GO:0090101	negative regulation of transmembrane receptor protein serine/threonine kinase signaling pathway	14/498	130/12060	0.107692307692308	2.6079703429101	3.82545700490304	0.000943302693215911	0.00803512053136926	0.00571444835924075	NBL1/MICOS10-NBL1/CDH3/SPRY1/SFRP1/SPRY2/XBP1/SPRED3/GDF15/LRRC32/CAV2/CRIM1/EMILIN1/CAV1	14
GO:0007219	Notch signaling pathway	15/498	145/12060	0.103448275862069	2.50519318653926	3.78427821788849	0.000955692982951238	0.00811188177459957	0.0057690397195966	CHAC1/KIT/HES7/CEBPA/FOXC1/FOXC2/EGFL7/PTP4A3/DLK1/JAG1/S1PR3/SIX1/TGFB1/TGFB2/HEY1	15
GO:0010543	regulation of platelet activation	7/498	39/12060	0.179487179487179	4.3466172381835	4.34432077516304	0.000956138823031538	0.00811188177459957	0.0057690397195966	PDGFB/F11R/PDGFA/CD9/TLR4/EMILIN1/SH2B3	7
GO:0030282	bone mineralization	11/498	88/12060	0.125	3.02710843373494	3.96085367775463	0.000960529894903725	0.00813286988858603	0.00578396612836238	CCN1/FAM20C/LGR4/FOSL2/PKDCC/TWIST1/TMEM119/SLC8A1/DDR2/FZD9/RUNX2	11
GO:0045834	positive regulation of lipid metabolic process	12/498	102/12060	0.117647058823529	2.84904323175053	3.89198997665254	0.000989444103209066	0.00836099977253557	0.00594620842901485	CCN1/XBP1/FUT1/EDN1/ACSL3/ADM/TWIST1/GDF15/LDLR/INSIG1/STARD4/NR1D1	12
GO:0051047	positive regulation of secretion	19/498	208/12060	0.0913461538461538	2.21211770157553	3.65960722356962	0.000999013262041328	0.00842507804687736	0.00599177986608862	F2RL1/NPPB/XBP1/SYT7/APLN/EDN1/ACSL3/PCK2/F2RL2/IL4R/NKX3-1/TLR4/NPR1/SYTL4/CXCL12/VEGFC/RAB27B/TGFB1/TGFB2	19
GO:0010712	regulation of collagen metabolic process	6/498	29/12060	0.206896551724138	5.01038637307852	4.48733184966196	0.00101523785323628	0.00852799796718473	0.006064974856436	VSIR/CYGB/RUNX1/DDR2/EMILIN1/TGFB1	6
GO:0071398	cellular response to fatty acid	6/498	29/12060	0.206896551724138	5.01038637307852	4.48733184966196	0.00101523785323628	0.00852799796718473	0.006064974856436	LPL/EDN1/KCNK2/AKR1C3/PID1/LDLR	6
GO:0042116	macrophage activation	9/498	63/12060	0.142857142857143	3.45955249569707	4.06203702977095	0.00105340525029958	0.00883111674263004	0.00628054804942497	CEBPA/THBS1/IL4R/CTSC/WNK4/TLR4/DYSF/LDLR/NR1D1	9
GO:0071675	regulation of mononuclear cell migration	11/498	89/12060	0.123595505617978	2.99309597942331	3.91662360862849	0.00105618803743557	0.00883298248628144	0.00628187493627202	NBL1/MICOS10-NBL1/SPNS2/CD9/THBS1/TRPV4/DUSP1/LGALS3/EMILIN1/CXCL12/TGFB1	11
GO:0098742	cell-cell adhesion via plasma-membrane adhesion molecules	18/498	193/12060	0.0932642487046632	2.25856795055871	3.65795777529982	0.00105963102019163	0.00883298248628144	0.00628187493627202	CLDN7/MBP/CLDN4/PCDHGB4/CDH3/KLF4/CLDN23/MPZL2/RET/DSC3/PVR/PCDHGB5/FXYD5/PCDH19/PCDHAC2/CLSTN2/TGFB2/ITGA3	18
GO:0120161	regulation of cold-induced thermogenesis	13/498	117/12060	0.111111111111111	2.69076305220884	3.81393072064277	0.00106176272034552	0.00883298248628144	0.00628187493627202	FOXC2/EPAS1/LGR4/IL4R/SCD/PWWP2B/CEBPB/TLR4/VEGFA/EBF2/DDIT3/CAV1/NR1D1	13
GO:1903053	regulation of extracellular matrix organization	8/498	51/12060	0.156862745098039	3.79872430900071	4.15667071810818	0.00106302312650714	0.00883298248628144	0.00628187493627202	ZNF469/TCF15/RUNX1/TIMP3/DDR2/EMILIN1/TGFB1/TGFB2	8
GO:0048534	hematopoietic or lymphoid organ development	10/498	76/12060	0.131578947368421	3.1864299302473	3.96821593017203	0.00108568094100023	0.00883298248628144	0.00628187493627202	SLC40A1/SPNS2/RET/GATA3/LTB/ADA/SIX1/FOXL1/TGFB1/LTBR	10
GO:0002701	negative regulation of production of molecular mediator of immune response	5/498	20/12060	0.25	6.05421686746988	4.69471749410008	0.00108929515688447	0.00883298248628144	0.00628187493627202	BST2/TWIST1/TGFB1/TGFB2/JAK3	5
GO:0003094	glomerular filtration	5/498	20/12060	0.25	6.05421686746988	4.69471749410008	0.00108929515688447	0.00883298248628144	0.00628187493627202	MYO1E/PDGFB/F2RL1/EDN1/MCAM	5
GO:0060402	calcium ion transport into cytosol	5/498	20/12060	0.25	6.05421686746988	4.69471749410008	0.00108929515688447	0.00883298248628144	0.00628187493627202	JPH1/ADCYAP1R1/SLC8A1/ASPH/CAV1	5
GO:1902074	response to salt	5/498	20/12060	0.25	6.05421686746988	4.69471749410008	0.00108929515688447	0.00883298248628144	0.00628187493627202	EDN1/COMT/MAPK13/TGFB1/RUNX2	5
GO:0010649	regulation of cell communication by electrical coupling	4/498	12/12060	0.333333333333333	8.07228915662651	5.08682724743639	0.00109110863338319	0.00883298248628144	0.00628187493627202	IRX3/SLC8A1/ASPH/CAV1	4
GO:0015803	branched-chain amino acid transport	4/498	12/12060	0.333333333333333	8.07228915662651	5.08682724743639	0.00109110863338319	0.00883298248628144	0.00628187493627202	SLC7A7/SLC6A15/SLC7A5/SLC6A17	4
GO:0031952	regulation of protein autophosphorylation	4/498	12/12060	0.333333333333333	8.07228915662651	5.08682724743639	0.00109110863338319	0.00883298248628144	0.00628187493627202	PDGFB/PDGFA/NRG1/VEGFA	4
GO:0060788	ectodermal placode formation	4/498	12/12060	0.333333333333333	8.07228915662651	5.08682724743639	0.00109110863338319	0.00883298248628144	0.00628187493627202	EDA/TBX3/NRG3/SIX1	4
GO:0071697	ectodermal placode morphogenesis	4/498	12/12060	0.333333333333333	8.07228915662651	5.08682724743639	0.00109110863338319	0.00883298248628144	0.00628187493627202	EDA/TBX3/NRG3/SIX1	4
GO:0072079	nephron tubule formation	4/498	12/12060	0.333333333333333	8.07228915662651	5.08682724743639	0.00109110863338319	0.00883298248628144	0.00628187493627202	IRX2/IRX3/GATA3/SIX1	4
GO:0090190	positive regulation of branching involved in ureteric bud morphogenesis	4/498	12/12060	0.333333333333333	8.07228915662651	5.08682724743639	0.00109110863338319	0.00883298248628144	0.00628187493627202	LGR4/VEGFA/SIX1/TGFB1	4
GO:0097531	mast cell migration	4/498	12/12060	0.333333333333333	8.07228915662651	5.08682724743639	0.00109110863338319	0.00883298248628144	0.00628187493627202	KIT/PGF/VEGFA/VEGFC	4
GO:2001212	regulation of vasculogenesis	4/498	12/12060	0.333333333333333	8.07228915662651	5.08682724743639	0.00109110863338319	0.00883298248628144	0.00628187493627202	RAMP2/KDR/ADM/HEY1	4
GO:0002274	myeloid leukocyte activation	14/498	132/12060	0.106060606060606	2.5684556407448	3.76035829369946	0.00109607668719894	0.00885629963256742	0.0062984577153126	KIT/CEBPA/F2RL1/THBS1/IL4R/CTSC/WNK4/TLR4/DYSF/LDLR/TGFB1/NR4A3/NR1D1/LTBR	14
GO:0060828	regulation of canonical Wnt signaling pathway	20/498	226/12060	0.0884955752212389	2.1430856168035	3.60015362840342	0.00110188824862089	0.00888633070465742	0.0063198153302931	SIAH2/RSPO4/CDH3/SFRP1/FERMT1/EGR1/TMEM198/LRRK1/IGFBP6/EDA/LGR4/PPM1N/NKD2/ADGRA2/DDIT3/SEMA5A/FZD9/WNT5B/TGFB1/CAV1	20
GO:0032787	monocarboxylic acid metabolic process	32/498	435/12060	0.0735632183908046	1.78147071042792	3.44520199010159	0.00111704235323416	0.00899144907479943	0.0063945738227686	HK2/MTHFD1L/ATP8B1/KIT/LPL/MTHFD2/CYP2S1/XBP1/SLC1A3/SHMT2/EDN1/ACSL3/ALDH1L2/PCK2/SCD/CYGB/MSMO1/AKR1C3/TWIST1/COMT/GDF15/TRIB3/PRKAG2/INSIG1/ME1/SLC16A3/FADS3/STARD4/ALDOC/CYP1B1/CAV1/NR1D1	32
GO:0034765	regulation of monoatomic ion transmembrane transport	18/498	194/12060	0.0927835051546392	2.24692584772078	3.63365053605206	0.00112452227520689	0.00903451418830992	0.00642520103816378	JPH1/STOM/KCNG1/SCN5A/PTPN3/EDN1/KCNS3/KCNE3/WNK4/THY1/NGF/ADCYAP1R1/FXYD5/SLC8A1/ASPH/FKBP1C/TGFB1/CAV1	18
GO:0031960	response to corticosteroid	12/498	104/12060	0.115384615384615	2.79425393883225	3.81383114656103	0.00117525536326873	0.00942425945365969	0.00670238159611619	CEBPA/SCNN1A/EDN1/PCK2/FOSL2/AKR1C3/STC1/COMT/DUSP1/ZFP36/FOS/TGFB1	12
GO:1990845	adaptive thermogenesis	14/498	133/12060	0.105263157894737	2.54914394419784	3.72825681971518	0.00117993402715873	0.00944057592404137	0.00671398560716211	FOXC2/EPAS1/LGR4/IL4R/SCD/PWWP2B/CEBPB/TLR4/VEGFA/TRPV4/EBF2/DDIT3/CAV1/NR1D1	14
GO:0006821	chloride transport	9/498	64/12060	0.140625	3.40549698795181	4.00433508492197	0.00118192465126311	0.00944057592404137	0.00671398560716211	ATP8B1/CLDN4/SLC1A3/SLC12A8/GABRG3/GABRA5/WNK4/KCNK2/SLC1A4	9
GO:0007179	transforming growth factor beta receptor signaling pathway	17/498	179/12060	0.0949720670391061	2.29992596082655	3.63640688299835	0.00118396661753654	0.00944057592404137	0.00671398560716211	NPNT/CDH3/SPRY1/FERMT1/SPRY2/GCNT2/XBP1/THBS1/SPRED3/GDF15/LRRC32/CAV2/EMILIN1/FOS/TGFB1/TGFB2/ITGA3	17
GO:0001654	eye development	25/498	312/12060	0.0801282051282051	1.94045412418906	3.49290504801373	0.00118964111193846	0.00946802551002431	0.00673350731078431	THRB/SPRY1/SPRY2/KLF4/FOXC1/FOXC2/KDR/GATA3/PRDM1/MEIS2/IRX5/FLT1/EPHA2/SPRED3/TWIST1/THY1/LHX2/VEGFA/JAG1/FOS/WNT5B/TGFB1/FZD5/CYP1B1/TGFB2	25
GO:0072132	mesenchyme morphogenesis	8/498	52/12060	0.153846153846154	3.725671918443	4.0878386775048	0.00121180125030924	0.00962633128054645	0.00684609182611135	FOXC1/FOXC2/TWIST1/ACTA1/TBX3/MYC/TGFB2/HEY1	8
GO:0060317	cardiac epithelial to mesenchymal transition	6/498	30/12060	0.2	4.8433734939759	4.37415572952129	0.00122540931216703	0.00971623607890192	0.00691003067126552	SPRY1/TWIST1/TBX3/JAG1/TGFB2/HEY1	6
GO:0150063	visual system development	25/498	313/12060	0.0798722044728434	1.93425459024597	3.47558377518856	0.00124429632780689	0.0098475839973075	0.00700344319617939	THRB/SPRY1/SPRY2/KLF4/FOXC1/FOXC2/KDR/GATA3/PRDM1/MEIS2/IRX5/FLT1/EPHA2/SPRED3/TWIST1/THY1/LHX2/VEGFA/JAG1/FOS/WNT5B/TGFB1/FZD5/CYP1B1/TGFB2	25
GO:0032103	positive regulation of response to external stimulus	32/498	438/12060	0.0730593607305936	1.76926885624691	3.40352234791552	0.00125015873250693	0.00987555557410505	0.00702333613126507	LPAR1/LPL/PDGFB/CEBPA/F2RL1/FGF18/F3/SMOC2/THBS1/KDR/EDN1/KCNK6/PVR/IRAK1/LGR4/CTSC/PGF/CEBPB/TLR4/VEGFA/LDLR/TRPV4/FOSL1/EMILIN1/MAPK13/CXCL12/VEGFC/SEMA5A/TGFB1/SLC15A3/CAV1/NR1D1	32
GO:1904062	regulation of monoatomic cation transmembrane transport	17/498	180/12060	0.0944444444444444	2.28714859437751	3.61085921104773	0.00125890121247647	0.00992613186491669	0.00705930517502946	JPH1/KCNG1/SCN5A/PTPN3/EDN1/KCNS3/KCNE3/WNK4/THY1/NGF/ADCYAP1R1/FXYD5/SLC8A1/ASPH/FKBP1C/TGFB1/CAV1	17
GO:0051962	positive regulation of nervous system development	20/498	229/12060	0.0873362445414847	2.11501025937812	3.53540941258828	0.00129463605843824	0.010188953914462	0.00724621998532174	SPINT1/LRP8/KIT/PRKCH/SLC7A5/LPAR3/PLXNC1/NTN1/NGF/VEGFA/ETV5/SRPX2/PLXND1/CLSTN2/CXCL12/VEGFC/SEMA5A/TGFB1/LIF/SEMA7A	20
GO:1905314	semi-lunar valve development	7/498	41/12060	0.170731707317073	4.13458712900382	4.17245770645835	0.00130151942695298	0.010224158165064	0.00727125668157358	GATA3/TWIST1/JAG1/EMILIN1/TGFB1/TGFB2/HEY1	7
GO:1901654	response to ketone	16/498	165/12060	0.096969696969697	2.34830230010953	3.6191023117797	0.00131361675331858	0.0103001150971856	0.00732527602881809	CLDN4/SFRP1/CEBPA/SCNN1A/THBS1/EDN1/PCK2/TNC/AKR1C3/NKX3-1/COMT/DUSP1/FOS/TGFB1/CAV1/TGFB2	16
GO:0051781	positive regulation of cell division	9/498	65/12060	0.138461538461538	3.3531047265987	3.94776820365317	0.00132281663877203	0.0103531147263302	0.00736296851178996	PDGFB/TGFA/PDGFA/PGF/NKX3-1/VEGFA/VEGFC/TGFB1/TGFB2	9
GO:0014013	regulation of gliogenesis	10/498	78/12060	0.128205128205128	3.1047265987025	3.87018895957472	0.00132986853420868	0.0103891387147573	0.00738858819238556	SPINT1/PRKCH/SLC7A5/NTN1/ETV5/LDLR/VEGFC/TGFB1/LIF/NR1D1	10
GO:0106106	cold-induced thermogenesis	13/498	120/12060	0.108333333333333	2.62349397590361	3.70930869491079	0.00134306915914952	0.0104729767888093	0.00744821248088725	FOXC2/EPAS1/LGR4/IL4R/SCD/PWWP2B/CEBPB/TLR4/VEGFA/EBF2/DDIT3/CAV1/NR1D1	13
GO:0007369	gastrulation	15/498	150/12060	0.1	2.42168674698795	3.63619780367186	0.00135105323945483	0.0105159042968209	0.00747874183346698	MBP/SFRP1/KLF4/DUSP5/APLN/FOXC1/FOXC2/EPHA2/GSC/TXNRD1/DUSP1/DUSP4/WNT5B/NR4A3/ITGA3	15
GO:0003208	cardiac ventricle morphogenesis	8/498	53/12060	0.150943396226415	3.65537622186861	4.02068988990299	0.00137670719145502	0.0106566747518519	0.00757885551472928	FOXC1/FOXC2/NRG1/GATA3/JAG1/TGFB1/TGFB2/HEY1	8
GO:0120192	tight junction assembly	8/498	53/12060	0.150943396226415	3.65537622186861	4.02068988990299	0.00137670719145502	0.0106566747518519	0.00757885551472928	CLDN7/CLDN4/RAMP2/PRKCH/F11R/CLDN23/EPHA2/FZD5	8
GO:0032620	interleukin-17 production	5/498	21/12060	0.238095238095238	5.76592082616179	4.5364392558942	0.00138169993246547	0.0106566747518519	0.00757885551472928	VSIR/SLC7A5/TLR4/DDIT3/TGFB1	5
GO:0032660	regulation of interleukin-17 production	5/498	21/12060	0.238095238095238	5.76592082616179	4.5364392558942	0.00138169993246547	0.0106566747518519	0.00757885551472928	VSIR/SLC7A5/TLR4/DDIT3/TGFB1	5
GO:0045776	negative regulation of blood pressure	5/498	21/12060	0.238095238095238	5.76592082616179	4.5364392558942	0.00138169993246547	0.0106566747518519	0.00757885551472928	ADM2/NPPB/APLN/KCNK6/VEGFC	5
GO:0030278	regulation of ossification	11/498	92/12060	0.119565217391304	2.89549502357255	3.78756075920348	0.00139139212249025	0.0107119516943805	0.0076181675863159	SFRP1/CCN1/FAM20C/PKDCC/TWIST1/TMEM119/SLC8A1/DDR2/FZD9/TGFB1/RUNX2	11
GO:0008361	regulation of cell size	15/498	151/12060	0.0993377483443709	2.40564908641187	3.60729431312634	0.00144469825332872	0.0111021920119935	0.00789570021746779	DCC/IFRD1/RAP1GAP2/EDN1/RET/SLC12A8/LPAR3/PLXNA4/NTN1/NGF/VEGFA/TRPV4/CXCL12/SEMA5A/SEMA7A	15
GO:0003170	heart valve development	9/498	66/12060	0.136363636363636	3.30230010952903	3.89229471110151	0.00147693305941228	0.0112926275328595	0.00803113489396146	CCN1/GATA3/PRDM1/TWIST1/JAG1/EMILIN1/TGFB1/TGFB2/HEY1	9
GO:0051899	membrane depolarization	9/498	66/12060	0.136363636363636	3.30230010952903	3.89229471110151	0.00147693305941228	0.0112926275328595	0.00803113489396146	SCN5A/KCNQ3/PTPN3/KDR/EDN1/SLC8A1/GCLM/FZD9/CAV1	9
GO:0002697	regulation of immune effector process	19/498	215/12060	0.0883720930232558	2.14009526478005	3.50063375171301	0.001477465412715	0.0112926275328595	0.00803113489396146	DDX21/KIT/F2RL1/XBP1/SLC7A5/ULBP1/BST2/GATA3/PVR/IL4R/TWIST1/TLR4/LGALS3/TGFB1/SEMA7A/FZD5/NR4A3/TGFB2/JAK3	19
GO:0001952	regulation of cell-matrix adhesion	12/498	107/12060	0.11214953271028	2.71591037045378	3.70000119663959	0.00150752191629854	0.011469595397764	0.00815699159035993	SEMA3E/SFRP1/FERMT1/EPHA1/AJAP1/FUT1/THBS1/KDR/THY1/VEGFA/JAG1/DLC1	12
GO:0001906	cell killing	11/498	93/12060	0.118279569892473	2.86436066848037	3.74569660588293	0.00152081454040667	0.011469595397764	0.00815699159035993	PIM1/F2RL1/NPPB/SFN/ULBP1/PVR/CTSC/MICB/LGALS3/CXCL12/TGFB1	11
GO:0035860	glial cell-derived neurotrophic factor receptor signaling pathway	4/498	13/12060	0.307692307692308	7.45134383688601	4.8298789524737	0.00152495327777908	0.011469595397764	0.00815699159035993	RET/GATA3/GDF15/DDIT3	4
GO:0042481	regulation of odontogenesis	4/498	13/12060	0.307692307692308	7.45134383688601	4.8298789524737	0.00152495327777908	0.011469595397764	0.00815699159035993	EDN1/SP6/TGFB1/RUNX2	4
GO:0043117	positive regulation of vascular permeability	4/498	13/12060	0.307692307692308	7.45134383688601	4.8298789524737	0.00152495327777908	0.011469595397764	0.00815699159035993	PTP4A3/VEGFA/TRPV4/TGFB1	4
GO:0043129	surfactant homeostasis	4/498	13/12060	0.307692307692308	7.45134383688601	4.8298789524737	0.00152495327777908	0.011469595397764	0.00815699159035993	KDR/EPAS1/VEGFA/TGFB1	4
GO:1900748	positive regulation of vascular endothelial growth factor signaling pathway	4/498	13/12060	0.307692307692308	7.45134383688601	4.8298789524737	0.00152495327777908	0.011469595397764	0.00815699159035993	JCAD/CCBE1/SMOC2/VEGFA	4
GO:1903587	regulation of blood vessel endothelial cell proliferation involved in sprouting angiogenesis	4/498	13/12060	0.307692307692308	7.45134383688601	4.8298789524737	0.00152495327777908	0.011469595397764	0.00815699159035993	JCAD/THBS1/VEGFA/HMOX1	4
GO:1990822	basic amino acid transmembrane transport	4/498	13/12060	0.307692307692308	7.45134383688601	4.8298789524737	0.00152495327777908	0.011469595397764	0.00815699159035993	SLC7A1/SLC7A2/SLC7A7/SLC38A4	4
GO:0062012	regulation of small molecule metabolic process	21/498	249/12060	0.0843373493975904	2.04238641312237	3.44936313235893	0.00153563363288806	0.0115294829570109	0.00819958265832728	KIT/IGFBP3/SLC7A7/EGR1/EDN1/ADM/AKR1C3/TWIST1/ADCYAP1R1/GDF15/TRIB3/PRKAG2/PID1/LDLR/INSIG1/PMAIP1/ME1/SLC7A11/STARD4/CAV1/NR1D1	21
GO:0048880	sensory system development	25/498	318/12060	0.0786163522012579	1.90384178222323	3.38991471496574	0.00155131033227472	0.0116266049991331	0.00826865429105328	THRB/SPRY1/SPRY2/KLF4/FOXC1/FOXC2/KDR/GATA3/PRDM1/MEIS2/IRX5/FLT1/EPHA2/SPRED3/TWIST1/THY1/LHX2/VEGFA/JAG1/FOS/WNT5B/TGFB1/FZD5/CYP1B1/TGFB2	25
GO:0003179	heart valve morphogenesis	8/498	54/12060	0.148148148148148	3.58768406961178	3.95514854458083	0.0015589536914701	0.0116427492239721	0.0082801358038423	CCN1/GATA3/TWIST1/JAG1/EMILIN1/TGFB1/TGFB2/HEY1	8
GO:0007193	adenylate cyclase-inhibiting G protein-coupled receptor signaling pathway	8/498	54/12060	0.148148148148148	3.58768406961178	3.95514854458083	0.0015589536914701	0.0116427492239721	0.0082801358038423	LPAR1/APLN/EDN1/GPR176/OPRD1/S1PR3/GRM4/CXCL12	8
GO:0007605	sensory perception of sound	12/498	108/12060	0.111111111111111	2.69076305220884	3.6629262170796	0.00163413735385817	0.0121827955273574	0.00866420804025069	ATP8B1/MBP/THRB/KIT/LRIG3/SPRY2/SPNS2/KCNQ3/SLC1A3/MYC/SIX1/DDIT3	12
GO:0071396	cellular response to lipid	31/498	427/12060	0.0725995316159251	1.75813323551819	3.31030069976881	0.00163761032402943	0.0121872684114612	0.0086673890834134	FKBP4/LPAR1/LRP8/PIM1/SFRP1/LPL/KLF4/XBP1/SLC7A5/SCNN1A/EDN1/RET/PCK2/TRIB1/IRAK1/KCNK2/TNC/AKR1C3/STC1/CEBPB/NKX3-1/TLR4/PID1/LDLR/INSIG1/ZFP36/FOS/WNT5B/TGFB1/NR4A3/NR1D1	31
GO:1990823	response to leukemia inhibitory factor	11/498	94/12060	0.117021276595745	2.83388874647526	3.70438613038657	0.00165992858018502	0.0123317286114621	0.00877012685189465	HK2/SPRY4/SPRY2/KLF4/XBP1/PCOLCE2/PTP4A3/FOSL2/GCLM/KLF5/VEGFC	11
GO:0050890	cognition	21/498	251/12060	0.0836653386454183	2.02611241779868	3.40940881168879	0.00169526439007008	0.0125722229767085	0.00894116257258161	NPTX2/LRRN4/KIT/CEBPA/CCND2/SHANK2/MEIS2/NETO1/GABRA5/KCNK2/CEBPB/COMT/SLC8A2/LDLR/SLC1A4/ITPR3/SLC7A11/CLSTN2/FZD9/FOS/ITGA3	21
GO:0072010	glomerular epithelium development	5/498	22/12060	0.227272727272727	5.50383351588171	4.38803755483791	0.00172811436162963	0.0127934749075618	0.00909851338372466	MYO1E/FOXC1/FOXC2/EDN1/JAG1	5
GO:0046394	carboxylic acid biosynthetic process	19/498	218/12060	0.0871559633027523	2.11064441251244	3.43435030234418	0.0017355023153939	0.0127957852568199	0.00910015646692123	BCAT1/MTHFD1L/LPL/MTHFD2/XBP1/SLC1A3/SHMT2/EDN1/ASNS/GLS/SCD/PYCR1/AKR1C3/TRIB3/PRKAG2/INSIG1/FADS3/STARD4/NR1D1	19
GO:0060038	cardiac muscle cell proliferation	7/498	43/12060	0.162790697674419	3.94228075091062	4.01119840726505	0.00173747579159082	0.0127957852568199	0.00910015646692123	PIM1/FOXC1/FOXC2/NRG1/KCNK2/RUNX1/TGFB2	7
GO:0070613	regulation of protein processing	7/498	43/12060	0.162790697674419	3.94228075091062	4.01119840726505	0.00173747579159082	0.0127957852568199	0.00910015646692123	CHAC1/SPON1/CCBE1/THBS1/RUNX1/NKD2/PLAUR	7
GO:0006023	aminoglycan biosynthetic process	6/498	32/12060	0.1875	4.54066265060241	4.1621398213289	0.00174391278894811	0.0127987509527991	0.00910226562215497	PDGFB/GCNT2/HS3ST3B1/HS3ST3A1/B3GNT7/TGFB1	6
GO:0070306	lens fiber cell differentiation	6/498	32/12060	0.1875	4.54066265060241	4.1621398213289	0.00174391278894811	0.0127987509527991	0.00910226562215497	SPRY1/SPRY2/EPHA2/SPRED3/WNT5B/TGFB1	6
GO:0048332	mesoderm morphogenesis	8/498	55/12060	0.145454545454545	3.52245345016429	3.8911436087784	0.00175979748497295	0.0128930240608899	0.00916931113886459	KLF4/FOXC1/FOXC2/EPHA2/TXNRD1/TBX3/NR4A3/ITGA3	8
GO:0045859	regulation of protein kinase activity	17/498	186/12060	0.0913978494623656	2.21336960746211	3.46102629444042	0.00179809221068141	0.0131508744098458	0.00935269015574032	PIM1/PDGFB/FGF18/SFN/TRIB2/TNFSF15/NRG1/TRIB1/FLT1/GPRC5A/DUSP7/THY1/GADD45A/TRIB3/CARD10/DUSP1/DDR2	17
GO:0046634	regulation of alpha-beta T cell activation	9/498	68/12060	0.132352941176471	3.20517363571935	3.78447180871781	0.00182840149117975	0.0132895269296653	0.00945129759557823	VSIR/GATA3/PRDM1/IL4R/ADA/RUNX1/LGALS3/CARD11/JAK3	9
GO:0050772	positive regulation of axonogenesis	9/498	68/12060	0.132352941176471	3.20517363571935	3.78447180871781	0.00182840149117975	0.0132895269296653	0.00945129759557823	LPAR3/PLXNC1/NTN1/NGF/VEGFA/PLXND1/CXCL12/SEMA5A/SEMA7A	9
GO:0060419	heart growth	9/498	68/12060	0.132352941176471	3.20517363571935	3.78447180871781	0.00182840149117975	0.0132895269296653	0.00945129759557823	PIM1/DUSP6/FOXC1/FOXC2/NRG1/EDN1/KCNK2/RUNX1/TGFB2	9
GO:0016053	organic acid biosynthetic process	19/498	219/12060	0.0867579908675799	2.1010067667932	3.41249238924328	0.0018295812651873	0.0132895269296653	0.00945129759557823	BCAT1/MTHFD1L/LPL/MTHFD2/XBP1/SLC1A3/SHMT2/EDN1/ASNS/GLS/SCD/PYCR1/AKR1C3/TRIB3/PRKAG2/INSIG1/FADS3/STARD4/NR1D1	19
GO:0048545	response to steroid hormone	21/498	253/12060	0.08300395256917	2.01009571884375	3.36982110420039	0.00186881430398306	0.0135512996196515	0.00963746611824644	FKBP4/CLDN4/SFRP1/CEBPA/SCNN1A/THBS1/EDN1/PCK2/FOSL2/AKR1C3/STC1/NKX3-1/COMT/DUSP1/ZFP36/FOS/TGFB1/CAV1/NR4A3/TGFB2/NR1D1	21
GO:0000302	response to reactive oxygen species	15/498	155/12060	0.0967741935483871	2.34356781966576	3.49393305095464	0.00187553399287175	0.0135768177436211	0.0096556141971806	KLF4/EDN1/TXN/CYGB/ADCYAP1R1/DUSP1/PLK3/SLC8A1/DDR2/TXNRD2/MAPK13/FOS/CYP1B1/HMOX1/NR4A3	15
GO:0001934	positive regulation of protein phosphorylation	16/498	171/12060	0.0935672514619883	2.26590572817586	3.46003580644041	0.00190643284494726	0.0137769814791589	0.00979796742332798	PIM1/KIT/SPRY2/PDGFB/XBP1/FGF18/PDGFA/KDR/TNFSF15/NRG1/FLT1/VEGFA/CARD10/PLAUR/DDR2/LIF	16
GO:0017015	regulation of transforming growth factor beta receptor signaling pathway	13/498	125/12060	0.104	2.51855421686747	3.54183180411668	0.00194843329082354	0.014056554455227	0.00999679522287912	NPNT/CDH3/SPRY1/FERMT1/SPRY2/XBP1/THBS1/SPRED3/GDF15/LRRC32/CAV2/EMILIN1/ITGA3	13
GO:0098656	monoatomic anion transmembrane transport	10/498	82/12060	0.121951219512195	2.95327652071701	3.68325967185219	0.00195242878678247	0.0140614650484401	0.0100002875577135	CLDN4/SLC39A14/SLC1A3/SLC4A7/SLC12A8/GABRG3/GABRA5/ABCC3/KCNK2/SLC1A4	10
GO:0046718	symbiont entry into host cell	11/498	96/12060	0.114583333333333	2.77484939759036	3.62337061775797	0.00196938332579139	0.0141595323186561	0.0100700314214418	TRIM38/SLC1A5/SLC7A1/F11R/TPCN1/PVR/EPHA2/LDLR/ANPEP/CAV2/CAV1	11
GO:0002690	positive regulation of leukocyte chemotaxis	8/498	56/12060	0.142857142857143	3.45955249569707	3.82860844508961	0.00198053779373352	0.0142156367529909	0.0101099319918787	F2RL1/THBS1/EDN1/PGF/VEGFA/TRPV4/CXCL12/VEGFC	8
GO:0034612	response to tumor necrosis factor	16/498	172/12060	0.0930232558139535	2.25273185766321	3.43416994922318	0.00202423419484875	0.0143895325388168	0.0102336038750959	NPNT/SFRP1/TNFRSF21/CEBPA/F2RL1/THBS1/EDN1/GATA3/PCK2/YBX3/NKX3-1/PID1/CXCL16/ZFP36/FOS/NR1D1	16
GO:0045926	negative regulation of growth	16/498	172/12060	0.0930232558139535	2.25273185766321	3.43416994922318	0.00202423419484875	0.0143895325388168	0.0102336038750959	DCC/SFRP1/IFRD1/IGFBP5/NPPB/WWC1/BST2/STC2/MT2A/KCNK2/NTN1/GDF15/NPR1/SEMA5A/TGFB1/TGFB2	16
GO:0006939	smooth muscle contraction	9/498	69/12060	0.130434782608696	3.15872184389733	3.73204925145359	0.00202761024886997	0.0143895325388168	0.0102336038750959	NPNT/KIT/ADRA2B/EDN1/ADA/TBX3/SPX/SLC8A1/CAV1	9
GO:0003180	aortic valve morphogenesis	6/498	33/12060	0.181818181818182	4.40306681270537	4.06258655233445	0.00205833965569567	0.0143895325388168	0.0102336038750959	GATA3/TWIST1/JAG1/EMILIN1/TGFB1/HEY1	6
GO:0030501	positive regulation of bone mineralization	6/498	33/12060	0.181818181818182	4.40306681270537	4.06258655233445	0.00205833965569567	0.0143895325388168	0.0102336038750959	CCN1/FAM20C/PKDCC/TMEM119/SLC8A1/FZD9	6
GO:0048483	autonomic nervous system development	6/498	33/12060	0.181818181818182	4.40306681270537	4.06258655233445	0.00205833965569567	0.0143895325388168	0.0102336038750959	KIF26A/RET/GATA3/GBX2/PLXNA4/SIX1	6
GO:0048701	embryonic cranial skeleton morphogenesis	6/498	33/12060	0.181818181818182	4.40306681270537	4.06258655233445	0.00205833965569567	0.0143895325388168	0.0102336038750959	MTHFD1L/FOXC2/IRX5/TWIST1/SIX1/RUNX2	6
GO:1905517	macrophage migration	6/498	33/12060	0.181818181818182	4.40306681270537	4.06258655233445	0.00205833965569567	0.0143895325388168	0.0102336038750959	TRIM55/CD9/THBS1/TRPV4/LGALS3/EMILIN1	6
GO:2000648	positive regulation of stem cell proliferation	6/498	33/12060	0.181818181818182	4.40306681270537	4.06258655233445	0.00205833965569567	0.0143895325388168	0.0102336038750959	KDR/EPCAM/TBX3/VEGFC/TGFB1/RUNX2	6
GO:0002699	positive regulation of immune effector process	14/498	141/12060	0.099290780141844	2.40451166367598	3.48151950801998	0.00206490530927046	0.0143895325388168	0.0102336038750959	DDX21/KIT/F2RL1/XBP1/SLC7A5/ULBP1/GATA3/PVR/IL4R/TLR4/TGFB1/SEMA7A/FZD5/NR4A3	14
GO:0003205	cardiac chamber development	14/498	141/12060	0.099290780141844	2.40451166367598	3.48151950801998	0.00206490530927046	0.0143895325388168	0.0102336038750959	SCN5A/CCN1/FOXC1/FOXC2/NRG1/GATA3/PRDM1/KCNK2/TBX3/JAG1/PLXND1/TGFB1/TGFB2/HEY1	14
GO:0046890	regulation of lipid biosynthetic process	14/498	141/12060	0.099290780141844	2.40451166367598	3.48151950801998	0.00206490530927046	0.0143895325388168	0.0102336038750959	PDGFB/EGR1/CCN1/XBP1/PDGFA/EDN1/ACSL3/ADM/AKR1C3/TRIB3/LDLR/INSIG1/STARD4/NR1D1	14
GO:0031268	pseudopodium organization	4/498	14/12060	0.285714285714286	6.91910499139415	4.59888413780058	0.00206582397834499	0.0143895325388168	0.0102336038750959	CDC42EP3/KIT/F2RL1/RAB25	4
GO:0032689	negative regulation of type II interferon production	4/498	14/12060	0.285714285714286	6.91910499139415	4.59888413780058	0.00206582397834499	0.0143895325388168	0.0102336038750959	VSIR/GATA3/TLR4/DDIT3	4
GO:0035809	regulation of urine volume	4/498	14/12060	0.285714285714286	6.91910499139415	4.59888413780058	0.00206582397834499	0.0143895325388168	0.0102336038750959	NPPB/EDN1/ADM/NPR1	4
GO:0071071	regulation of phospholipid biosynthetic process	4/498	14/12060	0.285714285714286	6.91910499139415	4.59888413780058	0.00206582397834499	0.0143895325388168	0.0102336038750959	PDGFB/XBP1/PDGFA/ACSL3	4
GO:0071696	ectodermal placode development	4/498	14/12060	0.285714285714286	6.91910499139415	4.59888413780058	0.00206582397834499	0.0143895325388168	0.0102336038750959	EDA/TBX3/NRG3/SIX1	4
GO:0090189	regulation of branching involved in ureteric bud morphogenesis	4/498	14/12060	0.285714285714286	6.91910499139415	4.59888413780058	0.00206582397834499	0.0143895325388168	0.0102336038750959	LGR4/VEGFA/SIX1/TGFB1	4
GO:0042594	response to starvation	18/498	205/12060	0.0878048780487805	2.12635909491625	3.37564570134369	0.00209208228837754	0.0145485460119631	0.0103466916971355	PIM1/SFRP1/YARS1/PRKCH/SLC38A2/XBP1/SLC7A5/ASNS/PCK2/AKR1C3/COMT/PRKAG2/PMAIP1/ZFP36/UPP1/DDIT3/FOS/CAV1	18
GO:0051051	negative regulation of transport	23/498	290/12060	0.0793103448275862	1.9206481096801	3.29350456509553	0.00210437011721624	0.0146055322325437	0.0103872193797539	FERMT1/F2RL1/ADRA2B/THBS1/TBC1D4/NRG1/EDN1/KCNE3/TXN/PKDCC/WNK4/ADA/STC1/DYSF/PID1/SYTL4/INSIG1/LGALS3/SPX/RHBDF2/TGFB1/LIF/CAV1	23
GO:0001701	in utero embryonic development	27/498	361/12060	0.074792243767313	1.81123385508794	3.24772414168512	0.00211060614298663	0.0146055322325437	0.0103872193797539	SPINT1/MYO1E/PDGFB/ST14/ELF3/CEBPA/CCN1/KLF4/FOXC1/EDN1/GATA3/DSC3/PRDM1/EPAS1/YBX3/ADM/ADA/TWIST1/CEBPB/LMAN1/VEGFA/MAFF/TBX3/FOSL1/LIF/FZD5/HEY1	27
GO:0002694	regulation of leukocyte activation	27/498	361/12060	0.074792243767313	1.81123385508794	3.24772414168512	0.00211060614298663	0.0146055322325437	0.0103872193797539	SLC7A1/SFRP1/TNFRSF21/CEBPA/VSIR/XBP1/THBS1/GATA3/PRDM1/IL4R/CTSC/ADA/THY1/CEBPB/TLR4/LDLR/RUNX1/LGALS3/LRRC32/CARD11/BID/RASSF5/TGFB1/CAV1/NR4A3/NR1D1/JAK3	27
GO:0035886	vascular associated smooth muscle cell differentiation	5/498	23/12060	0.217391304347826	5.26453640649555	4.24844940450858	0.00213417018884069	0.0146728524166324	0.0104350964108461	RAMP2/KIT/PDGFB/ADM/VEGFA	5
GO:0060669	embryonic placenta morphogenesis	5/498	23/12060	0.217391304347826	5.26453640649555	4.24844940450858	0.00213417018884069	0.0146728524166324	0.0104350964108461	SPINT1/ST14/CCN1/ADM/FZD5	5
GO:0061436	establishment of skin barrier	5/498	23/12060	0.217391304347826	5.26453640649555	4.24844940450858	0.00213417018884069	0.0146728524166324	0.0104350964108461	CLDN4/KLF4/SFN/GRHL1/UGCG	5
GO:1904752	regulation of vascular associated smooth muscle cell migration	5/498	23/12060	0.217391304347826	5.26453640649555	4.24844940450858	0.00213417018884069	0.0146728524166324	0.0104350964108461	PDGFB/IGFBP5/XBP1/DDR2/NR4A3	5
GO:0030500	regulation of bone mineralization	8/498	57/12060	0.140350877192982	3.39885859226379	3.76748046574772	0.00222251465050214	0.0152063018506937	0.0108144770599985	CCN1/FAM20C/PKDCC/TWIST1/TMEM119/SLC8A1/DDR2/FZD9	8
GO:0043297	apical junction assembly	8/498	57/12060	0.140350877192982	3.39885859226379	3.76748046574772	0.00222251465050214	0.0152063018506937	0.0108144770599985	CLDN7/CLDN4/RAMP2/PRKCH/F11R/CLDN23/EPHA2/FZD5	8
GO:0061180	mammary gland epithelium development	8/498	57/12060	0.140350877192982	3.39885859226379	3.76748046574772	0.00222251465050214	0.0152063018506937	0.0108144770599985	IRF6/GATA3/EPHA2/NTN1/CEBPB/ETV5/TBX3/TGFB1	8
GO:0048639	positive regulation of developmental growth	13/498	127/12060	0.102362204724409	2.4788919457357	3.47710111547843	0.00224648888143215	0.0153209097026289	0.010895984319148	PIM1/NRG1/EDN1/YBX3/UNC13A/LPAR3/NTN1/NGF/VEGFA/CXCL12/CACNG7/SEMA5A/SEMA7A	13
GO:1903844	regulation of cellular response to transforming growth factor beta stimulus	13/498	127/12060	0.102362204724409	2.4788919457357	3.47710111547843	0.00224648888143215	0.0153209097026289	0.010895984319148	NPNT/CDH3/SPRY1/FERMT1/SPRY2/XBP1/THBS1/SPRED3/GDF15/LRRC32/CAV2/EMILIN1/ITGA3	13
GO:0071356	cellular response to tumor necrosis factor	15/498	158/12060	0.0949367088607595	2.29906969650755	3.41118174611796	0.00226479392833955	0.015410703997707	0.0109598445761503	NPNT/SFRP1/TNFRSF21/CEBPA/F2RL1/THBS1/EDN1/GATA3/PCK2/YBX3/NKX3-1/PID1/ZFP36/FOS/NR1D1	15
GO:0019216	regulation of lipid metabolic process	20/498	240/12060	0.0833333333333333	2.01807228915663	3.3062016295061	0.00226692109725817	0.015410703997707	0.0109598445761503	KIT/PDGFB/EGR1/CCN1/XBP1/FUT1/PDGFA/EDN1/ACSL3/ADM/AKR1C3/TWIST1/GDF15/TRIB3/PRKAG2/LDLR/INSIG1/STARD4/CAV1/NR1D1	20
GO:0061005	cell differentiation involved in kidney development	7/498	45/12060	0.155555555555556	3.76706827309237	3.85938478670597	0.0022790946302975	0.0154686710747552	0.0110010698280971	MYO1E/PDGFB/FOXC2/EDN1/GATA3/JAG1/LIF	7
GO:1903076	regulation of protein localization to plasma membrane	11/498	98/12060	0.112244897959184	2.7182198180477	3.54440792681724	0.00232422482927222	0.015749779114653	0.0112009893403299	PRKCH/SFN/ACSL3/EPHA2/PKDCC/WNK4/PID1/LGALS3/NKD2/TGFB1/ITGA3	11
GO:0042476	odontogenesis	10/498	84/12060	0.119047619047619	2.88296041308089	3.59400581467795	0.00234186781131798	0.0158440243311178	0.0112680150209642	SCN5A/FAM20C/FOXC1/EDN1/EDA/TNC/SP6/TGFB1/RUNX2/TGFB2	10
GO:0008277	regulation of G protein-coupled receptor signaling pathway	12/498	113/12060	0.106194690265487	2.5717027401642	3.48364616111447	0.00240553815449096	0.0162333479793822	0.0115448957316334	RAMP2/SLC39A14/APLN/EDN1/RGS16/ADM/RGS20/ADA/RGS10/CAV2/GRK5/SH2B3	12
GO:0050770	regulation of axonogenesis	13/498	128/12060	0.1015625	2.45952560240964	3.44519585892449	0.00240900273511896	0.0162333479793822	0.0115448957316334	DCC/IFRD1/RET/LPAR3/PLXNC1/THY1/NTN1/NGF/VEGFA/PLXND1/CXCL12/SEMA5A/SEMA7A	13
GO:0045773	positive regulation of axon extension	6/498	34/12060	0.176470588235294	4.2735648476258	3.96692184014652	0.002413754730592	0.0162333479793822	0.0115448957316334	NTN1/NGF/VEGFA/CXCL12/SEMA5A/SEMA7A	6
GO:0045862	positive regulation of proteolysis	16/498	175/12060	0.0914285714285714	2.21411359724613	3.35762809893292	0.00241472007896986	0.0162333479793822	0.0115448957316334	MBP/SPON1/CCBE1/CEBPA/VSIR/XBP1/TRIB2/HERPUD1/PRSS22/TRIB1/CTSC/TRIB3/PLK3/NKD2/ASPH/CAV1	16
GO:0003012	muscle system process	24/498	311/12060	0.0771704180064309	1.86882578545694	3.22156041851896	0.00244005878676278	0.0163777363503919	0.0116475824164925	JPH1/NPNT/KIT/SCN5A/PDGFB/IGFBP5/ADRA2B/KLF4/APLN/EDN1/KCNE3/ADA/STC1/ACTA1/TRPV4/TBX3/SPX/SLC8A1/ASPH/FKBP1C/DDIT3/CAV1/HMOX1/NR4A3	24
GO:0003002	regionalization	23/498	294/12060	0.0782312925170068	1.89451684288173	3.22256437665343	0.00250645301943094	0.0167967989074661	0.0119456129603211	NBL1/MICOS10-NBL1/SPRY1/SFRP1/IRX2/HES7/PLXNA2/FOXC1/FOXC2/IRX3/EDN1/GBX2/TCF15/NKX3-1/LHX2/MICAL2/GSC/TBX3/SIX1/DDIT3/BHLHE40/FZD5/HEY1	23
GO:0050680	negative regulation of epithelial cell proliferation	11/498	99/12060	0.111111111111111	2.69076305220884	3.50566519826018	0.00252013309569996	0.0168618368958348	0.0119918669305597	SFRP1/IRF6/SFN/THBS1/GATA3/FLT1/NKX3-1/CAV2/TGFB1/CAV1/TGFB2	11
GO:0071887	leukocyte apoptotic process	10/498	85/12060	0.117647058823529	2.84904323175053	3.55036173021826	0.00255871798485022	0.0170930420342278	0.0121562963026618	ST3GAL1/TNFRSF21/ADA/LGALS3/MYC/SLC7A11/CXCL12/NR4A3/TGFB2/JAK3	10
GO:0042310	vasoconstriction	7/498	46/12060	0.152173913043478	3.68517548454688	3.78670621048703	0.00259450014991207	0.0172235831548153	0.0122491350459567	ADRA2B/APLN/EDN1/ADM/SLC8A1/ADRA1D/CAV1	7
GO:0070542	response to fatty acid	7/498	46/12060	0.152173913043478	3.68517548454688	3.78670621048703	0.00259450014991207	0.0172235831548153	0.0122491350459567	LPL/EDN1/SCD/KCNK2/AKR1C3/PID1/LDLR	7
GO:1903317	regulation of protein maturation	7/498	46/12060	0.152173913043478	3.68517548454688	3.78670621048703	0.00259450014991207	0.0172235831548153	0.0122491350459567	CHAC1/SPON1/CCBE1/THBS1/RUNX1/NKD2/PLAUR	7
GO:2000242	negative regulation of reproductive process	7/498	46/12060	0.152173913043478	3.68517548454688	3.78670621048703	0.00259450014991207	0.0172235831548153	0.0122491350459567	KIT/ARHGDIB/YBX3/ADA/NKX3-1/DUSP1/LIF	7
GO:1903055	positive regulation of extracellular matrix organization	5/498	24/12060	0.208333333333333	5.04518072289157	4.11676708674093	0.00260557937365447	0.0172431633432797	0.0122630601607582	RUNX1/DDR2/EMILIN1/TGFB1/TGFB2	5
GO:1903077	negative regulation of protein localization to plasma membrane	5/498	24/12060	0.208333333333333	5.04518072289157	4.11676708674093	0.00260557937365447	0.0172431633432797	0.0122630601607582	SFN/PKDCC/WNK4/PID1/TGFB1	5
GO:0007548	sex differentiation	17/498	193/12060	0.0880829015544041	2.13309195330545	3.29326876541179	0.00266059676502765	0.0175798309614444	0.0125024927505644	FKBP4/SFRP1/KIT/FOXC1/KDR/GATA3/YBX3/IRX5/LGR4/AKR1C3/CEBPB/NKX3-1/ADCYAP1R1/VEGFA/ZFP42/TBX3/TGFB2	17
GO:0010544	negative regulation of platelet activation	4/498	15/12060	0.266666666666667	6.45783132530121	4.38951132085044	0.00272597473877186	0.0177947966037601	0.0126553728545067	PDGFB/PDGFA/CD9/SH2B3	4
GO:0032633	interleukin-4 production	4/498	15/12060	0.266666666666667	6.45783132530121	4.38951132085044	0.00272597473877186	0.0177947966037601	0.0126553728545067	SLC7A5/GATA3/CEBPB/DDIT3	4
GO:0032673	regulation of interleukin-4 production	4/498	15/12060	0.266666666666667	6.45783132530121	4.38951132085044	0.00272597473877186	0.0177947966037601	0.0126553728545067	SLC7A5/GATA3/CEBPB/DDIT3	4
GO:0045606	positive regulation of epidermal cell differentiation	4/498	15/12060	0.266666666666667	6.45783132530121	4.38951132085044	0.00272597473877186	0.0177947966037601	0.0126553728545067	ETV4/PRKCH/SFN/FOXC1	4
GO:0090025	regulation of monocyte chemotaxis	4/498	15/12060	0.266666666666667	6.45783132530121	4.38951132085044	0.00272597473877186	0.0177947966037601	0.0126553728545067	NBL1/MICOS10-NBL1/DUSP1/CXCL12	4
GO:0090280	positive regulation of calcium ion import	4/498	15/12060	0.266666666666667	6.45783132530121	4.38951132085044	0.00272597473877186	0.0177947966037601	0.0126553728545067	PDGFB/STC1/LGALS3/CXCL12	4
GO:0044409	symbiont entry into host	11/498	100/12060	0.11	2.66385542168675	3.46739910552758	0.00272918075288	0.0177947966037601	0.0126553728545067	TRIM38/SLC1A5/SLC7A1/F11R/TPCN1/PVR/EPHA2/LDLR/ANPEP/CAV2/CAV1	11
GO:0051250	negative regulation of lymphocyte activation	11/498	100/12060	0.11	2.66385542168675	3.46739910552758	0.00272918075288	0.0177947966037601	0.0126553728545067	SFRP1/TNFRSF21/VSIR/IL4R/CEBPB/RUNX1/LGALS3/LRRC32/RASSF5/TGFB1/JAK3	11
GO:0021675	nerve development	9/498	72/12060	0.125	3.02710843373494	3.58033528036604	0.00273088462730972	0.0177947966037601	0.0126553728545067	ATP8B1/LPAR1/KCNQ3/SLC1A3/EDN1/GABRA5/PLXNA4/NGF/SIX1	9
GO:0071772	response to BMP	13/498	130/12060	0.1	2.42168674698795	3.38227725966644	0.0027630100539578	0.0179489872111623	0.0127650307320755	SPINT1/NBL1/MICOS10-NBL1/SFRP1/EGR1/CCN1/KDR/GATA3/TMEM119/CRIM1/RUNX2/CAV1/ITGA3	13
GO:0071773	cellular response to BMP stimulus	13/498	130/12060	0.1	2.42168674698795	3.38227725966644	0.0027630100539578	0.0179489872111623	0.0127650307320755	SPINT1/NBL1/MICOS10-NBL1/SFRP1/EGR1/CCN1/KDR/GATA3/TMEM119/CRIM1/RUNX2/CAV1/ITGA3	13
GO:0120193	tight junction organization	8/498	59/12060	0.135593220338983	3.28364304676332	3.6492141086254	0.00277573100379415	0.0179765662871676	0.0127846445269169	CLDN7/CLDN4/RAMP2/PRKCH/F11R/CLDN23/EPHA2/FZD5	8
GO:1904892	regulation of receptor signaling pathway via STAT	8/498	59/12060	0.135593220338983	3.28364304676332	3.6492141086254	0.00277573100379415	0.0179765662871676	0.0127846445269169	KIT/GADD45A/SH2B3/TGFB1/LIF/CYP1B1/CAV1/JAK3	8
GO:0019229	regulation of vasoconstriction	6/498	35/12060	0.171428571428571	4.15146299483649	3.87487349113461	0.00281340076794511	0.0181927531366207	0.0129383931337142	ADRA2B/APLN/EDN1/ADM/ADRA1D/CAV1	6
GO:1904705	regulation of vascular associated smooth muscle cell proliferation	7/498	47/12060	0.148936170212766	3.60676749551397	3.71603096210164	0.00294239264807226	0.0189979141752245	0.0135110107015543	PDGFB/IGFBP5/XBP1/APLN/EDN1/DDR2/NR4A3	7
GO:0030177	positive regulation of Wnt signaling pathway	13/498	131/12060	0.099236641221374	2.403200588614	3.35125305717899	0.00295533616507774	0.0190524863408204	0.013549821547133	RSPO4/CDH3/SFRP1/TMEM198/LRRK1/EDA/LGR4/PPM1N/ADGRA2/SEMA5A/FZD9/WNT5B/TGFB1	13
GO:0030316	osteoclast differentiation	9/498	73/12060	0.123287671232877	2.98564119491665	3.53151282796839	0.00300395020412329	0.0193365049558285	0.013751811013525	SFRP1/FAM20C/LRRK1/EPHA2/FOSL2/CEBPB/TLR4/FOS/TGFB1	9
GO:0043523	regulation of neuron apoptotic process	18/498	212/12060	0.0849056603773585	2.05614912480109	3.21976731681541	0.00301544799485298	0.0193811066578278	0.0137835310259149	SEMA3E/EGR1/AARS1/KDR/UNC5B/GATA3/PYCR1/CEBPB/NGF/NDNF/GRM4/PLXND1/SIX1/GCLM/DDIT3/FZD9/NR4A3/TGFB2	18
GO:0071277	cellular response to calcium ion	8/498	60/12060	0.133333333333333	3.2289156626506	3.59196812944131	0.00308983730088819	0.019829182799346	0.0141021955638913	CPNE7/SCN5A/KCNQ3/EDN1/AKR1C3/ASPH/RASGRP2/FOS	8
GO:0001709	cell fate determination	5/498	25/12060	0.2	4.8433734939759	3.99221005501521	0.00314809943549948	0.0199913739601629	0.0142175433062425	IFRD1/KLF4/GATA3/JAG1/EBF2	5
GO:0003161	cardiac conduction system development	5/498	25/12060	0.2	4.8433734939759	3.99221005501521	0.00314809943549948	0.0199913739601629	0.0142175433062425	SCN5A/NPPB/IRX3/TBX3/HEY1	5
GO:0032965	regulation of collagen biosynthetic process	5/498	25/12060	0.2	4.8433734939759	3.99221005501521	0.00314809943549948	0.0199913739601629	0.0142175433062425	CYGB/RUNX1/DDR2/EMILIN1/TGFB1	5
GO:0043537	negative regulation of blood vessel endothelial cell migration	5/498	25/12060	0.2	4.8433734939759	3.99221005501521	0.00314809943549948	0.0199913739601629	0.0142175433062425	KLF4/THBS1/GADD45A/CARD10/TGFB1	5
GO:0045616	regulation of keratinocyte differentiation	5/498	25/12060	0.2	4.8433734939759	3.99221005501521	0.00314809943549948	0.0199913739601629	0.0142175433062425	ETV4/PRKCH/FOXC1/GRHL1/ZFP36	5
GO:0060603	mammary gland duct morphogenesis	5/498	25/12060	0.2	4.8433734939759	3.99221005501521	0.00314809943549948	0.0199913739601629	0.0142175433062425	EPHA2/NTN1/ETV5/TBX3/TGFB1	5
GO:0110110	positive regulation of animal organ morphogenesis	5/498	25/12060	0.2	4.8433734939759	3.99221005501521	0.00314809943549948	0.0199913739601629	0.0142175433062425	SPRY1/EDN1/GATA3/SIX1/TGFB1	5
GO:0070588	calcium ion transmembrane transport	18/498	213/12060	0.0845070422535211	2.04649584252503	3.19798889452316	0.00317156336246962	0.0201102717243589	0.0143021014819258	JPH1/TPCN1/EDN1/THY1/NGF/ADCYAP1R1/CACNG8/SLC8A2/TRPV4/NALF2/SLC8A1/ITPR3/ASPH/FKBP1C/DDIT3/CACNG7/TGFB1/CAV1	18
GO:0051345	positive regulation of hydrolase activity	11/498	102/12060	0.107843137254902	2.61162296243799	3.39225189992637	0.00318922967755356	0.0201921078987794	0.0143603020516394	MBP/F2RL1/VSIR/SH3BP1/RGS16/PRSS22/TBC1D2/EPHA2/RGS10/THY1/RASGRP2	11
GO:0046777	protein autophosphorylation	12/498	117/12060	0.102564102564103	2.483781278962	3.34703256920285	0.00321695801865317	0.0203373113489221	0.0144635684076555	PIM1/KIT/PDGFB/PDGFA/KDR/NRG1/IRAK1/FLT1/VEGFA/HTATIP2/GRK5/DDR2	12
GO:0070663	regulation of leukocyte proliferation	14/498	148/12060	0.0945945945945946	2.29078476066428	3.27903597276059	0.00323571919847677	0.0204254774403846	0.0145262707124599	SLC7A1/KIT/TNFRSF21/VSIR/BST2/ADA/CEBPB/TLR4/LGALS3/LRRC32/CARD11/BID/RASSF5/TGFB1	14
GO:0002065	columnar/cuboidal epithelial cell differentiation	9/498	74/12060	0.121621621621622	2.94529469228264	3.48351721787923	0.003298113347735	0.0207537385089008	0.0147597246994986	FAM20C/XBP1/PRDM1/CEBPB/JAG1/KLF5/TGFB1/FZD5/CAV1	9
GO:0046889	positive regulation of lipid biosynthetic process	9/498	74/12060	0.121621621621622	2.94529469228264	3.48351721787923	0.003298113347735	0.0207537385089008	0.0147597246994986	CCN1/XBP1/EDN1/ACSL3/ADM/LDLR/INSIG1/STARD4/NR1D1	9
GO:0001843	neural tube closure	10/498	88/12060	0.113636363636364	2.75191675794085	3.4231449183134	0.00330729071947594	0.0207537385089008	0.0147597246994986	SPINT1/MTHFD1L/SFRP1/ST14/ADM/TWIST1/LHX2/DLC1/TGFB1/TGFB2	10
GO:0060606	tube closure	10/498	88/12060	0.113636363636364	2.75191675794085	3.4231449183134	0.00330729071947594	0.0207537385089008	0.0147597246994986	SPINT1/MTHFD1L/SFRP1/ST14/ADM/TWIST1/LHX2/DLC1/TGFB1/TGFB2	10
GO:0048644	muscle organ morphogenesis	8/498	61/12060	0.131147540983607	3.17598261900059	3.535913639354	0.00343090932726105	0.0214976622839607	0.0152887913114051	FOXC1/FOXC2/NRG1/TCF15/GSC/TGFB1/LIF/TGFB2	8
GO:0051235	maintenance of location	15/498	165/12060	0.0909090909090909	2.20153340635268	3.22514641431546	0.00343887228998072	0.0215157761859856	0.0153016736268976	JPH1/NBL1/MICOS10-NBL1/HK2/TXN/THY1/NGF/INSIG1/SLC8A1/ITPR3/ASPH/FKBP1C/DDIT3/TGFB1/CAV1	15
GO:0070661	leukocyte proliferation	17/498	198/12060	0.0858585858585859	2.07922599488865	3.17775103754577	0.00346805076242794	0.0216663789900137	0.0154087799164692	SLC7A1/KIT/TNFRSF21/F2RL1/VSIR/BST2/FOSL2/ADA/CEBPB/TLR4/LGALS3/LRRC32/MYC/CARD11/BID/RASSF5/TGFB1	17
GO:0010714	positive regulation of collagen metabolic process	4/498	16/12060	0.25	6.05421686746988	4.19838563244935	0.00351731984397016	0.0218775231350754	0.0155589422330892	VSIR/RUNX1/DDR2/TGFB1	4
GO:0048841	regulation of axon extension involved in axon guidance	4/498	16/12060	0.25	6.05421686746988	4.19838563244935	0.00351731984397016	0.0218775231350754	0.0155589422330892	PLXNA4/VEGFA/CXCL12/SEMA5A	4
GO:0072111	cell proliferation involved in kidney development	4/498	16/12060	0.25	6.05421686746988	4.19838563244935	0.00351731984397016	0.0218775231350754	0.0155589422330892	PDGFB/EGR1/GATA3/MYC	4
GO:0045446	endothelial cell differentiation	10/498	89/12060	0.112359550561798	2.72099634493028	3.38192188660559	0.00359224042606332	0.0222456699085556	0.0158207622913522	F11R/F2RL1/KDR/NRG1/SCUBE1/STC1/VEGFA/JAG1/S1PR3/HEY1	10
GO:0048144	fibroblast proliferation	10/498	89/12060	0.112359550561798	2.72099634493028	3.38192188660559	0.00359224042606332	0.0222456699085556	0.0158207622913522	SFRP1/PDGFB/S100A6/PDGFA/FOSL2/MYC/DDR2/TGFB1/LIF/CAV1	10
GO:0061387	regulation of extent of cell growth	10/498	89/12060	0.112359550561798	2.72099634493028	3.38192188660559	0.00359224042606332	0.0222456699085556	0.0158207622913522	DCC/IFRD1/LPAR3/PLXNA4/NTN1/NGF/VEGFA/CXCL12/SEMA5A/SEMA7A	10
GO:0001755	neural crest cell migration	7/498	49/12060	0.142857142857143	3.45955249569707	3.58029151582533	0.00374417436568181	0.023094991857158	0.0164247863874078	SEMA3E/EDN1/RET/GBX2/TWIST1/SEMA5A/SEMA7A	7
GO:0003229	ventricular cardiac muscle tissue development	7/498	49/12060	0.142857142857143	3.45955249569707	3.58029151582533	0.00374417436568181	0.023094991857158	0.0164247863874078	FOXC1/FOXC2/IRX3/NRG1/TBX3/TGFB1/TGFB2	7
GO:0032964	collagen biosynthetic process	6/498	37/12060	0.162162162162162	3.92705958971019	3.7006655642763	0.00375863130124595	0.023094991857158	0.0164247863874078	FOSL2/CYGB/RUNX1/DDR2/EMILIN1/TGFB1	6
GO:0006024	glycosaminoglycan biosynthetic process	5/498	26/12060	0.192307692307692	4.65708989805375	3.87410282198542	0.00376749985034261	0.023094991857158	0.0164247863874078	PDGFB/GCNT2/HS3ST3B1/HS3ST3A1/TGFB1	5
GO:0060986	endocrine hormone secretion	5/498	26/12060	0.192307692307692	4.65708989805375	3.87410282198542	0.00376749985034261	0.023094991857158	0.0164247863874078	APLN/GATA3/WNK4/NKX3-1/TBX3	5
GO:0061081	positive regulation of myeloid leukocyte cytokine production involved in immune response	5/498	26/12060	0.192307692307692	4.65708989805375	3.87410282198542	0.00376749985034261	0.023094991857158	0.0164247863874078	DDX21/KIT/TLR4/SEMA7A/NR4A3	5
GO:1904376	negative regulation of protein localization to cell periphery	5/498	26/12060	0.192307692307692	4.65708989805375	3.87410282198542	0.00376749985034261	0.023094991857158	0.0164247863874078	SFN/PKDCC/WNK4/PID1/TGFB1	5
GO:0050804	modulation of chemical synaptic transmission	28/498	395/12060	0.0708860759493671	1.71663870672564	3.00545530646698	0.00378268255453364	0.023154602303509	0.016467180377145	SLC6A9/LRP8/DCC/KIT/CLMP/KCNQ3/NXPH4/SORCS2/SLC38A2/SYT7/SLC1A3/EDN1/SLC6A6/SHANK2/UNC13A/NETO1/TSHZ3/KCNK2/NGF/CACNG8/DYSF/SLC8A2/NRG3/GRM4/ITPR3/SLC7A11/CLSTN2/CACNG7	28
GO:0030199	collagen fibril organization	8/498	62/12060	0.129032258064516	3.12475709288768	3.48100414219367	0.00380046060937876	0.0232299047622258	0.0165207342734408	FOXC1/FOXC2/P4HA1/ADAMTS14/DDR2/EMILIN1/CYP1B1/TGFB2	8
GO:0032635	interleukin-6 production	10/498	90/12060	0.111111111111111	2.69076305220884	3.34126379397386	0.00389632414482756	0.023747423882699	0.016888785540042	MBP/LPL/F2RL1/XBP1/TWIST1/CEBPB/TLR4/TRPV4/MAPK13/TGFB1	10
GO:0032675	regulation of interleukin-6 production	10/498	90/12060	0.111111111111111	2.69076305220884	3.34126379397386	0.00389632414482756	0.023747423882699	0.016888785540042	MBP/LPL/F2RL1/XBP1/TWIST1/CEBPB/TLR4/TRPV4/MAPK13/TGFB1	10
GO:0099177	regulation of trans-synaptic signaling	28/498	396/12060	0.0707070707070707	1.71230376049653	2.99118249831626	0.00391737558085739	0.0238414737647017	0.0169556723019516	SLC6A9/LRP8/DCC/KIT/CLMP/KCNQ3/NXPH4/SORCS2/SLC38A2/SYT7/SLC1A3/EDN1/SLC6A6/SHANK2/UNC13A/NETO1/TSHZ3/KCNK2/NGF/CACNG8/DYSF/SLC8A2/NRG3/GRM4/ITPR3/SLC7A11/CLSTN2/CACNG7	28
GO:0007411	axon guidance	17/498	201/12060	0.0845771144278607	2.04819277108434	3.11006159869097	0.00404307004280508	0.0245712079105719	0.0174746474780265	SEMA3E/DCC/UNC5B/EDN1/RET/GATA3/GBX2/PLXNA4/NTN1/LHX2/VEGFA/PCDHAC2/CXCL12/SEMA5A/SEMA7A/NR4A3/TGFB2	17
GO:0072330	monocarboxylic acid biosynthetic process	14/498	152/12060	0.0921052631578947	2.23050095117311	3.1683866241085	0.00411847815014274	0.0249936828510808	0.0177751048540156	MTHFD1L/LPL/MTHFD2/XBP1/SHMT2/EDN1/SCD/AKR1C3/TRIB3/PRKAG2/INSIG1/FADS3/STARD4/NR1D1	14
GO:0055017	cardiac muscle tissue growth	8/498	63/12060	0.126984126984127	3.07515777395295	3.4271956931844	0.0042000322979721	0.0253219991341772	0.0180085981087748	PIM1/FOXC1/FOXC2/NRG1/EDN1/KCNK2/RUNX1/TGFB2	8
GO:0001756	somitogenesis	7/498	50/12060	0.14	3.39036144578313	3.51504517054122	0.00420242512740705	0.0253219991341772	0.0180085981087748	SFRP1/HES7/PLXNA2/FOXC1/FOXC2/TCF15/NKX3-1	7
GO:0032609	type II interferon production	7/498	50/12060	0.14	3.39036144578313	3.51504517054122	0.00420242512740705	0.0253219991341772	0.0180085981087748	F2RL1/VSIR/SLC7A5/GATA3/TLR4/DDIT3/FZD5	7
GO:0032649	regulation of type II interferon production	7/498	50/12060	0.14	3.39036144578313	3.51504517054122	0.00420242512740705	0.0253219991341772	0.0180085981087748	F2RL1/VSIR/SLC7A5/GATA3/TLR4/DDIT3/FZD5	7
GO:0071384	cellular response to corticosteroid stimulus	7/498	50/12060	0.14	3.39036144578313	3.51504517054122	0.00420242512740705	0.0253219991341772	0.0180085981087748	SCNN1A/EDN1/PCK2/AKR1C3/STC1/ZFP36/TGFB1	7
GO:0097485	neuron projection guidance	17/498	202/12060	0.0841584158415842	2.03805320291065	3.08775910460445	0.00425134687357773	0.025580444592506	0.0181924003578556	SEMA3E/DCC/UNC5B/EDN1/RET/GATA3/GBX2/PLXNA4/NTN1/LHX2/VEGFA/PCDHAC2/CXCL12/SEMA5A/SEMA7A/NR4A3/TGFB2	17
GO:0003176	aortic valve development	6/498	38/12060	0.157894736842105	3.82371591629677	3.61808091093377	0.004310939959632	0.025865639757792	0.0183952265678632	GATA3/TWIST1/JAG1/EMILIN1/TGFB1/HEY1	6
GO:0050873	brown fat cell differentiation	6/498	38/12060	0.157894736842105	3.82371591629677	3.61808091093377	0.004310939959632	0.025865639757792	0.0183952265678632	PIM1/CEBPA/CEBPB/TRPV4/SIX1/EBF2	6
GO:0032963	collagen metabolic process	9/498	77/12060	0.116883116883117	2.83054295102488	3.34423157334114	0.00431832670690165	0.0258733642523684	0.0184007201040442	VSIR/ADAMTS14/FOSL2/CYGB/RUNX1/TNS2/DDR2/EMILIN1/TGFB1	9
GO:0043085	positive regulation of catalytic activity	20/498	254/12060	0.078740157480315	1.90683995825823	3.03144681774273	0.00433542821341127	0.025939191087857	0.0184475350896544	MBP/PIM1/CDH3/PDGFB/F2RL1/VSIR/SH3BP1/FGF18/TNFSF15/NRG1/RGS16/PRSS22/TBC1D2/FLT1/EPHA2/RGS10/THY1/CARD10/DDR2/RASGRP2	20
GO:0062197	cellular response to chemical stress	21/498	272/12060	0.0772058823529412	1.86968462083629	3.01078688180362	0.00441176561347606	0.0263329792881025	0.0187275909178148	PRR5L/KLF4/XBP1/SLC4A11/EDN1/YBX3/TXN/PYCR1/CYGB/ETV5/GDF15/TRPV4/SLC8A1/SLC7A11/DDR2/DDIT3/SRXN1/MAPK13/FOS/CYP1B1/CAV1	21
GO:0007263	nitric oxide mediated signal transduction	4/498	17/12060	0.235294117647059	5.69808646350106	4.0228325845753	0.00445133470895654	0.0263329792881025	0.0187275909178148	THBS1/KDR/VEGFA/NDNF	4
GO:0010715	regulation of extracellular matrix disassembly	4/498	17/12060	0.235294117647059	5.69808646350106	4.0228325845753	0.00445133470895654	0.0263329792881025	0.0187275909178148	TIMP3/DDR2/TGFB1/TGFB2	4
GO:0035455	response to interferon-alpha	4/498	17/12060	0.235294117647059	5.69808646350106	4.0228325845753	0.00445133470895654	0.0263329792881025	0.0187275909178148	BST2/GATA3/LAMP3/MYC	4
GO:1903672	positive regulation of sprouting angiogenesis	4/498	17/12060	0.235294117647059	5.69808646350106	4.0228325845753	0.00445133470895654	0.0263329792881025	0.0187275909178148	JCAD/KLF4/FUT1/VEGFA	4
GO:2000647	negative regulation of stem cell proliferation	4/498	17/12060	0.235294117647059	5.69808646350106	4.0228325845753	0.00445133470895654	0.0263329792881025	0.0187275909178148	FERMT1/IRF6/CEBPA/SFN	4
GO:2000810	regulation of bicellular tight junction assembly	4/498	17/12060	0.235294117647059	5.69808646350106	4.0228325845753	0.00445133470895654	0.0263329792881025	0.0187275909178148	PRKCH/F11R/EPHA2/FZD5	4
GO:0001958	endochondral ossification	5/498	27/12060	0.185185185185185	4.48460508701473	3.76185737967399	0.00446952972358175	0.0263329792881025	0.0187275909178148	FGF18/FOXC1/COL13A1/TMEM119/RUNX2	5
GO:0032350	regulation of hormone metabolic process	5/498	27/12060	0.185185185185185	4.48460508701473	3.76185737967399	0.00446952972358175	0.0263329792881025	0.0187275909178148	EGR1/GATA3/STC2/ADM/AKR1C3	5
GO:0036075	replacement ossification	5/498	27/12060	0.185185185185185	4.48460508701473	3.76185737967399	0.00446952972358175	0.0263329792881025	0.0187275909178148	FGF18/FOXC1/COL13A1/TMEM119/RUNX2	5
GO:0070232	regulation of T cell apoptotic process	5/498	27/12060	0.185185185185185	4.48460508701473	3.76185737967399	0.00446952972358175	0.0263329792881025	0.0187275909178148	ST3GAL1/ADA/LGALS3/TGFB2/JAK3	5
GO:0051384	response to glucocorticoid	10/498	92/12060	0.108695652173913	2.63226820324777	3.26158334273264	0.00456542387991581	0.0268234461199485	0.0190764030322769	CEBPA/EDN1/PCK2/FOSL2/STC1/COMT/DUSP1/ZFP36/FOS/TGFB1	10
GO:1990830	cellular response to leukemia inhibitory factor	10/498	92/12060	0.108695652173913	2.63226820324777	3.26158334273264	0.00456542387991581	0.0268234461199485	0.0190764030322769	HK2/SPRY4/SPRY2/KLF4/XBP1/PCOLCE2/PTP4A3/GCLM/KLF5/VEGFC	10
GO:0021915	neural tube development	14/498	154/12060	0.0909090909090909	2.20153340635268	3.11434777338008	0.00462810224548191	0.0271346826545625	0.0192977494448935	SPINT1/MTHFD1L/SFRP1/ST14/PLXNA2/GBX2/ADM/EPHA2/TWIST1/LHX2/GSC/DLC1/TGFB1/TGFB2	14
GO:0061053	somite development	8/498	64/12060	0.125	3.02710843373494	3.37444672049145	0.00463119053321623	0.0271346826545625	0.0192977494448935	SFRP1/HES7/PLXNA2/FOXC1/FOXC2/TCF15/NKX3-1/SIX1	8
GO:0043549	regulation of kinase activity	17/498	204/12060	0.0833333333333333	2.01807228915663	3.04353598811436	0.004694394223707	0.0274351521881641	0.0195114385397351	PIM1/PDGFB/FGF18/SFN/TRIB2/TNFSF15/NRG1/TRIB1/FLT1/GPRC5A/DUSP7/THY1/GADD45A/TRIB3/CARD10/DUSP1/DDR2	17
GO:0001954	positive regulation of cell-matrix adhesion	7/498	51/12060	0.137254901960784	3.32388377037562	3.4514366383076	0.00470187544573204	0.0274351521881641	0.0195114385397351	SFRP1/FERMT1/EPHA1/FUT1/KDR/THY1/VEGFA	7
GO:0090497	mesenchymal cell migration	7/498	51/12060	0.137254901960784	3.32388377037562	3.4514366383076	0.00470187544573204	0.0274351521881641	0.0195114385397351	SEMA3E/EDN1/RET/GBX2/TWIST1/SEMA5A/SEMA7A	7
GO:0051056	regulation of small GTPase mediated signal transduction	21/498	274/12060	0.0766423357664234	1.85603728783748	2.97466854994217	0.00479739811288494	0.0279540697731565	0.0198804843717875	ARHGAP29/SPRY4/LPAR1/ARHGAP45/SPRY1/PLEKHG6/SPRY2/EPS8L1/ARHGEF19/F11R/ARHGDIB/F2RL1/SH3BP1/RAP1GAP2/ARHGAP22/NGF/ADCYAP1R1/DLC1/STARD8/TGFB2/ITGA3	21
GO:0048738	cardiac muscle tissue development	16/498	188/12060	0.0851063829787234	2.06100999743655	3.04291830805381	0.00490168162493407	0.028427418811649	0.0202171225872072	PIM1/SCN5A/NPPB/FOXC1/FOXC2/IRX3/NRG1/EDN1/KCNK2/VEGFA/TBX3/RUNX1/SLC8A1/TGFB1/TGFB2/HEY1	16
GO:0009952	anterior/posterior pattern specification	13/498	139/12060	0.0935251798561151	2.26488688567219	3.11283845110417	0.0049204038991566	0.028427418811649	0.0202171225872072	SFRP1/HES7/PLXNA2/FOXC1/FOXC2/GBX2/TCF15/NKX3-1/TBX3/DDIT3/BHLHE40/FZD5/HEY1	13
GO:0031099	regeneration	13/498	139/12060	0.0935251798561151	2.26488688567219	3.11283845110417	0.0049204038991566	0.028427418811649	0.0202171225872072	IFRD1/CEBPA/KLF4/SLC7A5/CD9/TNC/THY1/CEBPB/RUNX1/KLF5/CXCL12/FZD9/TGFB1	13
GO:0034103	regulation of tissue remodeling	6/498	39/12060	0.153846153846154	3.725671918443	3.5382573801591	0.00492090380265026	0.028427418811649	0.0202171225872072	SFRP1/SYT7/TMEM119/RUNX1/DDR2/TGFB1	6
GO:0060711	labyrinthine layer development	6/498	39/12060	0.153846153846154	3.725671918443	3.5382573801591	0.00492090380265026	0.028427418811649	0.0202171225872072	SPINT1/ST14/CCN1/ADM/FZD5/HEY1	6
GO:0002768	immune response-regulating cell surface receptor signaling pathway	17/498	205/12060	0.0829268292682927	2.00822803408757	3.02161241881299	0.00492970966466766	0.028427418811649	0.0202171225872072	KIT/PRKCH/TNFRSF21/F2RL1/ITPRIPL1/GATA3/IRAK1/FOSL2/ADA/THY1/TLR4/MICB/LGALS3/CARD11/CAV1/NR4A3/NR1D1	17
GO:0002062	chondrocyte differentiation	10/498	93/12060	0.10752688172043	2.60396424407307	3.22253281060639	0.00493224428226631	0.028427418811649	0.0202171225872072	SLC39A14/FGF18/CCN2/FOSL2/PKDCC/RUNX1/TGFBI/WNT5B/TGFB1/RUNX2	10
GO:0014020	primary neural tube formation	10/498	93/12060	0.10752688172043	2.60396424407307	3.22253281060639	0.00493224428226631	0.028427418811649	0.0202171225872072	SPINT1/MTHFD1L/SFRP1/ST14/ADM/TWIST1/LHX2/DLC1/TGFB1/TGFB2	10
GO:1903039	positive regulation of leukocyte cell-cell adhesion	15/498	172/12060	0.0872093023255814	2.11193611655926	3.04820027812396	0.0050718856550688	0.0291925901611965	0.0207613001320105	CHST2/SLC7A1/VSIR/XBP1/GATA3/IRAK1/IL4R/ADA/THY1/RUNX1/FUT4/CARD11/TGFB1/CAV1/NR4A3	15
GO:0071347	cellular response to interleukin-1	8/498	65/12060	0.123076923076923	2.9805375347544	3.32271786183806	0.00509552371138384	0.0292889045849462	0.0208297973995523	SFRP1/EGR1/EDN1/IRAK1/CEBPB/NKX3-1/MAPK13/NR1D1	8
GO:0007189	adenylate cyclase-activating G protein-coupled receptor signaling pathway	9/498	79/12060	0.113924050632911	2.75888363580906	3.25505219095255	0.00512474669254904	0.0294170168738742	0.0209209087968742	LPAR1/RAMP2/ADM2/LPAR3/ADM/ADCYAP1R1/S1PR3/ADRA1D/CXCL12	9
GO:0046636	negative regulation of alpha-beta T cell activation	5/498	28/12060	0.178571428571429	4.32444061962134	3.65495909269547	0.0052598869220969	0.0300706742904785	0.0213857794279043	VSIR/IL4R/RUNX1/LGALS3/JAK3	5
GO:0061756	leukocyte adhesion to vascular endothelial cell	5/498	28/12060	0.178571428571429	4.32444061962134	3.65495909269547	0.0052598869220969	0.0300706742904785	0.0213857794279043	CHST2/KLF4/IRAK1/FUT4/CXCL12	5
GO:0070293	renal absorption	5/498	28/12060	0.178571428571429	4.32444061962134	3.65495909269547	0.0052598869220969	0.0300706742904785	0.0213857794279043	CLDN4/EDN1/WNK4/AKR1C3/COMT	5
GO:0030183	B cell differentiation	10/498	94/12060	0.106382978723404	2.57626249679569	3.18399081852768	0.00532180567537122	0.0303428759071569	0.0215793648353338	SFRP1/ST3GAL1/KIT/XBP1/HDAC9/FOSL2/ADA/CARD11/FZD9/JAK3	10
GO:0071900	regulation of protein serine/threonine kinase activity	10/498	94/12060	0.106382978723404	2.57626249679569	3.18399081852768	0.00532180567537122	0.0303428759071569	0.0215793648353338	PIM1/PDGFB/FGF18/TRIB2/TRIB1/FLT1/DUSP7/GADD45A/TRIB3/DUSP1	10
GO:0044283	small molecule biosynthetic process	30/498	444/12060	0.0675675675675676	1.63627482904591	2.83505678961309	0.00552753049929383	0.0314121954430801	0.0223398476736067	BCAT1/MTHFD1L/SLC19A3/LPL/SLC39A14/MTHFD2/EGR1/XBP1/SLC1A3/SHMT2/EDN1/ASNS/PCK2/ADM/GLS/SCD/PYCR1/ADA/MSMO1/AKR1C3/ADCYAP1R1/TRIB3/PRKAG2/QNG1/INSIG1/FADS3/SPR/STARD4/ALDOC/NR1D1	30
GO:0043388	positive regulation of DNA binding	4/498	18/12060	0.222222222222222	5.38152610441767	3.86070111520802	0.00553897269953416	0.0314121954430801	0.0223398476736067	FOXC1/GATA3/TXN/PLAUR	4
GO:0046653	tetrahydrofolate metabolic process	4/498	18/12060	0.222222222222222	5.38152610441767	3.86070111520802	0.00553897269953416	0.0314121954430801	0.0223398476736067	MTHFD1L/MTHFD2/SHMT2/ALDH1L2	4
GO:0060444	branching involved in mammary gland duct morphogenesis	4/498	18/12060	0.222222222222222	5.38152610441767	3.86070111520802	0.00553897269953416	0.0314121954430801	0.0223398476736067	EPHA2/ETV5/TBX3/TGFB1	4
GO:0050868	negative regulation of T cell activation	9/498	80/12060	0.1125	2.72439759036145	3.21149927433381	0.00556939080507627	0.0315019600230894	0.0224036867977305	TNFRSF21/VSIR/IL4R/CEBPB/RUNX1/LGALS3/LRRC32/TGFB1/JAK3	9
GO:0010596	negative regulation of endothelial cell migration	6/498	40/12060	0.15	3.63253012048193	3.46102668040196	0.00559193208330654	0.0315019600230894	0.0224036867977305	KLF4/THBS1/STC1/GADD45A/CARD10/TGFB1	6
GO:0045778	positive regulation of ossification	6/498	40/12060	0.15	3.63253012048193	3.46102668040196	0.00559193208330654	0.0315019600230894	0.0224036867977305	CCN1/FAM20C/PKDCC/TMEM119/SLC8A1/FZD9	6
GO:0061383	trabecula morphogenesis	6/498	40/12060	0.15	3.63253012048193	3.46102668040196	0.00559193208330654	0.0315019600230894	0.0224036867977305	SLC40A1/SFRP1/NRG1/VEGFA/TGFB2/HEY1	6
GO:0070228	regulation of lymphocyte apoptotic process	6/498	40/12060	0.15	3.63253012048193	3.46102668040196	0.00559193208330654	0.0315019600230894	0.0224036867977305	ST3GAL1/ADA/LGALS3/MYC/TGFB2/JAK3	6
GO:0009636	response to toxic substance	15/498	174/12060	0.0862068965517241	2.08766098878272	2.99919117526912	0.00563921187103122	0.0317261760701783	0.0225631456406191	MBP/PIM1/ABCG2/EDN1/MT2A/TXN/CYGB/OPRD1/COMT/TXNRD1/SLC7A11/TXNRD2/SRXN1/FOS/CYP1B1	15
GO:0001707	mesoderm formation	7/498	53/12060	0.132075471698113	3.19845419413503	3.32883245657493	0.00583339502379925	0.0327751810476244	0.0233091810919605	KLF4/FOXC1/FOXC2/EPHA2/TXNRD1/NR4A3/ITGA3	7
GO:0007612	learning	12/498	126/12060	0.0952380952380952	2.30636833046472	3.0592272265313	0.00585973778530967	0.0328796397953487	0.0233834704715922	NPTX2/LRRN4/KIT/SHANK2/MEIS2/NETO1/GABRA5/COMT/SLC8A2/SLC7A11/CLSTN2/FOS	12
GO:0030217	T cell differentiation	17/498	209/12060	0.0813397129186603	1.96979304778924	2.9351381472699	0.00596947447949091	0.0334511370435937	0.0237899101136355	FZD8/KIT/EGR1/VSIR/XBP1/ITPRIPL1/GATA3/PRDM1/IL4R/FOSL2/ADA/RUNX1/CARD11/TGFB1/RUNX2/FZD5/JAK3	17
GO:0002761	regulation of myeloid leukocyte differentiation	9/498	81/12060	0.111111111111111	2.69076305220884	3.16861017271897	0.00604327371149906	0.0337754507037932	0.0240205567674313	SFRP1/TRIB1/CEBPB/TLR4/RUNX1/MYC/FOS/TGFB1/LIF	9
GO:0042472	inner ear morphogenesis	9/498	81/12060	0.111111111111111	2.69076305220884	3.16861017271897	0.00604327371149906	0.0337754507037932	0.0240205567674313	LRIG3/SPRY2/GATA3/GBX2/NTN1/INSIG1/TBX3/SIX1/NR4A3	9
GO:0002252	immune effector process	25/498	353/12060	0.0708215297450425	1.71507559984982	2.82989511221809	0.00610632380097707	0.0340701293309028	0.0242301274628073	ST3GAL1/DDX21/KIT/F2RL1/XBP1/SLC7A5/ULBP1/BST2/GATA3/PVR/IL4R/CTSC/ADA/TWIST1/CEBPB/TLR4/DYSF/JAG1/LGALS3/TGFB1/SEMA7A/FZD5/NR4A3/TGFB2/JAK3	25
GO:0030098	lymphocyte differentiation	21/498	280/12060	0.075	1.81626506024096	2.86808101053039	0.00612533545591344	0.0340701293309028	0.0242301274628073	FZD8/SFRP1/ST3GAL1/KIT/EGR1/VSIR/XBP1/ITPRIPL1/GATA3/PRDM1/HDAC9/IL4R/FOSL2/ADA/RUNX1/CARD11/FZD9/TGFB1/RUNX2/FZD5/JAK3	21
GO:1903035	negative regulation of response to wounding	8/498	67/12060	0.119402985074627	2.89156626506024	3.2221731988169	0.00613016275568363	0.0340701293309028	0.0242301274628073	PDGFB/AJAP1/PDGFA/CD9/THBS1/EDN1/PLAUR/SH2B3	8
GO:0010934	macrophage cytokine production	5/498	29/12060	0.172413793103448	4.17532197756544	3.55295528094544	0.00614418881144286	0.0340701293309028	0.0242301274628073	TWIST1/TLR4/TGFB1/SEMA7A/TGFB2	5
GO:0010935	regulation of macrophage cytokine production	5/498	29/12060	0.172413793103448	4.17532197756544	3.55295528094544	0.00614418881144286	0.0340701293309028	0.0242301274628073	TWIST1/TLR4/TGFB1/SEMA7A/TGFB2	5
GO:1903725	regulation of phospholipid metabolic process	5/498	29/12060	0.172413793103448	4.17532197756544	3.55295528094544	0.00614418881144286	0.0340701293309028	0.0242301274628073	PDGFB/XBP1/PDGFA/ACSL3/LDLR	5
GO:0001704	formation of primary germ layer	10/498	96/12060	0.104166666666667	2.52259036144578	3.10838158214112	0.00617291307939096	0.0341847223012747	0.0243116241384286	KLF4/DUSP5/FOXC1/FOXC2/EPHA2/TXNRD1/DUSP1/DUSP4/NR4A3/ITGA3	10
GO:0045668	negative regulation of osteoblast differentiation	6/498	41/12060	0.146341463414634	3.54393182486042	3.38623477686416	0.00632743139582429	0.0349947379153672	0.0248876942021992	SFRP1/IGFBP5/NOCT/TWIST1/CRIM1/VEGFC	6
GO:0006576	biogenic amine metabolic process	7/498	54/12060	0.12962962962963	3.13922356091031	3.2696985898811	0.0064700139456355	0.0356438950095919	0.0253493642764065	SMS/GATA3/EPAS1/COMT/NPR1/SAT1/TGFB2	7
GO:0010812	negative regulation of cell-substrate adhesion	7/498	54/12060	0.12962962962963	3.13922356091031	3.2696985898811	0.0064700139456355	0.0356438950095919	0.0253493642764065	SPRY4/SEMA3E/GCNT2/AJAP1/THBS1/JAG1/DLC1	7
GO:0051279	regulation of release of sequestered calcium ion into cytosol	7/498	54/12060	0.12962962962963	3.13922356091031	3.2696985898811	0.0064700139456355	0.0356438950095919	0.0253493642764065	JPH1/THY1/NGF/SLC8A1/ASPH/FKBP1C/TGFB1	7
GO:0001776	leukocyte homeostasis	9/498	82/12060	0.109756097560976	2.65794886864531	3.12636543833158	0.0065476244556422	0.0359118943660584	0.0255399611040282	SLC40A1/SPNS2/ADA/PMAIP1/SLC7A11/SH2B3/TGFB1/TGFB2/JAK3	9
GO:0050729	positive regulation of inflammatory response	9/498	82/12060	0.109756097560976	2.65794886864531	3.12636543833158	0.0065476244556422	0.0359118943660584	0.0255399611040282	LPL/CEBPA/CTSC/CEBPB/TLR4/LDLR/TRPV4/MAPK13/TGFB1	9
GO:0048608	reproductive structure development	17/498	211/12060	0.0805687203791469	1.95112202363958	2.89261379084911	0.00655252386594276	0.0359118943660584	0.0255399611040282	FKBP4/SFRP1/KIT/FOXC1/KDR/GATA3/YBX3/IRX5/LGR4/TNC/AKR1C3/CEBPB/NKX3-1/VEGFA/ZFP42/TBX3/TGFB2	17
GO:1902105	regulation of leukocyte differentiation	17/498	211/12060	0.0805687203791469	1.95112202363958	2.89261379084911	0.00655252386594276	0.0359118943660584	0.0255399611040282	SFRP1/VSIR/XBP1/GATA3/PRDM1/TRIB1/IL4R/ADA/CEBPB/TLR4/RUNX1/MYC/CARD11/FOS/TGFB1/LIF/JAK3	17
GO:0002429	immune response-activating cell surface receptor signaling pathway	16/498	194/12060	0.0824742268041237	1.99726742019625	2.90612413128419	0.00660613542692942	0.0359621845118087	0.0255757266460319	PRKCH/TNFRSF21/F2RL1/ITPRIPL1/GATA3/IRAK1/FOSL2/ADA/THY1/TLR4/MICB/LGALS3/CARD11/CAV1/NR4A3/NR1D1	16
GO:0000101	sulfur amino acid transport	3/498	10/12060	0.3	7.26506024096386	4.11325433649805	0.0067583093379968	0.0359621845118087	0.0255757266460319	SLC7A5/SLC1A4/SLC7A11	3
GO:0002689	negative regulation of leukocyte chemotaxis	3/498	10/12060	0.3	7.26506024096386	4.11325433649805	0.0067583093379968	0.0359621845118087	0.0255757266460319	NBL1/MICOS10-NBL1/DUSP1	3
GO:0003085	negative regulation of systemic arterial blood pressure	3/498	10/12060	0.3	7.26506024096386	4.11325433649805	0.0067583093379968	0.0359621845118087	0.0255757266460319	NPPB/APLN/KCNK6	3
GO:0014821	phasic smooth muscle contraction	3/498	10/12060	0.3	7.26506024096386	4.11325433649805	0.0067583093379968	0.0359621845118087	0.0255757266460319	KIT/EDN1/TBX3	3
GO:0032329	serine transport	3/498	10/12060	0.3	7.26506024096386	4.11325433649805	0.0067583093379968	0.0359621845118087	0.0255757266460319	SLC1A5/SLC38A2/SLC1A4	3
GO:0032753	positive regulation of interleukin-4 production	3/498	10/12060	0.3	7.26506024096386	4.11325433649805	0.0067583093379968	0.0359621845118087	0.0255757266460319	SLC7A5/GATA3/CEBPB	3
GO:0034114	regulation of heterotypic cell-cell adhesion	3/498	10/12060	0.3	7.26506024096386	4.11325433649805	0.0067583093379968	0.0359621845118087	0.0255757266460319	MBP/GCNT2/KLF4	3
GO:0035810	positive regulation of urine volume	3/498	10/12060	0.3	7.26506024096386	4.11325433649805	0.0067583093379968	0.0359621845118087	0.0255757266460319	NPPB/EDN1/NPR1	3
GO:0042415	norepinephrine metabolic process	3/498	10/12060	0.3	7.26506024096386	4.11325433649805	0.0067583093379968	0.0359621845118087	0.0255757266460319	GATA3/EPAS1/COMT	3
GO:0045843	negative regulation of striated muscle tissue development	3/498	10/12060	0.3	7.26506024096386	4.11325433649805	0.0067583093379968	0.0359621845118087	0.0255757266460319	YBX3/TWIST1/TGFB1	3
GO:0051132	NK T cell activation	3/498	10/12060	0.3	7.26506024096386	4.11325433649805	0.0067583093379968	0.0359621845118087	0.0255757266460319	TLR4/LGALS3/MYC	3
GO:0051409	response to nitrosative stress	3/498	10/12060	0.3	7.26506024096386	4.11325433649805	0.0067583093379968	0.0359621845118087	0.0255757266460319	DUSP6/GCLM/DDIT3	3
GO:0060576	intestinal epithelial cell development	3/498	10/12060	0.3	7.26506024096386	4.11325433649805	0.0067583093379968	0.0359621845118087	0.0255757266460319	PRDM1/KLF5/FZD5	3
GO:0061309	cardiac neural crest cell development involved in outflow tract morphogenesis	3/498	10/12060	0.3	7.26506024096386	4.11325433649805	0.0067583093379968	0.0359621845118087	0.0255757266460319	EDN1/TWIST1/JAG1	3
GO:0061771	response to caloric restriction	3/498	10/12060	0.3	7.26506024096386	4.11325433649805	0.0067583093379968	0.0359621845118087	0.0255757266460319	CHAC1/LDLR/DDIT3	3
GO:0062042	regulation of cardiac epithelial to mesenchymal transition	3/498	10/12060	0.3	7.26506024096386	4.11325433649805	0.0067583093379968	0.0359621845118087	0.0255757266460319	TWIST1/JAG1/TGFB2	3
GO:0072189	ureter development	3/498	10/12060	0.3	7.26506024096386	4.11325433649805	0.0067583093379968	0.0359621845118087	0.0255757266460319	RET/GATA3/SIX1	3
GO:1902043	positive regulation of extrinsic apoptotic signaling pathway via death domain receptors	3/498	10/12060	0.3	7.26506024096386	4.11325433649805	0.0067583093379968	0.0359621845118087	0.0255757266460319	SFRP1/THBS1/PMAIP1	3
GO:1902746	regulation of lens fiber cell differentiation	3/498	10/12060	0.3	7.26506024096386	4.11325433649805	0.0067583093379968	0.0359621845118087	0.0255757266460319	SPRY1/SPRY2/SPRED3	3
GO:1903054	negative regulation of extracellular matrix organization	3/498	10/12060	0.3	7.26506024096386	4.11325433649805	0.0067583093379968	0.0359621845118087	0.0255757266460319	TIMP3/EMILIN1/TGFB1	3
GO:1903978	regulation of microglial cell activation	3/498	10/12060	0.3	7.26506024096386	4.11325433649805	0.0067583093379968	0.0359621845118087	0.0255757266460319	CTSC/LDLR/NR1D1	3
GO:0010469	regulation of signaling receptor activity	4/498	19/12060	0.210526315789474	5.09828788839569	3.71023844587685	0.00679059636821282	0.0359621845118087	0.0255757266460319	GPRC5A/CACNG8/LYNX1/CACNG7	4
GO:0035988	chondrocyte proliferation	4/498	19/12060	0.210526315789474	5.09828788839569	3.71023844587685	0.00679059636821282	0.0359621845118087	0.0255757266460319	CCN2/FOSL2/STC1/DDR2	4
GO:0045684	positive regulation of epidermis development	4/498	19/12060	0.210526315789474	5.09828788839569	3.71023844587685	0.00679059636821282	0.0359621845118087	0.0255757266460319	ETV4/PRKCH/SFN/FOXC1	4
GO:0046580	negative regulation of Ras protein signal transduction	4/498	19/12060	0.210526315789474	5.09828788839569	3.71023844587685	0.00679059636821282	0.0359621845118087	0.0255757266460319	SPRY4/SPRY1/SPRY2/TGFB2	4
GO:0060706	cell differentiation involved in embryonic placenta development	4/498	19/12060	0.210526315789474	5.09828788839569	3.71023844587685	0.00679059636821282	0.0359621845118087	0.0255757266460319	ST14/PRDM1/LIF/FZD5	4
GO:2001234	negative regulation of apoptotic signaling pathway	16/498	195/12060	0.0820512820512821	1.9870250231696	2.88380196843882	0.00693183197136116	0.0366643780829352	0.0260751154087427	SIAH2/KLF4/XBP1/THBS1/NRG1/UNC5B/HERPUD1/YBX3/PYCR1/LGALS3/GCLM/BID/PLAUR/CXCL12/FZD9/HMOX1	16
GO:0071466	cellular response to xenobiotic stimulus	11/498	113/12060	0.0973451327433628	2.35739417848385	3.00863572872589	0.00694839868804809	0.0367062356596513	0.0261048838434107	CYP2S1/CEBPA/KCNQ3/FUT1/EDN1/ABCC3/WNK4/ADA/NKX3-1/MYC/CYP1B1	11
GO:0030512	negative regulation of transforming growth factor beta receptor signaling pathway	9/498	83/12060	0.108433734939759	2.62592538830019	3.08474643029696	0.00708368361292125	0.0372816202059701	0.0265140880692599	CDH3/SPRY1/SPRY2/XBP1/SPRED3/GDF15/LRRC32/CAV2/EMILIN1	9
GO:0042303	molting cycle	9/498	83/12060	0.108433734939759	2.62592538830019	3.08474643029696	0.00708368361292125	0.0372816202059701	0.0265140880692599	CDH3/FERMT1/IGFBP5/PDGFA/EDA/LGR4/MPZL3/LHX2/TGFB2	9
GO:0042633	hair cycle	9/498	83/12060	0.108433734939759	2.62592538830019	3.08474643029696	0.00708368361292125	0.0372816202059701	0.0265140880692599	CDH3/FERMT1/IGFBP5/PDGFA/EDA/LGR4/MPZL3/LHX2/TGFB2	9
GO:0042558	pteridine-containing compound metabolic process	5/498	30/12060	0.166666666666667	4.03614457831325	3.45544590545256	0.00712794471129803	0.0373754529855701	0.026580820431436	MTHFD1L/MTHFD2/SHMT2/ALDH1L2/SPR	5
GO:0042908	xenobiotic transport	5/498	30/12060	0.166666666666667	4.03614457831325	3.45544590545256	0.00712794471129803	0.0373754529855701	0.026580820431436	ATP8B1/ABCG2/SLC7A5/ABCC3/SLC43A3	5
GO:0060674	placenta blood vessel development	5/498	30/12060	0.166666666666667	4.03614457831325	3.45544590545256	0.00712794471129803	0.0373754529855701	0.026580820431436	SPINT1/CCN1/FOSL1/FZD5/HEY1	5
GO:0048704	embryonic skeletal system morphogenesis	7/498	55/12060	0.127272727272727	3.08214676889376	3.21192531493171	0.00715692051281546	0.037388739920398	0.0265902698855705	MTHFD1L/FOXC2/IRX5/TWIST1/GSC/SIX1/RUNX2	7
GO:0061035	regulation of cartilage development	7/498	55/12060	0.127272727272727	3.08214676889376	3.21192531493171	0.00715692051281546	0.037388739920398	0.0265902698855705	CCN1/FGF18/CCN2/PKDCC/TGFB1/RUNX2/TGFB2	7
GO:0140115	export across plasma membrane	7/498	55/12060	0.127272727272727	3.08214676889376	3.21192531493171	0.00715692051281546	0.037388739920398	0.0265902698855705	SLC40A1/ABCG2/KCNE3/WNK4/SLC8A2/FXYD5/SLC8A1	7
GO:1903706	regulation of hemopoiesis	21/498	284/12060	0.073943661971831	1.7906838622094	2.79844633473707	0.00716820792671929	0.0374016457873841	0.026599448330391	SFRP1/CEBPA/VSIR/XBP1/GATA3/PRDM1/TRIB1/MEIS2/IL4R/ADA/CEBPB/TLR4/JAG1/RUNX1/MYC/CARD11/ZFP36/FOS/TGFB1/LIF/JAK3	21
GO:0006942	regulation of striated muscle contraction	8/498	69/12060	0.115942028985507	2.80775275013096	3.1252856022243	0.00731699265220732	0.03813105998853	0.027118195966929	JPH1/SCN5A/STC1/TRPV4/SLC8A1/ASPH/FKBP1C/CAV1	8
GO:0044403	biological process involved in symbiotic interaction	13/498	146/12060	0.089041095890411	2.15629641855092	2.91722983782049	0.00739738434263469	0.0384935892188416	0.027376020918931	TRIM38/SLC1A5/SLC7A1/F11R/F2RL1/TPCN1/BST2/PVR/EPHA2/LDLR/ANPEP/CAV2/CAV1	13
GO:0046661	male sex differentiation	11/498	114/12060	0.0964912280701754	2.33671528218136	2.97600680618348	0.00741378179910268	0.0384935892188416	0.027376020918931	FKBP4/SFRP1/KIT/GATA3/YBX3/LGR4/AKR1C3/NKX3-1/ZFP42/TBX3/TGFB2	11
GO:0062013	positive regulation of small molecule metabolic process	11/498	114/12060	0.0964912280701754	2.33671528218136	2.97600680618348	0.00741378179910268	0.0384935892188416	0.027376020918931	EDN1/ADM/TWIST1/ADCYAP1R1/GDF15/PRKAG2/PID1/INSIG1/PMAIP1/STARD4/NR1D1	11
GO:0015718	monocarboxylic acid transport	10/498	99/12060	0.101010101010101	2.44614822928076	2.99847545893081	0.00764394257834422	0.0395887314654392	0.0281548684532988	ATP8B1/ABCG2/THBS1/EDN1/ACSL3/ABCC3/SLC16A7/SLC16A3/SPX/SLC43A3	10
GO:0048675	axon extension	10/498	99/12060	0.101010101010101	2.44614822928076	2.99847545893081	0.00764394257834422	0.0395887314654392	0.0281548684532988	IFRD1/EDN1/PLXNA4/NTN1/LHX2/NGF/VEGFA/CXCL12/SEMA5A/SEMA7A	10
GO:0051209	release of sequestered calcium ion into cytosol	9/498	84/12060	0.107142857142857	2.59466437177281	3.04373527175422	0.00765270150911367	0.0395887314654392	0.0281548684532988	JPH1/THY1/NGF/SLC8A1/ITPR3/ASPH/FKBP1C/DDIT3/TGFB1	9
GO:1905475	regulation of protein localization to membrane	13/498	147/12060	0.0884353741496599	2.14162773543152	2.89019033363592	0.0078200027401074	0.040404934986036	0.0287353392565521	PRKCH/SFN/ACSL3/EPHA2/PKDCC/WNK4/PID1/LGALS3/NKD2/SLC7A11/FZD9/TGFB1/ITGA3	13
GO:0061458	reproductive system development	17/498	215/12060	0.0790697674418605	1.91482207901373	2.80893811731211	0.00785700057831794	0.0405467110136554	0.0288361680848498	FKBP4/SFRP1/KIT/FOXC1/KDR/GATA3/YBX3/IRX5/LGR4/TNC/AKR1C3/CEBPB/NKX3-1/VEGFA/ZFP42/TBX3/TGFB2	17
GO:0006022	aminoglycan metabolic process	7/498	56/12060	0.125	3.02710843373494	3.15545388117865	0.0078964037583986	0.0406018724159113	0.0288753979860547	PDGFB/GCNT2/FOXC1/HS3ST3B1/HS3ST3A1/B3GNT7/TGFB1	7
GO:0055117	regulation of cardiac muscle contraction	7/498	56/12060	0.125	3.02710843373494	3.15545388117865	0.0078964037583986	0.0406018724159113	0.0288753979860547	JPH1/SCN5A/STC1/SLC8A1/ASPH/FKBP1C/CAV1	7
GO:1902476	chloride transmembrane transport	7/498	56/12060	0.125	3.02710843373494	3.15545388117865	0.0078964037583986	0.0406018724159113	0.0288753979860547	CLDN4/SLC1A3/SLC12A8/GABRG3/GABRA5/KCNK2/SLC1A4	7
GO:0002703	regulation of leukocyte mediated immunity	12/498	131/12060	0.0916030534351145	2.21833900487446	2.90974957386446	0.00794078386108721	0.0407806357611767	0.0290025315991792	DDX21/KIT/F2RL1/ULBP1/BST2/GATA3/PVR/IL4R/TLR4/TGFB1/FZD5/JAK3	12
GO:0002698	negative regulation of immune effector process	8/498	70/12060	0.114285714285714	2.76764199655766	3.07813438354029	0.00797160390119011	0.0408400286821841	0.0290447708883942	BST2/PVR/IL4R/TWIST1/LGALS3/TGFB1/TGFB2/JAK3	8
GO:0098661	inorganic anion transmembrane transport	8/498	70/12060	0.114285714285714	2.76764199655766	3.07813438354029	0.00797160390119011	0.0408400286821841	0.0290447708883942	CLDN4/SLC1A3/SLC4A11/SLC12A8/GABRG3/GABRA5/KCNK2/SLC1A4	8
GO:0001523	retinoid metabolic process	6/498	43/12060	0.13953488372093	3.37909778649482	3.24341354881321	0.00800538608433356	0.040963628190281	0.0291326728686433	LRP8/LPL/CYP2S1/AKR1C3/LDLR/CYP1B1	6
GO:0030162	regulation of proteolysis	23/498	324/12060	0.0709876543209877	1.71909861668898	2.72304453636514	0.00811871221047264	0.0413949179449092	0.0294393991985185	CHAC1/MBP/SPON1/CCBE1/CEBPA/PTPN3/VSIR/XBP1/TRIB2/THBS1/HERPUD1/PRSS22/TRIB1/CTSC/TRIB3/RUNX1/LAMP3/PLK3/NKD2/TIMP3/PLAUR/ASPH/CAV1	23
GO:0001841	neural tube formation	10/498	100/12060	0.1	2.42168674698795	2.96273058980633	0.00819002722561802	0.0413949179449092	0.0294393991985185	SPINT1/MTHFD1L/SFRP1/ST14/ADM/TWIST1/LHX2/DLC1/TGFB1/TGFB2	10
GO:0006730	one-carbon metabolic process	4/498	20/12060	0.2	4.8433734939759	3.56999971541818	0.00821592167104492	0.0413949179449092	0.0294393991985185	MTHFD1L/MTHFD2/SHMT2/ALDH1L2	4
GO:0044342	type B pancreatic cell proliferation	4/498	20/12060	0.2	4.8433734939759	3.56999971541818	0.00821592167104492	0.0413949179449092	0.0294393991985185	IGFBP3/IGFBP5/NR4A3/NR1D1	4
GO:0048670	regulation of collateral sprouting	4/498	20/12060	0.2	4.8433734939759	3.56999971541818	0.00821592167104492	0.0413949179449092	0.0294393991985185	DCC/IFRD1/LPAR3/NGF	4
GO:0048846	axon extension involved in axon guidance	4/498	20/12060	0.2	4.8433734939759	3.56999971541818	0.00821592167104492	0.0413949179449092	0.0294393991985185	PLXNA4/VEGFA/CXCL12/SEMA5A	4
GO:0060343	trabecula formation	4/498	20/12060	0.2	4.8433734939759	3.56999971541818	0.00821592167104492	0.0413949179449092	0.0294393991985185	SLC40A1/SFRP1/VEGFA/HEY1	4
GO:0061318	renal filtration cell differentiation	4/498	20/12060	0.2	4.8433734939759	3.56999971541818	0.00821592167104492	0.0413949179449092	0.0294393991985185	MYO1E/FOXC2/EDN1/JAG1	4
GO:0072112	podocyte differentiation	4/498	20/12060	0.2	4.8433734939759	3.56999971541818	0.00821592167104492	0.0413949179449092	0.0294393991985185	MYO1E/FOXC2/EDN1/JAG1	4
GO:1902284	neuron projection extension involved in neuron projection guidance	4/498	20/12060	0.2	4.8433734939759	3.56999971541818	0.00821592167104492	0.0413949179449092	0.0294393991985185	PLXNA4/VEGFA/CXCL12/SEMA5A	4
GO:0034110	regulation of homotypic cell-cell adhesion	5/498	31/12060	0.161290322580645	3.9059463661096	3.36207591387635	0.00821653015313851	0.0413949179449092	0.0294393991985185	F11R/CD9/PLAUR/EMILIN1/SH2B3	5
GO:0060251	regulation of glial cell proliferation	5/498	31/12060	0.161290322580645	3.9059463661096	3.36207591387635	0.00821653015313851	0.0413949179449092	0.0294393991985185	PRKCH/SLC7A5/NTN1/ETV5/VEGFC	5
GO:1902742	apoptotic process involved in development	5/498	31/12060	0.161290322580645	3.9059463661096	3.36207591387635	0.00821653015313851	0.0413949179449092	0.0294393991985185	CCN1/FOXC1/FOXC2/FZD5/TGFB2	5
GO:0051283	negative regulation of sequestering of calcium ion	9/498	85/12060	0.105882352941176	2.56413890857548	3.00331480973235	0.00825593640014485	0.0415441070099816	0.0295455000597055	JPH1/THY1/NGF/SLC8A1/ITPR3/ASPH/FKBP1C/DDIT3/TGFB1	9
GO:0045137	development of primary sexual characteristics	14/498	165/12060	0.0848484848484849	2.05476451259584	2.83119051685122	0.00841672302017918	0.0422145056498939	0.0300222767792243	SFRP1/KIT/FOXC1/KDR/GATA3/YBX3/IRX5/AKR1C3/CEBPB/NKX3-1/ADCYAP1R1/VEGFA/ZFP42/TGFB2	14
GO:0008360	regulation of cell shape	11/498	116/12060	0.0948275862068965	2.29642708766099	2.91176304838749	0.00841720495862278	0.0422145056498939	0.0300222767792243	CDC42EP3/LPAR1/SEMA3E/KIT/FBLIM1/F11R/KDR/PLXNC1/VEGFA/PLXND1/FMNL1	11
GO:0050670	regulation of lymphocyte proliferation	12/498	132/12060	0.0909090909090909	2.20153340635268	2.88066553644435	0.00841901739269454	0.0422145056498939	0.0300222767792243	SLC7A1/TNFRSF21/VSIR/ADA/CEBPB/TLR4/LGALS3/LRRC32/CARD11/BID/RASSF5/TGFB1	12
GO:0014823	response to activity	7/498	57/12060	0.12280701754386	2.97400126823082	3.10022910120874	0.0086907482335041	0.0433719458900287	0.0308454296436195	SLC38A2/SLC7A5/FUT1/EDN1/TNS2/GCLM/FOS	7
GO:0070059	intrinsic apoptotic signaling pathway in response to endoplasmic reticulum stress	7/498	57/12060	0.12280701754386	2.97400126823082	3.10022910120874	0.0086907482335041	0.0433719458900287	0.0308454296436195	CHAC1/XBP1/HERPUD1/CEBPB/TRIB3/PMAIP1/DDIT3	7
GO:0071260	cellular response to mechanical stimulus	7/498	57/12060	0.12280701754386	2.97400126823082	3.10022910120874	0.0086907482335041	0.0433719458900287	0.0308454296436195	F11R/SLC38A2/GADD45A/TLR4/PIEZO1/TGFB1/LTBR	7
GO:0071496	cellular response to external stimulus	7/498	57/12060	0.12280701754386	2.97400126823082	3.10022910120874	0.0086907482335041	0.0433719458900287	0.0308454296436195	F11R/SLC38A2/GADD45A/TLR4/PIEZO1/TGFB1/LTBR	7
GO:0043524	negative regulation of neuron apoptotic process	13/498	149/12060	0.087248322147651	2.11288105441902	2.83675355253149	0.00872229357871006	0.0434782248659085	0.0309210135402103	SEMA3E/AARS1/KDR/UNC5B/PYCR1/CEBPB/NGF/NDNF/PLXND1/SIX1/GCLM/FZD9/NR4A3	13
GO:0051091	positive regulation of DNA-binding transcription factor activity	9/498	86/12060	0.104651162790698	2.53432333987111	2.96346857758173	0.00889465261787407	0.0441380855072039	0.0313902958047709	RIPK4/KIT/PRKCH/IRAK1/RHEBL1/TLR4/CARD11/DDR2/DDIT3	9
GO:0008542	visual learning	6/498	44/12060	0.136363636363636	3.30230010952903	3.17513466158224	0.00895453706067665	0.0441380855072039	0.0313902958047709	LRRN4/KIT/MEIS2/NETO1/COMT/SLC7A11	6
GO:0048009	insulin-like growth factor receptor signaling pathway	6/498	44/12060	0.136363636363636	3.30230010952903	3.17513466158224	0.00895453706067665	0.0441380855072039	0.0313902958047709	CDH3/IGFBP3/IGFBP5/IGFBP6/NKX3-1/CRIM1	6
GO:0006883	intracellular sodium ion homeostasis	3/498	11/12060	0.272727272727273	6.60460021905805	3.85939576782466	0.00901074541471914	0.0441380855072039	0.0313902958047709	SCNN1A/SLC1A3/SLC8A1	3
GO:0010522	regulation of calcium ion transport into cytosol	3/498	11/12060	0.272727272727273	6.60460021905805	3.85939576782466	0.00901074541471914	0.0441380855072039	0.0313902958047709	ADCYAP1R1/ASPH/CAV1	3
GO:0014745	negative regulation of muscle adaptation	3/498	11/12060	0.272727272727273	6.60460021905805	3.85939576782466	0.00901074541471914	0.0441380855072039	0.0313902958047709	IGFBP5/KLF4/APLN	3
GO:0031272	regulation of pseudopodium assembly	3/498	11/12060	0.272727272727273	6.60460021905805	3.85939576782466	0.00901074541471914	0.0441380855072039	0.0313902958047709	CDC42EP3/KIT/F2RL1	3
GO:0031274	positive regulation of pseudopodium assembly	3/498	11/12060	0.272727272727273	6.60460021905805	3.85939576782466	0.00901074541471914	0.0441380855072039	0.0313902958047709	CDC42EP3/KIT/F2RL1	3
GO:0042448	progesterone metabolic process	3/498	11/12060	0.272727272727273	6.60460021905805	3.85939576782466	0.00901074541471914	0.0441380855072039	0.0313902958047709	EGR1/ADM/AKR1C3	3
GO:0045618	positive regulation of keratinocyte differentiation	3/498	11/12060	0.272727272727273	6.60460021905805	3.85939576782466	0.00901074541471914	0.0441380855072039	0.0313902958047709	ETV4/PRKCH/FOXC1	3
GO:0048635	negative regulation of muscle organ development	3/498	11/12060	0.272727272727273	6.60460021905805	3.85939576782466	0.00901074541471914	0.0441380855072039	0.0313902958047709	YBX3/TWIST1/TGFB1	3
GO:0070778	L-aspartate transmembrane transport	3/498	11/12060	0.272727272727273	6.60460021905805	3.85939576782466	0.00901074541471914	0.0441380855072039	0.0313902958047709	SLC1A5/SLC1A3/SLC1A4	3
GO:0075509	endocytosis involved in viral entry into host cell	3/498	11/12060	0.272727272727273	6.60460021905805	3.85939576782466	0.00901074541471914	0.0441380855072039	0.0313902958047709	TPCN1/CAV2/CAV1	3
GO:0097084	vascular associated smooth muscle cell development	3/498	11/12060	0.272727272727273	6.60460021905805	3.85939576782466	0.00901074541471914	0.0441380855072039	0.0313902958047709	RAMP2/ADM/VEGFA	3
GO:1902548	negative regulation of cellular response to vascular endothelial growth factor stimulus	3/498	11/12060	0.272727272727273	6.60460021905805	3.85939576782466	0.00901074541471914	0.0441380855072039	0.0313902958047709	SPRY2/ADGRA2/EMILIN1	3
GO:0051048	negative regulation of secretion	10/498	102/12060	0.0980392156862745	2.37420269312544	2.89251382320019	0.00937176584015961	0.0458535532802273	0.0326103088665057	F2RL1/ADRA2B/NRG1/EDN1/WNK4/ADA/SYTL4/SPX/RHBDF2/LIF	10
GO:0030166	proteoglycan biosynthetic process	8/498	72/12060	0.111111111111111	2.69076305220884	2.98627271527311	0.00941151755555673	0.0458543300103774	0.0326108612644834	CHST2/ST3GAL1/HS3ST3B1/HS3ST3A1/CHST7/B3GNT7/FOXL1/CHSY3	8
GO:0001953	negative regulation of cell-matrix adhesion	5/498	32/12060	0.15625	3.78388554216867	3.2725289067318	0.00941516299835897	0.0458543300103774	0.0326108612644834	SEMA3E/AJAP1/THBS1/JAG1/DLC1	5
GO:0050922	negative regulation of chemotaxis	5/498	32/12060	0.15625	3.78388554216867	3.2725289067318	0.00941516299835897	0.0458543300103774	0.0326108612644834	NBL1/MICOS10-NBL1/THBS1/DUSP1/SEMA5A	5
GO:0051480	regulation of cytosolic calcium ion concentration	5/498	32/12060	0.15625	3.78388554216867	3.2725289067318	0.00941516299835897	0.0458543300103774	0.0326108612644834	SLC8A2/CAV2/ASPH/FZD9/CAV1	5
GO:0048872	homeostasis of number of cells	20/498	273/12060	0.0732600732600733	1.77412948497286	2.6850175414939	0.00943854193532198	0.0459154757908668	0.0326543471591415	SLC40A1/SLC1A5/KIT/SPNS2/GATA3/EPAS1/LGR4/FOSL2/ADA/VEGFA/PMAIP1/CARD11/TRIM58/ZFP36/SLC7A11/SH2B3/TGFB1/HMOX1/TGFB2/JAK3	20
GO:0035904	aorta development	7/498	58/12060	0.120689655172414	2.9227253842958	3.04619907569966	0.00954222839459558	0.0463667042953888	0.0329752536069343	PRDM1/NKX3-1/JAG1/PLXND1/SIX1/TGFB2/HEY1	7
GO:0051282	regulation of sequestering of calcium ion	9/498	87/12060	0.103448275862069	2.50519318653926	2.92418075977061	0.00957011868689255	0.0464490199883275	0.033033795202498	JPH1/THY1/NGF/SLC8A1/ITPR3/ASPH/FKBP1C/DDIT3/TGFB1	9
GO:0010817	regulation of hormone levels	23/498	329/12060	0.0699088145896656	1.69297249789431	2.64484525325949	0.00966712528071081	0.046866223360886	0.0333305035242312	SLC39A14/CYP2S1/EGR1/F2RL1/SYT7/SLC7A5/APLN/EDN1/GATA3/PCK2/STC2/ADM/F2RL2/WNK4/AKR1C3/NKX3-1/TRPV4/SYTL4/TBX3/ANPEP/LIF/CYP1B1/NR1D1	23
GO:0001990	regulation of systemic arterial blood pressure by hormone	4/498	21/12060	0.19047619047619	4.61273666092943	3.43878150889199	0.00982397384482831	0.0470884712426686	0.0334885626396407	F2RL1/EDN1/COMT/ANPEP	4
GO:0002053	positive regulation of mesenchymal cell proliferation	4/498	21/12060	0.19047619047619	4.61273666092943	3.43878150889199	0.00982397384482831	0.0470884712426686	0.0334885626396407	PDGFA/KDR/MYC/SIX1	4
GO:0033622	integrin activation	4/498	21/12060	0.19047619047619	4.61273666092943	3.43878150889199	0.00982397384482831	0.0470884712426686	0.0334885626396407	FERMT1/FBLIM1/PIEZO1/CXCL12	4
GO:0035994	response to muscle stretch	4/498	21/12060	0.19047619047619	4.61273666092943	3.43878150889199	0.00982397384482831	0.0470884712426686	0.0334885626396407	EDN1/SLC8A1/DDR2/FOS	4
GO:0051882	mitochondrial depolarization	4/498	21/12060	0.19047619047619	4.61273666092943	3.43878150889199	0.00982397384482831	0.0470884712426686	0.0334885626396407	KCNQ3/KDR/GCLM/FZD9	4
GO:0071676	negative regulation of mononuclear cell migration	4/498	21/12060	0.19047619047619	4.61273666092943	3.43878150889199	0.00982397384482831	0.0470884712426686	0.0334885626396407	NBL1/MICOS10-NBL1/DUSP1/EMILIN1	4
GO:0072012	glomerulus vasculature development	4/498	21/12060	0.19047619047619	4.61273666092943	3.43878150889199	0.00982397384482831	0.0470884712426686	0.0334885626396407	PDGFB/EGR1/FOXC2/EDN1	4
GO:0072311	glomerular epithelial cell differentiation	4/498	21/12060	0.19047619047619	4.61273666092943	3.43878150889199	0.00982397384482831	0.0470884712426686	0.0334885626396407	MYO1E/FOXC2/EDN1/JAG1	4
GO:0097028	dendritic cell differentiation	4/498	21/12060	0.19047619047619	4.61273666092943	3.43878150889199	0.00982397384482831	0.0470884712426686	0.0334885626396407	F2RL1/CEBPB/TGFB1/LTBR	4
GO:1902894	negative regulation of miRNA transcription	4/498	21/12060	0.19047619047619	4.61273666092943	3.43878150889199	0.00982397384482831	0.0470884712426686	0.0334885626396407	PDGFB/TWIST1/VEGFA/TGFB1	4
GO:0007264	small GTPase-mediated signal transduction	29/498	444/12060	0.0653153153153153	1.58173233474438	2.59203119480235	0.00989774301409916	0.047388516778565	0.0337019501941407	ARHGAP29/SPRY4/CDC42EP3/LPAR1/ARHGAP45/SIAH2/SPRY1/PLEKHG6/SPRY2/EPS8L1/RGL3/ARHGEF19/F11R/ARHGDIB/F2RL1/SH3BP1/RAP1GAP2/RND3/ARHGAP22/NTN1/RHEBL1/NGF/ADCYAP1R1/RASL10A/DLC1/STARD8/RASGRP2/TGFB2/ITGA3	29
GO:0032944	regulation of mononuclear cell proliferation	12/498	135/12060	0.0888888888888889	2.15261044176707	2.79495021526531	0.00998972737181249	0.0477615081482096	0.0339672156511995	SLC7A1/TNFRSF21/VSIR/ADA/CEBPB/TLR4/LGALS3/LRRC32/CARD11/BID/RASSF5/TGFB1	12
GO:0048593	camera-type eye morphogenesis	10/498	103/12060	0.0970873786407767	2.3511521815417	2.85802222004382	0.0100094249749548	0.0477615081482096	0.0339672156511995	THRB/KDR/PRDM1/IRX5/EPHA2/TWIST1/THY1/VEGFA/JAG1/FZD5	10
GO:2000377	regulation of reactive oxygen species metabolic process	10/498	103/12060	0.0970873786407767	2.3511521815417	2.85802222004382	0.0100094249749548	0.0477615081482096	0.0339672156511995	HK2/PDGFB/F2RL1/THBS1/AKR1C3/GADD45A/TLR4/PID1/TGFB1/CYP1B1	10
GO:0007584	response to nutrient	11/498	119/12060	0.092436974789916	2.23853396780399	2.81783065792584	0.0101160844483175	0.0481620990233029	0.0342521094321909	PIM1/SFRP1/LPL/CEBPA/XBP1/STC2/TNC/AKR1C3/STC1/GCLM/TGFB1	11
GO:0038127	ERBB signaling pathway	11/498	119/12060	0.092436974789916	2.23853396780399	2.81783065792584	0.0101160844483175	0.0481620990233029	0.0342521094321909	SPRY2/PTPN3/ADRA2B/TGFA/NRG1/GPRC5A/NRG3/PLAUR/RHBDF2/TGFB1/HBEGF	11
GO:0001942	hair follicle development	8/498	73/12060	0.10958904109589	2.65390328437036	2.9415086068549	0.0102001412295793	0.0483993278477354	0.034420822752825	CDH3/FERMT1/IGFBP5/PDGFA/EDA/LGR4/LHX2/TGFB2	8
GO:0030516	regulation of axon extension	8/498	73/12060	0.10958904109589	2.65390328437036	2.9415086068549	0.0102001412295793	0.0483993278477354	0.034420822752825	IFRD1/PLXNA4/NTN1/NGF/VEGFA/CXCL12/SEMA5A/SEMA7A	8
GO:1903707	negative regulation of hemopoiesis	8/498	73/12060	0.10958904109589	2.65390328437036	2.9415086068549	0.0102001412295793	0.0483993278477354	0.034420822752825	SFRP1/CEBPA/TRIB1/IL4R/TLR4/RUNX1/MYC/JAK3	8
GO:0050863	regulation of T cell activation	18/498	239/12060	0.0753138075313808	1.82386449563946	2.66981682502298	0.0102681218408387	0.0486674556970255	0.0346115109624743	SLC7A1/TNFRSF21/VSIR/XBP1/GATA3/PRDM1/IL4R/ADA/THY1/CEBPB/RUNX1/LGALS3/LRRC32/CARD11/BID/TGFB1/CAV1/JAK3	18
GO:0046660	female sex differentiation	9/498	88/12060	0.102272727272727	2.47672508214677	2.88543615887218	0.0102836054173577	0.0486864443978029	0.0346250154207557	SFRP1/KIT/FOXC1/KDR/CEBPB/ADCYAP1R1/VEGFA/ZFP42/TBX3	9
GO:0002260	lymphocyte homeostasis	7/498	59/12060	0.11864406779661	2.87318766591791	2.99331494397038	0.0104531030433573	0.0492689590110241	0.0350392904353942	SLC40A1/SPNS2/ADA/PMAIP1/TGFB1/TGFB2/JAK3	7
GO:0032922	circadian regulation of gene expression	7/498	59/12060	0.11864406779661	2.87318766591791	2.99331494397038	0.0104531030433573	0.0492689590110241	0.0350392904353942	EGR1/NPAS2/NOCT/LGR4/NAMPT/BHLHE40/NR1D1	7
GO:0042475	odontogenesis of dentin-containing tooth	7/498	59/12060	0.11864406779661	2.87318766591791	2.99331494397038	0.0104531030433573	0.0492689590110241	0.0350392904353942	SCN5A/FAM20C/FOXC1/EDA/TNC/TGFB1/RUNX2	7
GO:0070227	lymphocyte apoptotic process	7/498	59/12060	0.11864406779661	2.87318766591791	2.99331494397038	0.0104531030433573	0.0492689590110241	0.0350392904353942	ST3GAL1/TNFRSF21/ADA/LGALS3/MYC/TGFB2/JAK3	7
