ID	Description	setSize	enrichmentScore	NES	pvalue	p.adjust	qvalue	rank	leading_edge	core_enrichment
R-HSA-9948299	Ribosome-associated quality control	141	0.750306082802587	3.29868960796996	1e-10	2.16571428571429e-09	1.64360902255639e-09	2140	tags=67%, list=15%, signal=58%	6129/6233/6231/6206/6144/6160/6227/6168/6176/6222/6133/6208/6134/6164/6203/6217/200916/6223/6173/6207/6139/5692/6146/9349/5691/5695/6175/6189/6193/3921/6201/4736/6209/5686/6228/6181/5687/5693/6156/6921/51065/5689/6218/6234/6170/5702/5694/6142/6138/10213/9045/6188/6154/6210/10973/6224/9978/5717/5688/5719/5700/7323/5701/6135/7979/6229/6159/6235/5713/6161/6128/9861/7314/6165/6141/6122/5707/11047/6923/6157/6155/5706/7311/7353/6166/5684/2197/6125/6130/7415/5683/7316/25873/11224/6230
R-HSA-9010553	Regulation of expression of SLITs and ROBOs	150	0.7391009973893	3.26987204033862	1e-10	2.16571428571429e-09	1.64360902255639e-09	1784	tags=61%, list=13%, signal=54%	6129/6233/6231/6206/6144/6160/6227/6168/6176/6222/6133/6208/6134/6164/6203/6217/200916/6223/6173/6207/6139/5692/6146/9349/5691/5695/6175/6189/6193/3921/6201/4736/6209/5686/6228/6181/5687/5693/6156/6921/51065/5689/6218/6234/6170/5702/5694/6142/2107/6138/10213/9045/6188/6154/6210/6224/9978/4116/5717/5688/5719/5700/5701/4686/6135/7979/6229/23032/6159/6235/5713/6161/6128/9861/7314/6165/6141/6122/5707/11047/6923/55110/26986/6157/6155/5706/7311/6166/5684/2197/6125/6130
R-HSA-975956	Nonsense Mediated Decay (NMD) independent of the Exon Junction Complex (EJC)	92	0.792799972576428	3.26978026155144	1e-10	2.16571428571429e-09	1.64360902255639e-09	1784	tags=68%, list=13%, signal=60%	6129/6233/6231/6206/6144/6160/6227/6168/6176/6222/6133/6208/6134/6164/6203/6217/200916/6223/6173/6207/6139/6146/9349/6175/6189/6193/3921/6201/4736/6209/6228/6181/6156/51065/6218/6234/6170/6142/2107/6138/9045/6188/6154/6210/6224/4686/6135/6229/6159/6235/6161/6128/6165/6141/6122/26986/6157/6155/7311/6166/2197/6125/6130
R-HSA-6791226	Major pathway of rRNA processing in the nucleolus and cytosol	179	0.712102402256678	3.25808260615227	1e-10	2.16571428571429e-09	1.64360902255639e-09	2140	tags=59%, list=15%, signal=51%	6129/6233/6231/6206/6144/6160/6227/6168/6176/6222/6133/6208/6134/54881/6164/6203/6217/200916/6223/6173/10969/6207/6139/6146/9349/10528/65083/6175/6189/6193/3921/6201/57647/22803/4736/6209/10885/6228/6181/6156/51065/6218/27340/22984/6234/6170/92856/6142/4809/6138/9045/6188/55720/6154/9277/6210/6224/4691/51010/84916/23246/51118/9136/23404/79707/6135/6229/6159/6235/56915/6161/6128/6165/6141/54555/6122/9188/134430/25879/55813/6157/55127/55272/6155/7311/27341/10813/6166/2197/6125/6130/56902/23481/55759/51388/10436/8602/23517/25873/57050/23016/26354/11224/79897/2091/6230
R-HSA-8868773	rRNA processing in the nucleus and cytosol	189	0.70914121006532	3.2430689180746	1e-10	2.16571428571429e-09	1.64360902255639e-09	2328	tags=60%, list=16%, signal=51%	6129/6233/6231/6206/6144/6160/6227/6168/6176/6222/6133/6208/6134/54881/6164/6203/6217/200916/6223/6173/10969/6207/6139/6146/9349/10528/65083/6175/6189/6193/3921/6201/57647/22803/4736/6209/10885/6228/6181/6156/51065/6218/27340/22984/6234/6170/92856/6142/4809/6138/9045/6188/55720/6154/9277/6210/6224/4691/51010/84916/23246/51118/9136/23404/79707/6135/6229/1736/6159/6235/56915/6161/6128/6165/6141/54555/6122/55651/9188/134430/25879/55813/54433/6157/55127/55272/6155/7311/27341/10813/6166/2197/6125/6130/56902/23481/55759/51388/10436/51504/8602/23517/25873/57050/23016/26354/11224/79897/2091/6230/55505/6132/84128/51602
R-HSA-9633012	Response of EIF2AK4 (GCN2) to amino acid deficiency	98	0.775672621860098	3.2355913416954	1e-10	2.16571428571429e-09	1.64360902255639e-09	1789	tags=65%, list=13%, signal=57%	6129/6233/6231/6206/6144/6160/6227/6168/468/6176/6222/6133/6208/6134/6164/6203/6217/200916/6223/6173/6207/6139/6146/9349/6175/6189/6193/3921/6201/4736/6209/6228/6181/6156/51065/6218/6234/6170/6142/6138/9045/6188/6154/6210/6224/8894/6135/6229/6159/6235/6161/6128/6165/6141/6122/6157/6155/7311/6166/467/2197/6125/6130/55364
R-HSA-2408522	Selenoamino acid metabolism	112	0.755017049244878	3.23111788629035	1e-10	2.16571428571429e-09	1.64360902255639e-09	1784	tags=62%, list=13%, signal=54%	6129/6233/6231/6206/6144/6160/6227/6168/6176/6222/6133/6208/6134/6164/6203/6217/200916/6223/6173/6207/6139/6146/51520/9349/3376/6175/6189/6193/3921/6201/22928/4736/6209/6228/6181/6156/51065/6218/2936/6234/6170/7296/6142/6138/9045/6188/6154/6210/6224/6135/6229/6159/6235/5917/6161/6128/6165/6141/6122/6157/2058/6155/7311/4141/102724560/6166/2197/6125/6130
R-HSA-156827	L13a-mediated translational silencing of Ceruloplasmin expression	108	0.758124262281611	3.22448125048873	1e-10	2.16571428571429e-09	1.64360902255639e-09	1784	tags=61%, list=13%, signal=54%	6129/6233/6231/6206/6144/6160/6227/6168/6176/6222/6133/6208/6134/6164/6203/6217/200916/6223/6173/6207/6139/6146/9349/6175/6189/6193/3921/6201/4736/6209/6228/6181/6156/51065/6218/6234/6170/6142/6138/9045/6188/6154/6210/6224/8663/1973/8894/10480/6135/6229/6159/6235/6161/6128/6165/6141/6122/26986/6157/1977/6155/7311/6166/2197/6125/6130
R-HSA-156842	Eukaryotic Translation Elongation	89	0.788974241327502	3.22242652602104	1e-10	2.16571428571429e-09	1.64360902255639e-09	1784	tags=70%, list=13%, signal=61%	6129/6233/6231/6206/6144/6160/6227/6168/6176/6222/6133/6208/6134/6164/6203/6217/200916/6223/6173/6207/6139/6146/9349/6175/6189/6193/3921/6201/4736/6209/6228/6181/6156/51065/6218/6234/6170/6142/6138/9045/6188/6154/1933/6210/6224/1936/6135/6229/6159/6235/6161/6128/6165/6141/6122/6157/6155/7311/6166/2197/6125/6130
R-HSA-72764	Eukaryotic Translation Termination	90	0.785529485671324	3.218723366456	1e-10	2.16571428571429e-09	1.64360902255639e-09	2140	tags=72%, list=15%, signal=62%	6129/6233/6231/6206/6144/6160/6227/6168/6176/6222/6133/6208/6134/6164/6203/6217/200916/6223/6173/6207/6139/6146/9349/6175/6189/6193/3921/6201/4736/6209/6228/6181/6156/51065/6218/6234/6170/6142/2107/6138/9045/6188/6154/6210/6224/6135/6229/6159/6235/6161/6128/6165/6141/6122/6157/6155/7311/6166/2197/6125/6130/51504/25873/11224/6230
R-HSA-72312	rRNA processing	206	0.695235148606189	3.21380962122428	1e-10	2.16571428571429e-09	1.64360902255639e-09	2328	tags=58%, list=16%, signal=49%	6129/6233/6231/6206/6144/6160/6227/6168/6176/6222/6133/6208/6134/54881/6164/6203/6217/200916/6223/6173/10969/6207/6139/6146/9349/10528/65083/6175/6189/6193/3921/6201/57647/22803/4736/6209/10885/6228/6181/6156/51065/51335/6218/27340/22984/6234/6170/92856/6142/4809/6138/9045/6188/55720/6154/9277/6210/6224/4691/51010/84916/23246/51118/9136/23404/79707/6135/6229/1736/6159/6235/56915/6161/6128/6165/6141/54555/6122/55651/9188/134430/54931/25879/55813/54433/6157/55127/55272/6155/81554/7311/27341/10813/84881/6166/2197/6125/6130/22868/56902/23481/55759/51388/10436/51504/8602/23517/25873/57050/23016/26354/11224/79897/2091/6230/55505/6132/84128/51602
R-HSA-72613	Eukaryotic Translation Initiation	116	0.746226152152805	3.21013386832312	1e-10	2.16571428571429e-09	1.64360902255639e-09	1784	tags=59%, list=13%, signal=52%	6129/6233/6231/6206/6144/6160/6227/6168/6176/6222/6133/6208/6134/6164/6203/6217/200916/6223/6173/6207/6139/6146/9349/6175/6189/6193/3921/6201/4736/6209/6228/6181/6156/51065/6218/6234/6170/6142/6138/9045/6188/6154/6210/6224/8663/1973/8894/10480/6135/6229/6159/6235/6161/6128/6165/6141/6122/26986/6157/1977/8890/6155/7311/1978/6166/2197/6125/6130
R-HSA-72737	Cap-dependent Translation Initiation	116	0.746226152152805	3.21013386832312	1e-10	2.16571428571429e-09	1.64360902255639e-09	1784	tags=59%, list=13%, signal=52%	6129/6233/6231/6206/6144/6160/6227/6168/6176/6222/6133/6208/6134/6164/6203/6217/200916/6223/6173/6207/6139/6146/9349/6175/6189/6193/3921/6201/4736/6209/6228/6181/6156/51065/6218/6234/6170/6142/6138/9045/6188/6154/6210/6224/8663/1973/8894/10480/6135/6229/6159/6235/6161/6128/6165/6141/6122/26986/6157/1977/8890/6155/7311/1978/6166/2197/6125/6130
R-HSA-192823	Viral mRNA Translation	86	0.794359292099006	3.2047286971413	1e-10	2.16571428571429e-09	1.64360902255639e-09	2140	tags=76%, list=15%, signal=65%	6129/6233/6231/6206/6144/6160/6227/6168/6176/6222/6133/6208/2926/6134/6164/6203/6217/200916/6223/6173/6207/6139/6146/9349/6175/6189/6193/3921/6201/4736/6209/6228/6181/6156/51065/6218/6234/6170/6142/6138/9045/6188/6154/6210/6224/6135/6229/6159/6235/6161/6128/6165/6141/6122/6157/6155/7311/6166/2197/6125/6130/25873/5611/11224/6230
R-HSA-156902	Peptide chain elongation	86	0.793122700435002	3.19973984533117	1e-10	2.16571428571429e-09	1.64360902255639e-09	1784	tags=70%, list=13%, signal=61%	6129/6233/6231/6206/6144/6160/6227/6168/6176/6222/6133/6208/6134/6164/6203/6217/200916/6223/6173/6207/6139/6146/9349/6175/6189/6193/3921/6201/4736/6209/6228/6181/6156/51065/6218/6234/6170/6142/6138/9045/6188/6154/6210/6224/6135/6229/6159/6235/6161/6128/6165/6141/6122/6157/6155/7311/6166/2197/6125/6130
R-HSA-72689	Formation of a pool of free 40S subunits	98	0.766731300623035	3.19829408411193	1e-10	2.16571428571429e-09	1.64360902255639e-09	1784	tags=63%, list=13%, signal=56%	6129/6233/6231/6206/6144/6160/6227/6168/6176/6222/6133/6208/6134/6164/6203/6217/200916/6223/6173/6207/6139/6146/9349/6175/6189/6193/3921/6201/4736/6209/6228/6181/6156/51065/6218/6234/6170/6142/6138/9045/6188/6154/6210/6224/8663/10480/6135/6229/6159/6235/6161/6128/6165/6141/6122/6157/6155/7311/6166/2197/6125/6130
R-HSA-72706	GTP hydrolysis and joining of the 60S ribosomal subunit	109	0.751452518794056	3.19441550977881	1e-10	2.16571428571429e-09	1.64360902255639e-09	1784	tags=60%, list=13%, signal=53%	6129/6233/6231/6206/6144/6160/6227/6168/6176/6222/6133/6208/6134/6164/6203/6217/200916/6223/6173/6207/6139/6146/9349/6175/6189/6193/3921/6201/4736/6209/6228/6181/6156/51065/6218/6234/6170/6142/6138/9045/6188/6154/6210/6224/8663/1973/8894/10480/6135/6229/6159/6235/6161/6128/6165/6141/6122/6157/1977/6155/7311/6166/2197/6125/6130
R-HSA-9954714	PELO:HBS1L and ABCE1 dissociate a ribosome on a non-stop mRNA	87	0.787859021762242	3.18992621860279	1e-10	2.16571428571429e-09	1.64360902255639e-09	1784	tags=69%, list=13%, signal=61%	6129/6233/6231/6206/6144/6160/6227/6168/6176/6222/6133/6208/6134/6164/6203/6217/200916/6223/6173/6207/6139/6146/9349/6175/6189/6193/3921/6201/4736/6209/6228/6181/6156/51065/6218/6234/6170/6142/6138/9045/6188/6154/6210/6224/6135/6229/6159/6235/6161/6128/6165/6141/6122/6157/6155/7311/6166/2197/6125/6130
R-HSA-1799339	SRP-dependent cotranslational protein targeting to membrane	109	0.750276506969753	3.18941629782958	1e-10	2.16571428571429e-09	1.64360902255639e-09	2291	tags=71%, list=16%, signal=60%	6129/6233/6231/6206/6144/6160/6227/6168/6176/6222/6133/6208/6134/6164/6203/6217/200916/6223/6173/6207/6139/6146/9349/6175/6189/6193/3921/6201/4736/6209/6228/29927/6181/6156/51065/6218/6234/6170/10952/6142/6138/9045/6188/6154/6210/6224/6728/28972/23480/6135/6229/6159/6235/90701/6161/6128/6165/6141/6122/6157/6727/9789/6155/7311/6726/6166/2197/6125/1650/6130/6747/25873/11224/58477/6230/6748/6132
R-HSA-9954716	ZNF598 and the Ribosome-associated Quality Trigger (RQT) complex dissociate a ribosome stalled on a no-go mRNA	93	0.774648017921622	3.18770059155419	1e-10	2.16571428571429e-09	1.64360902255639e-09	2140	tags=72%, list=15%, signal=62%	6129/6233/6231/6206/6144/6160/6227/6168/6176/6222/6133/6208/6134/6164/6203/6217/200916/6223/6173/6207/6139/6146/9349/6175/6189/6193/3921/6201/4736/6209/6228/6181/6156/51065/6218/6234/6170/6142/6138/9045/6188/6154/6210/10973/6224/7323/6135/6229/6159/6235/6161/6128/7314/6165/6141/6122/6157/6155/7311/6166/2197/6125/6130/7316/25873/11224/6230
R-HSA-927802	Nonsense-Mediated Decay (NMD)	112	0.744087312716664	3.18434375420409	1e-10	2.16571428571429e-09	1.64360902255639e-09	1784	tags=60%, list=13%, signal=53%	6129/6233/6231/6206/6144/6160/6227/6168/6176/6222/6133/6208/6134/6164/6203/6217/200916/6223/6173/6207/6139/6146/9349/6175/6189/6193/3921/6201/4736/6209/6228/6181/6156/51065/6218/6234/6170/6142/2107/6138/9045/6188/6154/6210/6224/4116/4686/6135/6229/6159/6235/6161/6128/23381/6165/6141/6122/55110/26986/6157/5518/6155/7311/6166/2197/6125/6130
R-HSA-975957	Nonsense Mediated Decay (NMD) enhanced by the Exon Junction Complex (EJC)	112	0.744087312716664	3.18434375420409	1e-10	2.16571428571429e-09	1.64360902255639e-09	1784	tags=60%, list=13%, signal=53%	6129/6233/6231/6206/6144/6160/6227/6168/6176/6222/6133/6208/6134/6164/6203/6217/200916/6223/6173/6207/6139/6146/9349/6175/6189/6193/3921/6201/4736/6209/6228/6181/6156/51065/6218/6234/6170/6142/2107/6138/9045/6188/6154/6210/6224/4116/4686/6135/6229/6159/6235/6161/6128/23381/6165/6141/6122/55110/26986/6157/5518/6155/7311/6166/2197/6125/6130
R-HSA-2408557	Selenocysteine synthesis	90	0.77648889813821	3.1816793714563	1e-10	2.16571428571429e-09	1.64360902255639e-09	1784	tags=68%, list=13%, signal=60%	6129/6233/6231/6206/6144/6160/6227/6168/6176/6222/6133/6208/6134/6164/6203/6217/200916/6223/6173/6207/6139/6146/9349/6175/6189/6193/3921/6201/22928/4736/6209/6228/6181/6156/51065/6218/6234/6170/6142/6138/9045/6188/6154/6210/6224/6135/6229/6159/6235/6161/6128/6165/6141/6122/6157/6155/7311/6166/2197/6125/6130
R-HSA-9954709	Ribosome Quality Control (RQC) complex extracts and degrades nascent peptide	101	0.754307431438795	3.16579014685179	1e-10	2.16571428571429e-09	1.64360902255639e-09	2133	tags=67%, list=15%, signal=58%	6129/6233/6144/6160/6168/6176/6133/6134/6164/200916/6173/6139/5692/6146/9349/5691/5695/6175/4736/5686/6181/5687/5693/6156/6921/5689/6170/5702/5694/6142/6138/10213/9045/6154/9978/5717/5688/5719/5700/5701/6135/7979/6159/5713/6161/6128/9861/7314/6165/6141/6122/5707/11047/6923/6157/6155/5706/7311/7353/6166/5684/6125/6130/7415/5683/7316/25873/11224
R-HSA-168273	Influenza Viral RNA Transcription and Replication	132	0.704436878065327	3.08088256924383	1e-10	2.16571428571429e-09	1.64360902255639e-09	2291	tags=60%, list=16%, signal=51%	6129/6233/6231/6206/6144/6160/6227/6168/6176/6222/5436/6133/6208/2926/6134/6164/6203/6217/200916/6223/6173/6207/6139/6146/9349/6175/6189/6193/3921/6201/4736/6209/6228/6181/6156/51065/6218/6234/6170/6142/6138/9045/6188/6154/6210/6224/55706/5435/3843/6135/6229/6159/81929/6235/6161/6128/142/6165/6141/6122/6157/129401/5441/6155/7311/6166/2197/6125/6130/2963/79023/4927/25873/5611/11224/6230/5432/53371/6132
R-HSA-168255	Influenza Infection	151	0.691027317993043	3.06405138601621	1e-10	2.16571428571429e-09	1.64360902255639e-09	2226	tags=58%, list=16%, signal=49%	6129/6233/6231/6206/6144/6160/6227/6168/6176/6222/5436/6133/6208/2926/6134/6164/6203/6217/200916/6223/6173/6207/6139/6146/9349/821/6175/6189/6193/3921/6201/8106/4736/6209/6228/6181/5901/6156/51065/6218/6234/6170/6142/6138/9045/6188/6154/6210/6224/3840/55706/5435/3843/6135/6229/6159/81929/6235/6161/6128/142/6165/6141/6122/3304/3839/6157/129401/5441/1211/6155/7311/811/6166/2197/6125/7514/6130/2963/79023/4927/25873/5611/11224/6230/5432/53371
R-HSA-376176	Signaling by ROBO receptors	194	0.650455756726837	2.98760547942876	1e-10	2.16571428571429e-09	1.64360902255639e-09	1784	tags=49%, list=13%, signal=44%	6129/6233/6231/6206/6144/6160/6227/6168/6176/6222/6133/6208/6134/6164/6203/6387/6217/200916/6223/6173/6207/6139/5692/6146/9349/5691/5695/6175/6189/6193/3921/6201/4736/6209/5686/6228/6181/5687/5693/6156/6921/51065/5689/6218/6234/6170/5702/5694/6142/2107/6138/10213/9045/6188/6154/6210/6224/9978/4116/5717/5688/5719/5700/5701/4686/6135/5216/7979/6229/23032/6159/6235/5713/6161/6128/9861/7314/8829/6165/6141/6122/5707/11047/6923/55110/26986/7408/6157/6155/5706/7311/6166/5684/2197/6125/6130
R-HSA-9711097	Cellular response to starvation	148	0.670395976833011	2.96258563141268	1e-10	2.16571428571429e-09	1.64360902255639e-09	1789	tags=48%, list=13%, signal=42%	6129/6233/6231/6206/6144/6160/6227/6168/468/6176/6222/6133/6208/6134/6164/6203/6217/200916/6223/6173/6207/6139/6146/9349/6175/6189/6193/3921/6201/523/4736/6209/6228/6181/6156/51065/533/6218/6234/6170/9550/6142/55846/6138/9045/6188/6154/6210/6224/153129/8894/6135/6229/6159/81929/6235/6161/6128/6165/6141/6122/6157/6155/7311/6166/467/2197/8992/6125/6130/55364
R-HSA-9754678	SARS-CoV-2 modulates host translation machinery	48	0.813505479918831	2.94569140786402	1e-10	2.16571428571429e-09	1.64360902255639e-09	1086	tags=62%, list=8%, signal=58%	6233/6231/6206/6636/6227/6222/6208/6203/6217/6223/6207/6189/6193/3921/6201/6635/6209/6228/51065/6632/6218/6234/6188/6210/6224/6637/25929/6628/6229/6235
R-HSA-72766	Translation	363	0.598426411078993	2.93105550827639	1e-10	2.16571428571429e-09	1.64360902255639e-09	2500	tags=47%, list=18%, signal=40%	6129/6233/6231/6206/6144/6160/6227/6168/6176/6222/6133/6208/6134/6164/6203/4677/6217/200916/6223/6173/6207/6139/5692/6146/2617/51520/51021/9349/5691/3376/5695/54460/6175/6189/6193/3921/6201/4736/29088/6209/5686/10884/65008/6228/29927/6181/5687/5693/6156/6921/51065/5689/28998/6218/6234/6170/5702/64983/5694/10952/6142/2107/6138/10213/9045/6188/6154/1933/6210/10973/6224/1936/7453/64965/6728/4541/9978/5717/5688/6897/78988/8663/28972/1973/23480/5719/51023/8894/5700/10480/7323/57129/5701/6135/7979/6229/219927/6159/6235/5713/85476/90701/5917/6161/6128/9861/4509/7314/6165/11222/6141/6122/5707/2193/11047/6923/26986/6157/6727/1977/8890/8565/9789/118487/2058/16/6155/5706/7311/4141/6726/7353/1978/6166/5684/2197/51258/6125/1650/6130/54534/51504/7415/6747/4514/5683/7316/25873/116541/1983/11224/58477/6230/6183/28957/6748/51650/6132/9521/5708/92259/4540/3035/6059/6202/23395/8662/64951/51067/23471/54998
R-HSA-71291	Metabolism of amino acids and derivatives	287	0.597609499316213	2.8707776981428	1e-10	2.16571428571429e-09	1.64360902255639e-09	1784	tags=42%, list=13%, signal=38%	29968/6129/6233/6231/6206/6144/6160/6227/6168/6176/6520/6222/6133/6208/6134/8140/6164/6203/6217/200916/6223/6173/6207/3712/6139/5692/6146/51520/9349/2744/5691/51582/3376/5695/6175/6189/6193/27034/138199/3921/6201/22928/23446/4736/6209/5686/84706/6228/6181/5687/5693/6156/51065/5689/6218/501/262/2936/6234/6170/6611/5702/7296/1728/5694/10247/4946/6142/6138/10213/9045/6188/6154/6210/6224/10165/4507/5717/5688/4947/26227/5719/55256/5700/5701/6135/7979/6229/6159/6235/5713/2746/5917/6161/6128/445/9861/6165/1152/6141/1743/6122/5707/11047/2752/10955/6157/256987/2058/6155/5706/7311/4141/102724560/2731/6166/5684/2197/8659/6125/6130
R-HSA-72695	Formation of the ternary complex, and subsequently, the 43S complex	50	0.763683011977919	2.78792968417359	1e-10	2.16571428571429e-09	1.64360902255639e-09	1086	tags=54%, list=8%, signal=50%	6233/6231/6206/6227/6222/6208/6203/6217/6223/6207/6189/6193/3921/6201/6209/6228/51065/6218/6234/6188/6210/6224/8663/8894/10480/6229/6235
R-HSA-9735869	SARS-CoV-1 modulates host translation machinery	35	0.814782099406097	2.7694484596328	1e-10	2.16571428571429e-09	1.64360902255639e-09	1086	tags=69%, list=8%, signal=63%	6233/6231/6206/6227/6222/6208/6203/6217/6223/6207/6189/6193/3921/6201/6209/6228/51065/6218/6234/6188/6210/6224/6229/6235
R-HSA-72649	Translation initiation complex formation	57	0.73301661046262	2.7652741995181	1e-10	2.16571428571429e-09	1.64360902255639e-09	1418	tags=53%, list=10%, signal=48%	6233/6231/6206/6227/6222/6208/6203/6217/6223/6207/6189/6193/3921/6201/6209/6228/51065/6218/6234/6188/6210/6224/8663/1973/8894/10480/6229/6235/26986/1977
R-HSA-72702	Ribosomal scanning and start codon recognition	57	0.728504141064224	2.74825109932447	1e-10	2.16571428571429e-09	1.64360902255639e-09	1086	tags=49%, list=8%, signal=46%	6233/6231/6206/6227/6222/6208/6203/6217/6223/6207/6189/6193/3921/6201/6209/6228/51065/6218/6234/6188/6210/6224/8663/1973/8894/10480/6229/6235
R-HSA-72662	Activation of the mRNA upon binding of the cap-binding complex and eIFs, and subsequent binding to 43S	58	0.725859630166181	2.74029161874855	1e-10	2.16571428571429e-09	1.64360902255639e-09	1743	tags=55%, list=12%, signal=49%	6233/6231/6206/6227/6222/6208/6203/6217/6223/6207/6189/6193/3921/6201/6209/6228/51065/6218/6234/6188/6210/6224/8663/1973/8894/10480/6229/6235/26986/1977/1978/2197
R-HSA-9759194	Nuclear events mediated by NFE2L2	82	0.682857207701688	2.73270653452213	1e-10	2.16571428571429e-09	1.64360902255639e-09	1714	tags=54%, list=12%, signal=47%	6233/23657/468/3162/5052/5692/5154/5691/5695/7295/4609/5686/5687/5693/5689/2936/5702/8454/7296/1728/5694/9817/3417/2729/10213/9429/9978/5717/2730/5688/5719/5700/5701/7979/5713/9861/7314/5707/11047/598/5706/7311/10061/5684
R-HSA-69601	Ubiquitin-Mediated Degradation of Phosphorylated Cdc25A	51	0.74088285220772	2.72320186411722	1e-10	2.16571428571429e-09	1.64360902255639e-09	2080	tags=61%, list=15%, signal=52%	6233/5692/5691/5695/5686/5687/5693/5689/5702/8454/5694/10213/9978/5717/5688/5719/5700/5701/7979/5713/9861/7314/5707/11047/5706/7311/5684/5683/7316/1111/1452
R-HSA-69613	p53-Independent G1/S DNA Damage Checkpoint	51	0.74088285220772	2.72320186411722	1e-10	2.16571428571429e-09	1.64360902255639e-09	2080	tags=61%, list=15%, signal=52%	6233/5692/5691/5695/5686/5687/5693/5689/5702/8454/5694/10213/9978/5717/5688/5719/5700/5701/7979/5713/9861/7314/5707/11047/5706/7311/5684/5683/7316/1111/1452
R-HSA-450408	AUF1 (hnRNP D0) binds and destabilizes mRNA	43	0.773642638895386	2.71745786684321	1e-10	2.16571428571429e-09	1.64360902255639e-09	2055	tags=72%, list=15%, signal=62%	6233/3312/5692/5691/5695/5686/5687/5693/5689/5702/5694/10213/5717/5688/3184/5719/5700/5701/7979/5713/9861/7314/5707/3304/11047/26986/5706/7311/5684/5683/7316
R-HSA-75815	Ubiquitin-dependent degradation of Cyclin D	39	0.776524117260987	2.69209211983471	1e-10	2.16571428571429e-09	1.64360902255639e-09	2055	tags=74%, list=15%, signal=64%	6233/5692/5691/5695/5686/5687/5693/5689/5702/5694/10213/5717/5688/5719/5700/5701/7979/595/5713/9861/7314/5707/11047/5706/7311/5684/1019/5683/7316
R-HSA-180585	Vif-mediated degradation of APOBEC3G	41	0.772573325378264	2.68889180398936	1e-10	2.16571428571429e-09	1.64360902255639e-09	2055	tags=73%, list=15%, signal=63%	6233/5692/5691/5695/5686/5687/5693/6921/5689/5702/5694/10213/9978/5717/5688/5719/5700/5701/7979/5713/9861/7314/5707/11047/6923/5706/7311/5684/5683/7316
R-HSA-9929491	SPOP-mediated proteasomal degradation of PD-L1(CD274)	45	0.747443468854565	2.66730936447933	1e-10	2.16571428571429e-09	1.64360902255639e-09	2055	tags=67%, list=15%, signal=57%	6233/5692/5691/5695/5686/5687/5693/5689/5702/5694/10213/9978/5717/5688/5719/5700/5701/7979/595/5713/9861/7314/5707/11047/5706/7311/5684/1019/5683/7316
R-HSA-211733	Regulation of activated PAK-2p34 by proteasome mediated degradation	37	0.77387072330486	2.65006550628759	1e-10	2.16571428571429e-09	1.64360902255639e-09	2055	tags=73%, list=15%, signal=63%	6233/5692/5691/5695/5686/5687/5693/5689/5702/5694/10213/5717/5688/5719/5700/5701/7979/5713/9861/7314/5707/11047/5706/7311/5684/5683/7316
R-HSA-349425	Autodegradation of the E3 ubiquitin ligase COP1	39	0.761770955372965	2.64094513034843	1e-10	2.16571428571429e-09	1.64360902255639e-09	2055	tags=72%, list=15%, signal=62%	6233/5692/5691/5695/5686/5687/5693/5689/5702/5694/10213/5717/5688/5719/5700/5701/7979/5713/9861/7314/5707/11047/5706/7311/5684/64326/5683/7316
R-HSA-9929356	GSK3B-mediated proteasomal degradation of PD-L1(CD274)	43	0.751748545994982	2.64055378736467	1e-10	2.16571428571429e-09	1.64360902255639e-09	2055	tags=70%, list=15%, signal=60%	6233/5692/5691/5695/5686/5687/5693/5689/5702/8454/5694/10213/9978/5717/5688/5719/5700/5701/7979/5713/9861/7314/5707/11047/10987/5706/7311/5684/5683/7316
R-HSA-9762114	GSK3B and BTRC:CUL1-mediated-degradation of NFE2L2	42	0.754007233915646	2.63230758334672	1e-10	2.16571428571429e-09	1.64360902255639e-09	2055	tags=69%, list=15%, signal=59%	6233/5692/5691/5695/5686/5687/5693/5689/5702/8454/5694/10213/9978/5717/5688/5719/5700/5701/7979/5713/9861/7314/5707/11047/5706/7311/5684/5683/7316
R-HSA-6790901	rRNA modification in the nucleus and cytosol	60	0.693639893884117	2.62927865945697	1e-10	2.16571428571429e-09	1.64360902255639e-09	3406	tags=72%, list=24%, signal=55%	6208/6203/10528/65083/6201/57647/10885/27340/22984/92856/4809/9277/84916/51118/9136/1736/54555/55651/134430/25879/55813/54433/55127/55272/27341/10813/56902/10436/51504/8602/57050/2091/55505/84128/51602/11056/27292/5822/51077/6187/23160/10199/9724
R-HSA-69541	Stabilization of p53	43	0.746360726604279	2.62162880643381	1e-10	2.16571428571429e-09	1.64360902255639e-09	2112	tags=70%, list=15%, signal=60%	6233/5692/5691/5695/5686/5687/5693/5689/5702/5694/10213/4193/5717/5688/5719/5700/5701/7979/5713/9861/7314/5707/11047/5706/7311/5684/64326/5683/7316/4194
R-HSA-350562	Regulation of ornithine decarboxylase (ODC)	37	0.764420429780884	2.61770364514206	1e-10	2.16571428571429e-09	1.64360902255639e-09	1714	tags=70%, list=12%, signal=62%	5692/5691/51582/5695/5686/5687/5693/5689/5702/1728/5694/4946/10213/5717/5688/4947/5719/5700/5701/7979/5713/9861/5707/11047/5706/5684
R-HSA-180534	Vpu mediated degradation of CD4	39	0.754142528430443	2.61449852347273	1e-10	2.16571428571429e-09	1.64360902255639e-09	2055	tags=69%, list=15%, signal=59%	6233/5692/5691/5695/5686/5687/5693/5689/5702/5694/10213/5717/5688/5719/5700/5701/7979/5713/9861/7314/5707/11047/5706/7311/5684/5683/7316
R-HSA-351202	Metabolism of polyamines	44	0.736565020422136	2.60968044764563	1e-10	2.16571428571429e-09	1.64360902255639e-09	1714	tags=64%, list=12%, signal=56%	5692/5691/51582/5695/5686/5687/5693/5689/262/6611/5702/1728/5694/4946/10213/5717/5688/4947/5719/5700/5701/7979/5713/9861/5707/11047/5706/5684
R-HSA-169911	Regulation of Apoptosis	40	0.753033414500812	2.60874283343389	1e-10	2.16571428571429e-09	1.64360902255639e-09	2055	tags=68%, list=15%, signal=58%	6233/5692/5691/5695/5686/5687/5693/5689/5702/5694/10213/5717/5688/5719/5700/5701/7979/5713/9861/7314/5707/11047/5706/7311/5684/5683/7316
R-HSA-4641258	Degradation of DVL	44	0.734279356171057	2.60158224430914	1e-10	2.16571428571429e-09	1.64360902255639e-09	2055	tags=66%, list=15%, signal=56%	6233/5692/5691/5695/5686/5687/5693/5689/5702/5694/10213/9978/5717/5688/5719/5700/5701/7979/5713/9861/7314/23072/5707/11047/5706/7311/5684/5683/7316
R-HSA-187577	SCF(Skp2)-mediated degradation of p27/p21	49	0.715908106535474	2.59748684243609	1e-10	2.16571428571429e-09	1.64360902255639e-09	2094	tags=65%, list=15%, signal=56%	6233/5692/5691/5695/5686/5687/5693/5689/5702/8454/5694/10213/5717/5688/5719/5700/5701/7979/595/5713/9861/7314/5707/11047/5706/7311/5684/1019/1163/5683/7316/6502
R-HSA-352230	Amino acid transport across the plasma membrane	25	0.838545436890204	2.5930108196936	1e-10	2.16571428571429e-09	1.64360902255639e-09	911	tags=56%, list=6%, signal=52%	6510/84889/23657/117247/6520/92745/8140/6542/81539/54407/55089/8501/6541/23428
R-HSA-1234176	Oxygen-dependent proline hydroxylation of Hypoxia-inducible Factor Alpha	53	0.696596496265071	2.59242012439973	1e-10	2.16571428571429e-09	1.64360902255639e-09	2718	tags=70%, list=19%, signal=57%	6233/5692/5691/5695/5686/5687/5693/6921/5689/2034/5702/5694/10213/9978/5717/5688/5719/5700/7323/5701/7979/5713/9861/7314/5707/11047/6923/5706/7311/5684/5683/7316/112398/5708/84962/64344/8994
R-HSA-9692914	SARS-CoV-1-host interactions	87	0.639755562914614	2.59027692425686	1e-10	2.16571428571429e-09	1.64360902255639e-09	2140	tags=52%, list=15%, signal=44%	6233/6231/6206/6227/5478/6222/6208/6203/6217/6223/6207/6189/6193/3921/6201/4869/6209/6228/51065/7529/6218/6234/6188/6210/6224/4089/9868/10971/6229/6235/3661/7314/5313/7534/2280/5479/598/10465/5706/7311/2197/3178/7316/5094/6230
R-HSA-5658442	Regulation of RAS by GAPs	53	0.695059809142423	2.58670126327565	1e-10	2.16571428571429e-09	1.64360902255639e-09	2055	tags=58%, list=15%, signal=50%	6233/8831/5692/5691/5695/5686/5687/5693/5689/5702/5694/10213/9978/5717/5688/84078/5719/5700/5701/7979/5713/9861/7314/5707/11047/9462/5706/7311/5684/5683/7316
R-HSA-9907900	Proteasome assembly	50	0.707312629284266	2.58214186284595	1e-10	2.16571428571429e-09	1.64360902255639e-09	1714	tags=58%, list=12%, signal=51%	5692/5691/5695/5686/5687/5693/5689/5702/5694/10213/5717/5688/5719/10197/5700/5701/7979/84262/51371/5713/9861/5710/5707/11047/8624/5721/5706/5696/5684
R-HSA-68949	Orc1 removal from chromatin	58	0.675560317770565	2.55039982912669	1e-10	2.16571428571429e-09	1.64360902255639e-09	2441	tags=62%, list=17%, signal=52%	6233/5692/5691/5695/4174/5686/5687/5693/5689/5702/8454/5694/10213/9978/5717/5688/5719/5700/5701/7979/4175/5713/9861/7314/5707/11047/5706/7311/5684/4176/5683/7316/6502/990/5708/4172
R-HSA-1234174	Cellular response to hypoxia	60	0.670964200875328	2.54332524725838	1e-10	2.16571428571429e-09	1.64360902255639e-09	2718	tags=65%, list=19%, signal=53%	6233/5692/5691/5695/5686/5687/5693/6921/5689/2034/5702/5694/10213/9978/5717/5688/5719/5700/7323/5701/7979/25994/5713/9861/7314/5707/11047/6923/5706/7311/5684/7422/5683/7316/112398/5708/84962/64344/8994
R-HSA-69615	G1/S DNA Damage Checkpoints	66	0.651189880586243	2.51897689367056	1e-10	2.16571428571429e-09	1.64360902255639e-09	2112	tags=52%, list=15%, signal=44%	6233/5692/5691/5695/5686/5687/5693/5689/5702/8454/5694/10213/4193/9978/5717/5688/5719/5700/5701/7979/5713/9861/7314/5707/11047/5706/7311/5684/64326/5683/7316/1111/1452/4194
R-HSA-8939236	RUNX1 regulates transcription of genes involved in differentiation of HSCs	70	0.644202282296849	2.50713895685018	1e-10	2.16571428571429e-09	1.64360902255639e-09	2356	tags=56%, list=17%, signal=47%	6233/8334/3020/5692/8970/5691/5695/5686/5687/5693/5689/5702/8353/5694/8355/10213/10413/5717/5688/5719/5700/5701/7979/5713/9861/7314/8365/5707/11047/3017/5706/7311/85236/5684/5683/7316/121504/1022/5708
R-HSA-9909615	Regulation of PD-L1(CD274) Post-translational modification	83	0.618085538010451	2.48701385446166	1e-10	2.16571428571429e-09	1.64360902255639e-09	2055	tags=48%, list=15%, signal=41%	6233/201595/5692/5691/5695/5686/58505/5687/5693/5689/746/5702/8454/5694/3703/10213/9978/5717/5688/5719/5700/5701/7979/595/5713/9861/7314/5707/11047/10987/5706/7311/91319/5684/6048/1650/1019/7415/5683/7316
R-HSA-9755511	KEAP1-NFE2L2 pathway	108	0.574135223062312	2.44193248272789	1e-10	2.16571428571429e-09	1.64360902255639e-09	2094	tags=46%, list=15%, signal=40%	6233/23657/468/3162/5052/5692/5154/5691/5695/7295/4609/5686/5687/5693/5689/2936/5702/8454/7296/1728/5694/9817/3417/2729/10213/9429/9978/5717/2730/5688/5719/5700/5701/7979/5713/9861/7314/5707/11047/10072/598/5706/7311/10061/7353/5684/7415/5683/7316/6502
R-HSA-68867	Assembly of the pre-replicative complex	94	0.585082168164282	2.41502087844434	1e-10	2.16571428571429e-09	1.64360902255639e-09	2871	tags=53%, list=20%, signal=43%	6233/8334/3020/5692/8970/5691/5695/4174/5686/5687/5693/5689/8881/5702/8353/5694/8355/10213/5717/5688/5719/5700/5701/7979/4175/5713/9861/7314/8365/5707/11047/23633/3017/5706/7311/85236/5684/4176/5683/7316/990/121504/5708/4172/8294/25906/4171/5000/29945/8339
R-HSA-9711123	Cellular response to chemical stress	170	0.507522484141408	2.30321259136209	1e-10	2.16571428571429e-09	1.64360902255639e-09	2094	tags=39%, list=15%, signal=33%	6233/2950/4697/23657/468/9588/1337/1350/1347/3162/5052/10587/5692/5154/5691/5695/7295/10935/4609/1327/5686/5687/5693/5689/2936/5702/8454/7296/1728/5694/9817/3417/2729/10213/9429/9978/5717/2730/5688/5719/5700/25824/5701/7979/5713/9861/7314/81502/23309/6647/5707/11047/10072/598/1345/5706/7311/10061/7353/5684/7415/1329/4514/5683/7316/6502
R-HSA-422475	Axon guidance	483	0.414422212079133	2.08017072522519	1e-10	2.16571428571429e-09	1.64360902255639e-09	2189	tags=30%, list=15%, signal=26%	6129/6233/6231/6206/4637/6144/6160/6227/6168/2596/6176/219699/6222/6133/6208/6134/6164/6203/6387/6217/3312/347733/200916/6223/6173/53358/6207/6139/5692/6146/9349/5691/5695/6175/6189/6193/2041/3921/137970/6201/2051/4736/6209/5686/6228/6181/5687/5693/6156/6921/51065/5689/6218/7074/100133941/6234/6170/5702/5694/6142/2107/6138/10213/10092/9045/6188/6154/6464/6210/6224/2064/10096/9978/4116/57556/4233/5717/5688/5719/5621/3688/5700/55816/5701/4686/6135/5216/6383/7979/10398/6229/23032/6159/6235/9260/3685/5713/11313/6161/6128/10093/9861/7314/1808/8829/6165/6141/5364/6122/5707/1173/11047/6923/55110/26986/7408/6157/6335/1282/1211/2904/6155/5706/7311/10381/60/6166/5684/2197/6125/6130/7430/7277/5664/1293/7280/55740/5683/7316/782/25873/102/11224/6230/3672/7436
R-HSA-9839923	Dengue Virus Infection	328	0.419002750193912	2.04018902394768	1e-10	2.16571428571429e-09	1.64360902255639e-09	2318	tags=32%, list=16%, signal=27%	6233/6636/8334/5436/3309/8683/3312/201595/8970/821/3921/4670/51726/1665/8106/10294/6635/58505/6632/6426/746/7341/9685/92815/8353/3190/8355/1993/3181/3703/115004/1660/10949/6637/3840/4691/3184/6382/28972/1973/10525/10965/6628/5435/3187/10946/3185/55749/4686/6383/83443/3192/10084/90701/7314/8365/6141/6638/4666/6629/51362/1173/3304/27339/26986/3839/1977/22863/5725/55696/9789/3017/5356/51593/51234/5441/10914/4793/11338/2521/7311/811/85236/7353/6428/7514/1650/6432/1982/2963/11051/3178/51645/7415/7316/5094/5611/5432/121504/4904/8896/79577/7301/7082/6385
R-HSA-9958863	SLC-mediated transport of amino acids	29	0.79875931524247	2.57410018926879	1.45661986877794e-10	3.11019115643289e-09	2.36039364948003e-09	911	tags=48%, list=6%, signal=45%	6510/84889/23657/117247/6520/92745/8140/6542/81539/54407/55089/8501/6541/23428
R-HSA-1236974	ER-Phagosome pathway	70	0.636940088148439	2.47887558312109	1.69893898951552e-10	3.57721042792434e-09	2.71482502271997e-09	2055	tags=51%, list=15%, signal=44%	6233/5692/5691/5695/5686/3146/29927/5687/5693/5689/5702/5694/10952/10213/5717/5688/6810/23480/5719/5700/5701/7979/5713/9861/7314/5707/11047/5721/5706/7311/811/5696/5684/6890/5683/7316
R-HSA-5362768	Hh mutants are degraded by ERAD	42	0.730616633928211	2.55064887908442	1.88726626507012e-10	3.86634548357608e-09	2.93425608495255e-09	2055	tags=67%, list=15%, signal=57%	6233/5692/5691/5695/5686/5687/5693/5689/5702/5694/10213/5717/5688/5719/5700/5701/7979/5713/9861/7314/5707/11047/5706/7311/5684/7415/5683/7316
R-HSA-5387390	Hh mutants abrogate ligand secretion	42	0.730616633928211	2.55064887908442	1.88726626507012e-10	3.86634548357608e-09	2.93425608495255e-09	2055	tags=67%, list=15%, signal=57%	6233/5692/5691/5695/5686/5687/5693/5689/5702/5694/10213/5717/5688/5719/5700/5701/7979/5713/9861/7314/5707/11047/5706/7311/5684/7415/5683/7316
R-HSA-195253	Degradation of beta-catenin by the destruction complex	70	0.635170664168639	2.47198924956896	2.13627679372071e-10	4.31812749237414e-09	3.27712355864806e-09	2080	tags=53%, list=15%, signal=45%	6233/7088/5692/1488/5519/5691/5695/23401/5686/5687/5693/5689/5702/8454/5694/10213/9978/5717/5688/5719/5700/5701/7979/5713/9861/7314/5707/11047/5518/5706/7311/5684/5525/5529/5683/7316/1452
R-HSA-5676590	NIK-->noncanonical NF-kB signaling	46	0.707910016489398	2.538553752953	2.26974438927564e-10	4.52754275544983e-09	3.43605348681202e-09	2055	tags=61%, list=15%, signal=52%	6233/5692/5691/5695/5686/5687/5693/5689/5702/8454/5694/10213/5717/5688/5719/5700/5701/7979/5713/9861/7314/5707/11047/5706/7311/5684/5683/7316
R-HSA-5689603	UCH proteinases	72	0.6223037686365	2.43104397636035	2.37176724842301e-10	4.66960928390817e-09	3.54387095355619e-09	2356	tags=53%, list=17%, signal=44%	6233/8334/7345/5692/5691/5695/5686/5687/5693/5689/5702/92815/5694/10213/5717/5688/5719/5700/54891/5701/7979/5713/9861/7314/5707/11047/8607/5706/7311/60/5684/54617/4738/7347/5683/7316/4092/5708
R-HSA-8939902	Regulation of RUNX2 expression and activity	53	0.681844848292497	2.53752109852578	3.33023711940273e-10	6.472614708993e-09	4.91221210729715e-09	2094	tags=58%, list=15%, signal=50%	6233/5692/5691/5695/5686/5687/5693/5689/5702/8454/5694/10213/9978/5717/5688/5719/5700/5701/7979/5713/9861/7314/5707/11047/5706/7311/2101/5684/5683/7316/6502
R-HSA-1236975	Antigen processing-Cross presentation	77	0.610678337208511	2.42917322632443	4.08829660949758e-10	7.84538944303587e-09	5.95404156453146e-09	2055	tags=48%, list=15%, signal=41%	6233/5692/5691/5695/5686/3146/29927/5687/5693/5689/5702/5694/10952/10213/5717/5688/6810/23480/5719/5700/5701/7979/3685/5713/9861/7314/5707/11047/5721/5706/7311/811/5696/5684/6890/5683/7316
R-HSA-8854050	FBXL7 down-regulates AURKA during mitotic entry and in early mitosis	42	0.72205435366742	2.52075718276186	4.71485277047148e-10	8.93464600004346e-09	6.78070273437544e-09	2055	tags=69%, list=15%, signal=59%	6233/5692/5691/5695/5686/5687/5693/5689/5702/8454/5694/10213/9978/5717/5688/5719/5700/5701/7979/5713/9861/7314/5707/11047/5706/7311/5684/5683/7316
R-HSA-69306	DNA Replication	145	0.501404224904105	2.2157192939648	5.23359260174977e-10	9.7952177583366e-09	7.43380989436322e-09	2871	tags=43%, list=20%, signal=35%	6233/8334/3020/5692/8970/5691/5695/4174/6742/5686/5687/5693/5689/8881/5702/8353/8454/5694/8355/92667/10213/56655/9978/5717/5688/5719/5700/5701/7979/4175/5713/9861/7314/8365/6119/5707/11047/23633/3017/5706/7311/85236/5684/4176/5558/5111/5442/5683/7316/5557/6502/990/121504/5708/4172/8294/25906/56652/4171/9837/5000/29945/8339
R-HSA-9932298	Degradation of CRY and PER proteins	48	0.686707984988159	2.48655953896348	6.17467812325317e-10	1.14156244327461e-08	8.663572771137e-09	2055	tags=60%, list=15%, signal=52%	6233/5692/5691/5695/5686/5687/5693/5689/5702/8454/5694/10213/9978/5717/5688/5719/5700/5701/7979/5713/9861/7314/5707/11047/5706/7311/5684/5683/7316
R-HSA-5678895	Defective CFTR causes cystic fibrosis	48	0.685656924310161	2.48275366366854	6.94214452620606e-10	1.26798687972631e-08	9.62303610290835e-09	2055	tags=62%, list=15%, signal=54%	6233/5692/5691/5695/5686/5687/5693/5689/5702/5694/10213/5717/5688/5719/5700/5701/7979/5713/9861/7314/5707/11047/5706/7311/91319/5684/6048/7415/5683/7316
R-HSA-1169091	Activation of NF-kappaB in B cells	51	0.671722950245742	2.46899652870716	9.34971194904567e-10	1.68740039461348e-08	1.2806059098129e-08	2055	tags=57%, list=15%, signal=49%	6233/5692/5691/5695/5686/5687/5693/5689/5702/8454/5694/10213/5717/5688/5719/5700/5701/7979/5713/9861/7314/5707/11047/4793/5706/7311/5684/5683/7316
R-HSA-1168372	Downstream signaling events of B Cell Receptor (BCR)	66	0.628045703209848	2.42944901590061	1.0948857202607e-09	1.95276088460615e-08	1.48199392228477e-08	2055	tags=53%, list=15%, signal=46%	6233/5530/5478/5692/5691/5695/5686/5687/5693/5689/5702/8454/5694/10213/801/5717/5688/5719/5700/5701/7979/5713/9861/7314/5534/5707/11047/2280/805/4793/5706/7311/5684/5683/7316
R-HSA-5607761	Dectin-1 mediated noncanonical NF-kB signaling	47	0.684298846358043	2.47540319875685	1.22799327493428e-09	2.1646951218609e-08	1.64283555630743e-08	2055	tags=60%, list=15%, signal=51%	6233/5692/5691/5695/5686/5687/5693/5689/5702/8454/5694/10213/5717/5688/5719/5700/5701/7979/5713/9861/7314/5707/11047/5706/7311/5684/5683/7316
R-HSA-174113	SCF-beta-TrCP mediated degradation of Emi1	42	0.714057474815838	2.49283935399674	1.36087137690083e-09	2.37135747974903e-08	1.79967624313685e-08	2055	tags=67%, list=15%, signal=57%	6233/5692/5691/5695/5686/5687/5693/5689/5702/8454/5694/10213/5717/5688/5719/5700/5701/7979/5713/9861/7314/5707/11047/5706/7311/5684/5683/7316
R-HSA-9678108	SARS-CoV-1 Infection	130	0.517195552985295	2.25763251858829	1.58743013884511e-09	2.73470919373771e-08	2.07543198774845e-08	2140	tags=37%, list=15%, signal=32%	6233/6231/6206/6227/5478/6222/6208/6203/6217/6223/6207/821/6189/6193/3921/6201/4869/6209/6228/51065/7529/6218/6234/7341/6188/6210/6224/4089/9868/10971/6229/6235/3661/7314/5313/7534/2280/5479/598/10465/5706/7311/2197/3178/7415/7316/5094/6230
R-HSA-69002	DNA Replication Pre-Initiation	110	0.540200599014802	2.30505026532215	1.83642726873035e-09	3.12811656111821e-08	2.37399764012096e-08	2871	tags=49%, list=20%, signal=39%	6233/8334/3020/5692/8970/5691/5695/4174/5686/5687/5693/5689/8881/5702/8353/5694/8355/10213/56655/5717/5688/5719/5700/5701/7979/4175/5713/9861/7314/8365/6119/5707/11047/23633/3017/5706/7311/85236/5684/4176/5558/5683/7316/5557/990/121504/5708/4172/8294/25906/4171/5000/29945/8339
R-HSA-5668541	TNFR2 non-canonical NF-kB pathway	66	0.622978766020463	2.40984874556125	1.88050402610456e-09	3.16760455952723e-08	2.40396596553483e-08	2055	tags=47%, list=15%, signal=40%	6233/943/5692/5691/5695/5686/5687/5693/5689/5702/8454/5694/10213/5717/5688/5719/5700/5701/7979/5713/9861/7314/8600/5707/11047/51330/5706/7311/5684/5683/7316
R-HSA-69563	p53-Dependent G1 DNA Damage Response	52	0.666160456154361	2.46021404317899	2.0632294554715e-09	3.39984332010304e-08	2.58021715655647e-08	2112	tags=58%, list=15%, signal=49%	6233/5692/5691/5695/5686/5687/5693/5689/5702/5694/10213/4193/5717/5688/5719/5700/5701/7979/5713/9861/7314/5707/11047/5706/7311/5684/64326/5683/7316/4194
R-HSA-69580	p53-Dependent G1/S DNA damage checkpoint	52	0.666160456154361	2.46021404317899	2.0632294554715e-09	3.39984332010304e-08	2.58021715655647e-08	2112	tags=58%, list=15%, signal=49%	6233/5692/5691/5695/5686/5687/5693/5689/5702/5694/10213/4193/5717/5688/5719/5700/5701/7979/5713/9861/7314/5707/11047/5706/7311/5684/64326/5683/7316/4194
R-HSA-5610783	Degradation of GLI2 by the proteasome	46	0.686791485435184	2.46282304563741	2.46178332893495e-09	4.01297153404879e-08	3.04553387495857e-08	2080	tags=65%, list=15%, signal=56%	6233/5692/5691/5695/5686/5687/5693/5689/5702/8454/5694/10213/9978/5717/5688/5719/5700/5701/7979/5713/9861/7314/5707/11047/5706/7311/5684/5683/7316/1452
R-HSA-5358346	Hedgehog ligand biogenesis	45	0.688701113655424	2.45768276307982	2.51805205658264e-09	4.0610286359354e-08	3.08200548470865e-08	2055	tags=62%, list=15%, signal=53%	6233/5692/5691/5695/5686/5687/5693/5689/5702/5694/10213/5717/5688/5719/5700/5701/7979/5713/9861/7314/5707/11047/5706/7311/5684/7415/5683/7316
R-HSA-5689880	Ub-specific processing proteases	150	0.496822720088368	2.19800369254034	2.59985998614505e-09	4.14882919894305e-08	3.14863929623993e-08	2609	tags=39%, list=18%, signal=32%	6233/84101/8334/5692/8970/4303/5691/5695/4609/5686/219333/5687/5693/5689/5702/92815/5694/7874/9817/10213/7417/4193/4089/79589/5717/5688/367/5719/9868/5700/5701/7979/23032/5713/9861/7314/9100/5707/11047/8607/3017/64426/5706/7311/85236/7353/5684/27430/5683/7316/6502/4194/4087/4092/5708/9097/1540/7157/10600
R-HSA-1236978	Cross-presentation of soluble exogenous antigens (endosomes)	38	0.721963135870376	2.50158957737392	2.85062822458068e-09	4.50161707131699e-08	3.41637790511698e-08	1714	tags=63%, list=12%, signal=56%	5692/5691/5695/5686/5687/5693/5689/5702/5694/10213/5717/5688/5719/5700/5701/7979/5713/9861/5707/11047/5721/5706/5696/5684
R-HSA-9909648	Regulation of PD-L1(CD274) expression	153	0.485984088410896	2.1605200193226	3.26126072678435e-09	5.09698068227328e-08	3.86821266888258e-08	2531	tags=42%, list=18%, signal=35%	6233/8334/3020/201595/5692/8970/5691/7004/5695/4609/5686/58505/5687/5693/5689/2034/746/2353/5702/8353/8454/5694/8355/4613/3703/10213/10413/9978/5717/5688/5719/5700/5701/7979/595/5713/9861/7314/8365/27327/5707/11047/10987/3017/5706/7311/85236/91319/5684/467/6048/1650/1019/4343/7415/23112/5683/7316/5929/121504/5708/2146/83439/84661/8294
R-HSA-4641257	Degradation of AXIN	42	0.699417754125372	2.44173076238354	5.38225234495181e-09	8.32601485198668e-08	6.31879893988435e-08	2055	tags=64%, list=15%, signal=55%	6233/5692/5691/5695/5686/5687/5693/5689/5702/5694/10213/5717/5688/5719/5700/5701/7979/5713/9861/7314/5707/11047/5706/7311/5684/5683/7316
R-HSA-9604323	Negative regulation of NOTCH4 signaling	44	0.686650819191944	2.43283236037748	5.56989272540359e-09	8.44741074475485e-08	6.41092899876201e-08	2055	tags=68%, list=15%, signal=58%	6233/5692/5691/5695/5686/5687/5693/5689/5702/8454/5694/10213/9978/5717/5688/5719/5700/5701/7979/5713/9861/7314/5707/11047/7534/5706/7311/5684/5683/7316
R-HSA-5619084	ABC transporter disorders	58	0.629866686302173	2.37789557329095	5.57217067595966e-09	8.44741074475485e-08	6.41092899876201e-08	2055	tags=53%, list=15%, signal=46%	6233/19/5692/5691/5695/5686/5687/5693/5689/5702/5694/10213/5717/5688/5719/5700/5701/7979/5713/9861/7314/5707/11047/5706/7311/91319/5684/6048/7415/5683/7316
R-HSA-8941858	Regulation of RUNX3 expression and activity	43	0.688270137227036	2.41758275059834	5.87445841606597e-09	8.81750391956041e-08	6.69180098880679e-08	2055	tags=65%, list=15%, signal=56%	6233/5692/5691/5695/5686/5687/5693/5689/5702/5694/10213/4193/5717/5688/5719/5700/5701/7979/5713/9861/7314/5707/11047/5706/7311/5684/5683/7316
R-HSA-5610780	Degradation of GLI1 by the proteasome	46	0.677835616708872	2.43070744671019	5.96683363298391e-09	8.86835273294471e-08	6.73039129086833e-08	2055	tags=65%, list=15%, signal=56%	6233/2735/5692/5691/5695/5686/5687/5693/5689/5702/8454/5694/10213/9978/5717/5688/5719/5700/5701/7979/5713/9861/7314/5707/11047/5706/7311/5684/5683/7316
R-HSA-450531	Regulation of mRNA stability by proteins that bind AU-rich elements	75	0.589962807187313	2.33159919405924	7.67361080670353e-09	1.12943630902549e-07	8.57154482547466e-08	2104	tags=53%, list=15%, signal=46%	6233/3312/6418/5692/5691/5695/5686/5687/5693/5689/7529/5702/5694/10213/5717/5688/51010/3184/5719/5700/23404/5701/7979/5713/56915/9861/7314/5707/3304/11047/7534/26986/5706/7311/5684/7514/167227/5683/7316/23016
R-HSA-9931269	AMPK-induced ERAD and lysosome mediated degradation of PD-L1(CD274)	53	0.650602584992871	2.4212513892407	8.06840267192065e-09	1.17612485102228e-07	8.92587461579885e-08	2055	tags=57%, list=15%, signal=49%	6233/5692/5691/5695/5686/5687/5693/5689/5702/5694/10213/5717/5688/5719/5700/5701/7979/5713/9861/7314/5707/11047/5706/7311/91319/5684/6048/7415/5683/7316
R-HSA-72187	mRNA 3'-end processing	149	0.481198678847948	2.12770574640736	8.19362505235527e-09	1.18300338851149e-07	8.97807737566347e-08	2202	tags=38%, list=16%, signal=32%	6233/6636/5436/8683/4670/1665/8106/22803/6635/6632/6426/3190/3181/1660/6637/10772/4116/3184/6628/5435/3187/10946/3185/5500/9584/55749/4686/83443/3192/6434/7314/6638/6629/51362/79228/55110/10212/5725/51593/7919/5441/10914/11338/2521/7311/6428/57187/6432/26097/2963/11051/3178/7316/5094/5432/4904
R-HSA-389948	Co-inhibition by PD-1	164	0.465161540309062	2.1023243422737	1.69907319202809e-08	2.42999524444772e-07	1.84417775460447e-07	2531	tags=40%, list=18%, signal=33%	6233/8334/3020/201595/5692/8970/5691/7004/5695/4609/5686/58505/5687/5693/5689/2034/746/2353/5702/8353/8454/5694/8355/4613/3703/10213/10413/9978/5717/5688/5719/5700/5701/7979/595/5713/9861/7314/8365/27327/5707/11047/10987/3017/5706/7311/85236/91319/5684/467/6048/1650/1019/4343/7415/23112/5683/7316/5929/121504/5708/2146/83439/84661/8294
R-HSA-162909	Host Interactions of HIV factors	111	0.522845666040612	2.23727663952675	1.99148703557576e-08	2.82158350087182e-07	2.14136284297522e-07	3377	tags=52%, list=24%, signal=40%	6233/5478/5692/5691/5695/4869/5686/5901/5687/5693/6921/5689/5702/5694/10213/9978/5717/5688/5719/55706/5700/5701/7979/3159/81929/130340/5713/9861/7314/5707/1173/11047/6923/129401/5706/7311/5684/7514/79023/164/4927/5683/7316/5902/53371/5708/23279/1175/5905/1104/9631/8905/161/5704/10053/5709/57122/2534
R-HSA-9764561	Regulation of CDH1 Function	58	0.619557493240149	2.33897593350129	2.05134690369145e-08	2.87948324629281e-07	2.1853042551021e-07	2084	tags=57%, list=15%, signal=49%	6233/72/5692/5691/5695/5686/5687/5693/5689/5702/5694/10213/4193/5717/5688/5719/5700/5701/7979/5713/9861/7314/5707/11047/7414/5706/7311/60/5684/2060/5683/7316/10399
R-HSA-446728	Cell junction organization	228	0.422833327258733	1.97678395212578	2.60244158820866e-08	3.61954261259112e-07	2.74695186471469e-07	2220	tags=32%, list=16%, signal=28%	6233/8334/7088/50848/3020/72/5692/8970/1488/5691/5695/821/54751/4609/11171/9074/5686/58505/5687/5693/5689/1364/87/746/5702/8353/5694/8355/4613/3703/10213/4193/56288/5717/5688/1366/28972/5719/3066/3688/5700/977/10979/5701/7979/5713/90701/9861/7314/8365/27327/5707/11047/7414/7408/9789/3017/5706/7311/85236/5818/60/5684/2060/1650/3918/4343/23112/5683/7316/10399/3909/121504/55679
R-HSA-5610785	GLI3 is processed to GLI3R by the proteasome	46	0.663419245641465	2.37901057560415	2.68582594676198e-08	3.70155648662832e-07	2.80919402852712e-07	2080	tags=65%, list=15%, signal=56%	6233/5692/5691/5695/5686/5687/5693/5689/5702/8454/5694/10213/9978/5717/5688/5719/5700/5701/7979/5713/9861/7314/5707/11047/5706/7311/5684/5683/7316/1452
R-HSA-9918487	Dengue Virus Genome Translation and Replication	78	0.572408755943116	2.27865809710692	3.23173953049464e-08	4.41379921462151e-07	3.3497309690191e-07	2202	tags=45%, list=16%, signal=38%	6233/3309/3312/201595/821/51726/10294/58505/746/7341/3703/3840/3184/28972/1973/10525/10965/90701/7314/4666/3304/26986/3839/1977/9789/7311/811/7353/7514/1650/1982/7415/7316/5611/4904
R-HSA-9770562	mRNA Polyadenylation	127	0.495445025427022	2.1547050664744	3.84898571158296e-08	5.20987708817836e-07	3.95389227703024e-07	2202	tags=39%, list=16%, signal=33%	6233/6636/5436/8683/4670/1665/8106/22803/6635/6632/6426/3190/3181/1660/6637/10772/3184/6628/5435/3187/10946/3185/5500/9584/55749/4686/83443/3192/6434/7314/6638/6629/51362/5725/51593/5441/10914/11338/2521/7311/6428/6432/2963/11051/3178/7316/5094/5432/4904
R-HSA-69052	Switching of origins to a post-replicative state	79	0.566942225573199	2.25777893209664	4.38978001031926e-08	5.88929778375575e-07	4.46951984283088e-07	3523	tags=61%, list=25%, signal=46%	6233/5692/5691/5695/4174/5686/5687/5693/5689/8881/5702/8454/5694/10213/9978/5717/5688/5719/5700/5701/7979/4175/5713/9861/7314/5707/11047/5706/7311/5684/4176/5683/7316/6502/990/5708/4172/25906/4171/5000/29945/51434/5704/5709/119504/4998/9134/6500
R-HSA-69202	Cyclin E associated events during G1/S transition	72	0.573823142435171	2.24165329573639	4.972018901766e-08	6.61191285533093e-07	5.0179285869162e-07	2408	tags=54%, list=17%, signal=45%	6233/5692/5691/5695/4609/5686/5687/5693/5689/5702/8454/5694/7029/10213/5717/5688/5719/5700/5701/7979/595/91768/5713/9861/7314/7465/5707/11047/5706/7311/5684/1019/1163/5683/7316/6502/1022/5708/1875
R-HSA-69206	G1/S Transition	119	0.487059355635576	2.09902837115259	7.04997177445578e-08	9.29370192180432e-07	7.05319830616034e-07	2441	tags=44%, list=17%, signal=36%	6233/5692/5519/5691/5695/4609/4174/5686/5687/5693/5689/5702/8454/5694/7029/10213/56655/5717/5688/5719/5700/5701/7979/4175/595/91768/5713/9861/7314/7465/6119/5707/11047/5518/5706/7311/5684/6241/4176/1019/5558/1163/5111/5683/7316/5557/6502/990/1022/5708/1875/4172
R-HSA-611105	Respiratory electron transport	150	0.469048502833885	2.07512720236713	7.45528068530795e-08	9.74328061976453e-07	7.39439363796877e-07	3467	tags=42%, list=25%, signal=32%	4697/1337/1350/3313/1347/4708/1327/4712/29078/10165/4541/79751/6341/6392/51300/84233/25994/29090/27089/4695/4707/4722/55969/1345/90871/4704/7388/55863/4698/1355/4715/57128/4700/440567/4726/1329/4514/4190/6834/55967/7384/84987/9377/389203/10975/100996939/4718/28958/4540/7386/2395/617/137682/4714/100303755/2806/4724/2109/25880/440957/4694/126328/4702
R-HSA-9766229	Degradation of CDH1	51	0.627984677394591	2.30823137426122	7.62422159216144e-08	9.87890592625363e-07	7.49732271725817e-07	2084	tags=59%, list=15%, signal=50%	6233/5692/5691/5695/5686/5687/5693/5689/5702/5694/10213/4193/5717/5688/5719/5700/5701/7979/5713/9861/7314/5707/11047/5706/7311/5684/2060/5683/7316/10399
R-HSA-8878159	Transcriptional regulation by RUNX3	80	0.556160081965131	2.22515151444166	8.41404639475314e-08	1.08099104529201e-06	8.20388288087885e-07	1714	tags=42%, list=12%, signal=38%	6233/5692/5691/7004/5695/1490/4609/3516/5686/5687/5693/5689/5702/5694/10213/10413/4193/4089/84441/5717/5688/5719/5700/5701/7979/595/5713/9861/7314/5707/11047/5706/7311/5684
R-HSA-9764265	Regulation of CDH1 Expression and Function	155	0.454467536468845	2.02974450424195	9.78978585113514e-08	1.23677627919341e-06	9.38617187306202e-07	2084	tags=37%, list=15%, signal=32%	6233/8334/7088/3020/72/5692/8970/1488/5691/5695/821/4609/11171/5686/58505/5687/5693/5689/746/5702/8353/5694/8355/4613/3703/10213/4193/5717/5688/28972/5719/3066/5700/5701/7979/5713/90701/9861/7314/8365/27327/5707/11047/7414/9789/3017/5706/7311/85236/60/5684/2060/1650/4343/23112/5683/7316/10399
R-HSA-9764274	Regulation of Expression and Function of Type I Classical Cadherins	155	0.454467536468845	2.02974450424195	9.78978585113514e-08	1.23677627919341e-06	9.38617187306202e-07	2084	tags=37%, list=15%, signal=32%	6233/8334/7088/3020/72/5692/8970/1488/5691/5695/821/4609/11171/5686/58505/5687/5693/5689/746/5702/8353/5694/8355/4613/3703/10213/4193/5717/5688/28972/5719/3066/5700/5701/7979/5713/90701/9861/7314/8365/27327/5707/11047/7414/9789/3017/5706/7311/85236/60/5684/2060/1650/4343/23112/5683/7316/10399
R-HSA-4608870	Asymmetric localization of PCP proteins	51	0.623746152952912	2.29265218029514	1.07358619493564e-07	1.345088158283e-06	1.02081749548904e-06	2055	tags=55%, list=15%, signal=47%	6233/5692/5691/5695/8324/5686/5687/5693/5689/5702/5694/10213/5717/5688/5719/5700/5701/7979/5713/9861/7314/5707/11047/5706/7311/5684/5683/7316
R-HSA-9818027	NFE2L2 regulating anti-oxidant/detoxification enzymes	18	0.822906096413524	2.40117579143509	1.15903486024591e-07	1.44024331814164e-06	1.0930328751068e-06	833	tags=56%, list=6%, signal=52%	23657/468/3162/5052/7295/2936/7296/1728/2729/2730
R-HSA-1428517	Aerobic respiration and respiratory electron transport	241	0.402308289197635	1.89361981922484	1.20648987939788e-07	1.48702329850991e-06	1.12853524876498e-06	3481	tags=39%, list=25%, signal=30%	6233/4697/1337/1350/3313/1347/515/3945/518/4708/1327/506/4712/29078/5162/54994/10165/4541/79751/6341/6392/84833/64777/51300/84233/25994/4509/7314/498/29090/5313/27089/1743/25874/4695/4707/4722/192111/55969/1345/90871/7311/64795/4704/7388/55863/81689/4698/1355/4715/57128/4700/751071/440567/51660/4726/1329/3420/4514/7316/4190/6834/55967/7384/79944/84987/9377/389203/10975/100996939/4718/28958/92259/4540/7386/2395/617/509/137682/4714/100303755/521/4199/2806/4724/2109/539/9556/25880/440957/4694/10476/126328/4702/522
R-HSA-421270	Cell-cell junction organization	204	0.42214157039359	1.9504812904761	1.27263067483468e-07	1.55589363149143e-06	1.18080248522437e-06	2084	tags=31%, list=15%, signal=27%	6233/8334/7088/50848/3020/72/5692/8970/1488/5691/5695/821/4609/11171/9074/5686/58505/5687/5693/5689/1364/746/5702/8353/5694/8355/4613/3703/10213/4193/56288/5717/5688/1366/28972/5719/3066/5700/5701/7979/5713/90701/9861/7314/8365/27327/5707/11047/7414/9789/3017/5706/7311/85236/5818/60/5684/2060/1650/4343/23112/5683/7316/10399
R-HSA-191273	Cholesterol biosynthesis	26	0.742798819952961	2.31064139291139	1.7330310368542e-07	2.08513893005632e-06	1.58245858252434e-06	2330	tags=65%, list=16%, signal=55%	6307/3157/1718/1595/3156/4597/2222/6713/39/2224/6720/1717/3422/3930/4047/10682/51478
R-HSA-382556	ABC-family proteins mediated transport	75	0.561344355350672	2.2184958620786	1.73177247255033e-07	2.08513893005632e-06	1.58245858252434e-06	2356	tags=47%, list=17%, signal=39%	6233/5692/5691/5695/5686/5687/5693/5689/5702/5694/10213/9619/5717/5688/5719/8894/5700/5701/7979/5713/9861/7314/5707/11047/5706/7311/91319/5684/6048/7415/5683/7316/10257/89845/5708
R-HSA-202424	Downstream TCR signaling	69	0.574635909184381	2.22677182619572	1.93944843932774e-07	2.31512112915028e-06	1.75699721855385e-06	2055	tags=42%, list=15%, signal=36%	6233/5692/5691/5695/5686/5687/5693/5689/5702/8454/5694/10213/5717/5688/5719/5700/5701/7979/5713/9861/7314/5707/11047/3635/5706/7311/5684/5683/7316
R-HSA-9918432	Maturation of DENV proteins	48	0.628505057499273	2.27580759242017	1.99780352511282e-07	2.3661485500555e-06	1.79572306985881e-06	2119	tags=48%, list=15%, signal=41%	6233/3309/201595/821/51726/58505/746/7341/3703/3840/28972/10525/10965/90701/7314/3839/9789/7311/811/7514/1650/7316/5611
R-HSA-453279	Mitotic G1 phase and G1/S transition	134	0.466544937332275	2.03212257120861	2.15391691700773e-07	2.5312698032432e-06	1.92103728297793e-06	2441	tags=40%, list=17%, signal=34%	6233/5692/894/5519/5691/5695/4609/4174/5686/5687/5693/5689/5702/8454/5694/7029/10213/56655/5717/5688/5719/5700/5701/7979/4175/595/91768/5713/9861/7314/7465/6119/5707/11047/1871/5518/5706/7311/5684/6241/4176/1019/5558/1163/5111/5683/7316/5557/6502/990/1022/5708/1875/4172
R-HSA-174084	Autodegradation of Cdh1 by Cdh1:APC/C	54	0.614928755103973	2.3015220189761	2.24258257152665e-07	2.61519629110338e-06	1.98473097220941e-06	2055	tags=52%, list=15%, signal=44%	6233/5692/5691/5695/5686/5687/5693/5689/8881/5702/5694/10213/5717/5688/5719/5700/5701/7979/5713/9861/7314/5707/11047/5706/7311/5684/5683/7316
R-HSA-72163	mRNA Splicing - Major Pathway	204	0.417517259058339	1.92911492105568	2.36718703055347e-07	2.7394317086405e-06	2.07901600995977e-06	2236	tags=30%, list=16%, signal=26%	6636/5436/8683/3312/4670/1665/6635/59286/6632/6426/3190/3181/4809/25804/1660/6637/27258/10772/4116/51690/3184/151903/6628/5435/3187/10946/3185/9584/55749/4686/83443/3192/10084/6434/6638/6629/51362/27339/55110/5725/55696/5356/51593/10465/7919/5441/55234/11338/2521/6428/23658/6432/25949/2963/3178/51645/23517/5094/5432/11157/4904/8896
R-HSA-2871837	FCERI mediated NF-kB activation	61	0.591362963465566	2.24044691049802	2.56010480298255e-07	2.94024157675874e-06	2.23141511137155e-06	2055	tags=48%, list=15%, signal=41%	6233/10235/5692/5691/5695/5686/5687/5693/5689/5702/8454/5694/10213/5717/5688/5719/5700/5701/7979/5713/9861/7314/5707/11047/5706/7311/5684/5683/7316
R-HSA-72203	Processing of Capped Intron-Containing Pre-mRNA	288	0.379586006060498	1.82476741753194	2.95002550728132e-07	3.36258546544246e-06	2.55194133712583e-06	2236	tags=28%, list=16%, signal=24%	6233/6636/5436/8683/3312/4670/1665/8106/22803/6635/59286/6632/6426/3190/3181/4809/25804/1660/6637/27258/10772/4116/51690/3184/151903/55706/6628/5435/3187/10946/3185/5500/9584/55749/4686/83443/3192/81929/10084/6434/7314/6638/6629/51362/27339/79228/55110/10212/1977/5725/55696/5356/51593/10465/129401/7919/5441/55234/10914/11338/2521/7311/6428/57187/23658/6432/26097/25949/2963/79023/11051/4927/3178/51645/23517/7316/5094/5432/11157/4904/53371/8896
R-HSA-69656	Cyclin A:Cdk2-associated events at S phase entry	74	0.554694210251907	2.19149814828388	3.00133116150422e-07	3.38760869815598e-06	2.57093202824919e-06	2408	tags=53%, list=17%, signal=44%	6233/5692/5691/5695/4609/5686/5687/5693/5689/5702/8454/5694/7029/10213/5717/5688/5719/5700/5701/7979/595/91768/5713/9861/7314/7465/5707/11047/5706/7311/5684/1019/1163/5683/7316/6502/1022/5708/1875
R-HSA-9705683	SARS-CoV-2-host interactions	175	0.43479472572795	1.98217422459194	3.03901571866235e-07	3.38760869815598e-06	2.57093202824919e-06	1747	tags=27%, list=12%, signal=24%	6233/6231/6206/6636/6227/6222/6208/6203/6217/6223/6207/6189/6193/3921/6201/6635/6209/6228/51065/6632/23367/7529/6218/6234/6188/6210/6224/6637/3654/25929/9868/55706/10971/6628/9871/6229/81929/6235/2697/3661/7314/7534/22863/129401/7311/2197/9908
R-HSA-1500931	Cell-Cell communication	254	0.396794162572665	1.87992875113339	3.02509296507933e-07	3.38760869815598e-06	2.57093202824919e-06	2220	tags=30%, list=16%, signal=26%	6233/8334/7088/50848/3020/72/5692/8970/1488/5691/5695/821/54751/4609/11171/9074/5686/58505/5687/5693/5689/1364/87/746/5702/8353/5694/8355/4613/3703/10213/4193/56288/5717/8826/5688/1366/28972/5719/3066/3688/5700/977/10979/5701/7979/5713/90701/9861/7314/8365/27327/5707/11047/7414/7408/9789/3017/5706/7311/85236/5818/60/5684/2060/1650/3918/23607/4343/23112/5683/7316/10399/9863/3909/121504/55679
R-HSA-9013694	Signaling by NOTCH4	69	0.565981401063454	2.19323473854553	3.35321949245747e-07	3.71056989092374e-06	2.81603450269382e-06	2110	tags=51%, list=15%, signal=43%	6233/5692/5691/5695/3516/5686/5687/5693/5689/5702/8454/5694/10213/84441/9978/5717/5688/5719/5700/5701/7979/5713/9861/7314/5707/11047/7534/5706/7311/5684/23493/5664/5683/7316/102
R-HSA-174154	APC/C:Cdc20 mediated degradation of Securin	55	0.598267954170757	2.24691654562254	4.37797368486525e-07	4.80942616395342e-06	3.64998111179079e-06	2055	tags=51%, list=15%, signal=44%	6233/5692/5691/5695/5686/5687/5693/5689/8881/5702/5694/10213/5717/5688/5719/5700/5701/7979/5713/9861/7314/5707/11047/5706/7311/5684/5683/7316
R-HSA-9824272	Somitogenesis	41	0.654994529374961	2.27966636154812	4.6392270873979e-07	5.05976134136346e-06	3.83996607839902e-06	2418	tags=63%, list=17%, signal=53%	5692/5691/5695/3516/5686/5687/5693/5689/5702/5694/10213/5717/5688/5719/5700/5701/7979/5713/9861/5707/11047/5706/5684/5683/5708/3955
R-HSA-1268020	Mitochondrial protein import	60	0.588187409970193	2.22955544862917	4.84521660594152e-07	5.24667741043382e-06	3.98182086488277e-06	3004	tags=48%, list=21%, signal=38%	3329/10469/3313/26517/506/54927/54543/26521/10165/9868/51287/26515/10440/498/29090/401505/10452/9512/1678/56993/134266/26519/92609/2395/617/131474/4714/100287932/388753
R-HSA-69239	Synthesis of DNA	108	0.490621813611684	2.08673026016941	4.90087208304492e-07	5.26930643822418e-06	3.99899454032706e-06	2849	tags=44%, list=20%, signal=35%	6233/5692/5691/5695/4174/5686/5687/5693/5689/8881/5702/8454/5694/10213/56655/9978/5717/5688/5719/5700/5701/7979/4175/5713/9861/7314/6119/5707/11047/5706/7311/5684/4176/5558/5111/5683/7316/5557/6502/990/5708/4172/25906/4171/9837/5000/29945
R-HSA-983705	Signaling by the B Cell Receptor (BCR)	88	0.521220072638628	2.11642163321117	5.43557228817983e-07	5.80304759780326e-06	4.40406264713162e-06	1714	tags=39%, list=12%, signal=34%	6233/5530/5478/5692/5691/5695/5686/5687/5693/5689/5702/8454/5694/10213/801/5717/5688/5719/5700/5701/7979/5713/9861/7314/5534/5707/11047/2280/3709/805/4793/5706/7311/5684
R-HSA-9694516	SARS-CoV-2 Infection	269	0.384679453142009	1.8385273099835	6.35207729227314e-07	6.73409033222802e-06	5.11065180747482e-06	2318	tags=26%, list=16%, signal=22%	6233/6231/6206/6636/6227/6222/6208/6203/6217/6223/6207/201595/821/6189/4124/6193/3921/6201/6635/6209/58505/6228/51065/6632/23367/7529/6218/746/6234/7341/3703/6188/6210/6224/6637/3654/25929/6382/9868/55706/10971/6628/9871/55129/6383/6229/81929/6235/2697/3661/7314/8829/7534/22863/129401/7311/2197/9908/1650/3276/79023/4927/7415/7316/1452/6230/53371/65082/7082/6385
R-HSA-174184	Cdc20:Phospho-APC/C mediated degradation of Cyclin A	60	0.584634167655052	2.21608669593277	6.44811895823152e-07	6.78843634769374e-06	5.15189621443498e-06	2055	tags=47%, list=15%, signal=40%	6233/5692/5691/5695/5686/5687/5693/5689/8881/5702/5694/10213/5717/5688/5719/5700/5701/7979/5713/9861/7314/5707/11047/5706/7311/5684/5683/7316
R-HSA-8852276	The role of GTSE1 in G2/M progression after G2 checkpoint	57	0.595050196150963	2.24480172938503	6.92245169867083e-07	7.23754260357585e-06	5.49273299938092e-06	2108	tags=56%, list=15%, signal=48%	6233/347733/5692/5691/5695/5686/5687/5693/5689/5702/5694/10213/5717/5688/5719/5700/5701/7979/5713/9861/7314/5707/11047/5706/7311/10381/5684/7277/7280/5683/7316/22919
R-HSA-69017	CDK-mediated phosphorylation and removal of Cdc6	60	0.583768971815699	2.21280712539954	7.03099382361084e-07	7.30067577848907e-06	5.54064617823118e-06	2116	tags=48%, list=15%, signal=41%	6233/5692/5691/5695/5686/5687/5693/5689/8881/5702/5694/10213/5717/5688/5719/5700/5701/7979/5713/9861/7314/5707/11047/5706/7311/5684/5683/7316/990
R-HSA-9679506	SARS-CoV Infections	367	0.353177181512299	1.73355708657618	7.33877883013022e-07	7.56842769148123e-06	5.74384909511803e-06	2318	tags=26%, list=16%, signal=22%	6233/6231/6206/6636/6227/5478/6222/6208/6203/6217/6223/6207/201595/821/6189/4124/6193/3921/6201/6635/4869/6209/58505/6228/51065/6632/23367/7529/6218/746/6234/7341/9817/3703/6188/6210/6224/6637/4089/3654/9978/25929/6382/9868/3066/55706/3688/10971/6628/9871/55129/6383/6229/81929/6235/2697/25855/3661/7314/8829/5313/10728/1173/7534/2280/5479/22863/598/10465/129401/1312/64426/5706/7311/2197/9908/1650/3276/57504/7422/476/79023/4927/3178/2288/7415/51742/7316/5094/1452/6230/53371/65082/5978/7082/6385
R-HSA-379716	Cytosolic tRNA aminoacylation	24	0.745001452123762	2.2847242752201	8.20427179244997e-07	8.40383516037443e-06	6.37785851290741e-06	3093	tags=79%, list=22%, signal=62%	4677/2617/51520/3376/7453/6897/5917/2193/8565/2058/16/4141/9521/3035/833/10056/5464/6301/3735
R-HSA-5687128	MAPK6/MAPK4 signaling	74	0.542878299736967	2.14481558781147	9.82851156128729e-07	1.00000157898735e-05	7.58923570221619e-06	2055	tags=47%, list=15%, signal=41%	6233/5692/2308/5691/5695/4609/5686/8555/5687/5693/5689/5702/5694/10213/2118/5717/5688/5719/5700/5701/7979/5713/9861/7314/27327/5707/11047/5706/7311/5684/7514/4343/23112/5683/7316
R-HSA-201681	TCF dependent signaling in response to WNT	164	0.428499452274409	1.93662792622301	1.19955339893429e-06	1.21234863518959e-05	9.20078501779074e-06	2531	tags=38%, list=18%, signal=31%	6233/8334/7088/11197/3020/5692/8970/5519/5691/5695/4609/6423/23401/5686/5687/5693/5689/5702/8353/5694/8355/9580/10213/9978/5717/5688/5719/5700/5701/7979/5713/9861/7314/8365/23072/6259/5707/11047/7534/6659/8607/3017/5518/5706/7311/85236/5684/4040/7514/5525/5529/5683/7316/5929/1452/121504/79412/79577/5708/83439/84661/8294
R-HSA-179419	APC:Cdc20 mediated degradation of cell cycle proteins prior to satisfation of the cell cycle checkpoint	61	0.575224025518028	2.17930267946369	1.25421568492932e-06	1.25919932341248e-05	9.55634537210001e-06	2055	tags=46%, list=15%, signal=39%	6233/5692/5691/5695/5686/5687/5693/5689/8881/5702/5694/10213/5717/5688/5719/5700/5701/7979/5713/9861/7314/5707/11047/5706/7311/5684/5683/7316
R-HSA-418990	Adherens junctions interactions	180	0.420243409593472	1.92294419507081	1.4382901077125e-06	1.43450513374484e-05	1.08867803859402e-05	2084	tags=33%, list=15%, signal=28%	6233/8334/7088/3020/72/5692/8970/1488/5691/5695/821/4609/11171/5686/58505/5687/5693/5689/746/5702/8353/5694/8355/4613/3703/10213/4193/5717/5688/28972/5719/3066/5700/5701/7979/5713/90701/9861/7314/8365/27327/5707/11047/7414/9789/3017/5706/7311/85236/5818/60/5684/2060/1650/4343/23112/5683/7316/10399
R-HSA-9759476	Regulation of Homotypic Cell-Cell Adhesion	166	0.432059376956394	1.96103474677383	1.6581486775603e-06	1.64297607528197e-05	1.2468913000161e-05	2084	tags=35%, list=15%, signal=30%	6233/8334/7088/3020/72/5692/8970/1488/5691/5695/821/4609/11171/5686/58505/5687/5693/5689/746/5702/8353/5694/8355/4613/3703/10213/4193/5717/5688/28972/5719/3066/5700/5701/7979/5713/90701/9861/7314/8365/27327/5707/11047/7414/9789/3017/5706/7311/85236/60/5684/2060/1650/4343/23112/5683/7316/10399
R-HSA-9918481	Dengue Virus-Host Interactions	229	0.390138929826048	1.82194716465833	1.80246587150343e-06	1.77437549428519e-05	1.34661325875136e-05	3394	tags=39%, list=24%, signal=30%	6636/8334/5436/8683/3312/8970/4670/1665/8106/6635/6632/6426/92815/8353/3190/8355/1993/3181/115004/1660/10949/6637/3184/6382/6628/5435/3187/10946/3185/55749/4686/6383/83443/3192/10084/8365/6141/6638/6629/51362/27339/22863/5725/55696/3017/5356/51593/5441/10914/4793/11338/2521/85236/6428/6432/2963/11051/3178/51645/5094/5432/121504/4904/8896/79577/7082/6385/10283/220988/8294/23283/6634/10907/84844/8339/54883/6431/84991/8969/51639/1499/51340/80349/1616/10421/3326/9879/27316/5431
R-HSA-9793380	Formation of paraxial mesoderm	51	0.587764696611677	2.16039811517523	1.99149308948411e-06	1.94780872494059e-05	1.47823561752539e-05	1714	tags=47%, list=12%, signal=41%	5692/5691/5695/3516/5686/5687/5693/5689/5702/5694/10213/84441/5717/5688/5719/5700/5701/7979/5713/9861/5707/11047/5706/5684
R-HSA-4086400	PCP/CE pathway	77	0.524832126617299	2.08769178897261	2.35426168727484e-06	2.28785943455683e-05	1.73630770863117e-05	2055	tags=42%, list=15%, signal=36%	6233/5692/5691/5695/8324/5686/5687/5693/5689/5702/5694/10213/5717/5688/5719/5700/5701/5216/7979/5713/9861/7314/6259/5707/1173/11047/1211/5706/7311/5684/5683/7316
R-HSA-202403	TCR signaling	81	0.515125494104585	2.05987820036435	2.89334341041371e-06	2.77789264051397e-05	2.10820487160239e-05	2156	tags=40%, list=15%, signal=34%	6233/5692/5691/5695/5686/5687/5693/5689/5702/8454/5694/10213/5717/5688/5719/5700/5701/7979/5713/9861/7314/5707/11047/7408/3635/5706/7311/5684/55740/5683/7316/5795
R-HSA-72172	mRNA Splicing	212	0.399096419192293	1.84112357345554	2.89516515304226e-06	2.77789264051397e-05	2.10820487160239e-05	2236	tags=29%, list=16%, signal=25%	6636/5436/8683/3312/4670/1665/6635/59286/6632/6426/3190/3181/4809/25804/1660/6637/27258/10772/4116/51690/3184/151903/6628/5435/3187/10946/3185/9584/55749/4686/83443/3192/10084/6434/6638/6629/51362/27339/55110/5725/55696/5356/51593/10465/7919/5441/55234/11338/2521/6428/23658/6432/25949/2963/3178/51645/23517/5094/5432/11157/4904/8896
R-HSA-8948751	Regulation of PTEN stability and activity	55	0.575243360937054	2.16044301961738	2.96701183128888e-06	2.82892448819745e-05	2.14693408248842e-05	2055	tags=49%, list=15%, signal=42%	6233/5692/5691/5695/5686/5687/5693/5689/5702/5694/10213/5717/5688/5719/5700/5701/7979/5713/9861/7314/5707/11047/5706/7311/5684/5683/7316
R-HSA-5607764	CLEC7A (Dectin-1) signaling	82	0.511174016747401	2.04565253187426	3.26930599818228e-06	3.09766743327771e-05	2.35088911579818e-05	1714	tags=38%, list=12%, signal=33%	6233/5530/5692/5691/5695/5686/5687/5693/5689/5702/8454/5694/10213/801/5717/5688/5719/5700/5701/7979/5713/9861/7314/5534/5707/11047/3709/805/5706/7311/5684
R-HSA-388841	Regulation of T cell activation by CD28 family	205	0.399756022258304	1.84820802758432	3.38602148428634e-06	3.18832830445844e-05	2.41969367919253e-05	2077	tags=31%, list=15%, signal=27%	6233/8334/3020/201595/5692/8970/5519/5691/7004/5695/4609/5686/58505/5687/5693/5689/2034/746/2353/5702/8353/8454/5694/8355/4613/3703/10213/10413/9978/5717/5688/5719/5700/5701/7979/595/5713/9861/7314/8365/27327/5707/11047/10987/3017/5518/5706/7311/85236/91319/5684/467/6048/1650/5525/1019/5529/4343/7415/23112/5683/7316/5929
R-HSA-69481	G2/M Checkpoints	134	0.437087471531243	1.90381514280274	3.79159955853805e-06	3.54818822885412e-05	2.69279942656406e-05	2670	tags=38%, list=19%, signal=31%	6233/5692/8970/5691/5695/4174/5686/5687/5693/5689/7529/5702/5694/10213/5717/5688/5719/10971/5700/5701/7979/4175/5713/9861/7314/8365/7465/6119/5707/11047/7534/3017/5706/7311/85236/5684/4176/7158/5683/7316/1111/990/9088/121504/5708/29086/4172/8294/7157/116028/4171
R-HSA-109581	Apoptosis	105	0.475520235479067	2.00981469962438	4.18267128512882e-06	3.89014090077012e-05	2.95231495940962e-05	2356	tags=40%, list=17%, signal=34%	6233/1612/219699/5692/5691/708/5695/5686/3146/5687/5693/5689/7529/5702/5694/7029/10213/8655/5717/5688/5719/10971/5700/5701/7979/5713/9861/7314/5534/5707/11047/7534/598/5706/7311/5684/51765/5683/7316/4000/7082/5708
R-HSA-9912633	Antigen processing: Ub, ATP-independent proteasomal degradation	19	0.762460285715603	2.22280259471099	4.54180742206768e-06	4.19840247064305e-05	3.18626156118098e-05	2051	tags=68%, list=15%, signal=59%	5692/5691/5695/5686/5687/5693/5689/5694/5688/5721/5696/5684/5683
R-HSA-8878171	Transcriptional regulation by RUNX1	158	0.411016493748972	1.8467237514362	4.70705056154781e-06	4.3247810007918e-05	3.2821730550378e-05	2356	tags=37%, list=17%, signal=31%	6233/8334/3020/5692/8970/894/55170/5691/5695/6595/5686/5687/5693/5689/5702/8353/23429/5694/8355/10213/57678/10413/5717/5688/5719/5700/5701/7979/10398/6599/595/5713/9861/7314/8365/27327/23309/5707/11047/7057/3017/5706/7311/55193/85236/1911/5684/3276/23466/4343/23112/5683/7316/5929/121504/1022/7082/5708
R-HSA-8878166	Transcriptional regulation by RUNX2	92	0.494186306075336	2.03819460775571	4.93074655315243e-06	4.5030191413127e-05	3.41744196740368e-05	2094	tags=41%, list=15%, signal=35%	6233/5692/5691/5695/5686/5687/5693/5689/5702/8454/5694/10213/10413/4089/9978/5717/5688/367/5719/5700/5701/7979/595/5713/9861/7314/5707/11047/5706/7311/221044/2101/5684/23493/1019/5683/7316/6502
R-HSA-5610787	Hedgehog 'off' state	94	0.487650704808476	2.01285682179583	5.03054733715342e-06	4.56665255276921e-05	3.46573478695789e-05	2080	tags=41%, list=15%, signal=36%	6233/5577/347733/2735/5692/5727/5691/5575/5695/5686/5687/5693/5689/5702/8454/5694/10213/9978/5717/5688/5719/5700/5701/7979/5713/9861/7314/5707/11047/80199/5706/7311/10381/5684/7277/7280/5683/7316/1452
R-HSA-176409	APC/C:Cdc20 mediated degradation of mitotic proteins	63	0.546603435928493	2.08310908260755	5.47191426087998e-06	4.93775120207979e-05	3.74736985409888e-05	2055	tags=44%, list=15%, signal=38%	6233/5692/5691/5695/5686/5687/5693/5689/8881/5702/5694/10213/5717/5688/5719/5700/5701/7979/5713/9861/7314/5707/11047/5706/7311/5684/5683/7316
R-HSA-69242	S Phase	149	0.423968320924228	1.8746515158455	5.96723665974293e-06	5.35285844743804e-05	4.06240402933605e-05	2770	tags=39%, list=20%, signal=32%	6233/5692/5691/5695/4609/4174/5686/5687/5693/5689/8881/5702/8454/5694/7029/10213/56655/9978/5717/5688/5719/23047/5700/5701/7979/4175/595/91768/5713/9861/7314/7465/6119/5707/10274/11047/5706/7311/5684/4176/1019/5558/1163/5111/5683/7316/5557/6502/990/1022/5708/1875/4172/25906/4171/5928/9837/5000
R-HSA-8951664	Neddylation	207	0.383537801091714	1.77073338844539	6.22885704450678e-06	5.55467487027781e-05	4.21556702764453e-05	2094	tags=30%, list=15%, signal=26%	6233/5692/5691/5695/26232/84259/5686/5687/8835/5693/6921/5689/2034/5702/8454/5694/92369/9817/10213/149951/9616/8451/9978/5717/5688/84078/9903/5719/5700/7323/5701/7979/5713/9861/7314/5707/11047/10072/10987/25879/6923/123879/150726/10980/28991/5706/7311/23142/7353/5684/8533/64326/4738/93611/84085/7347/54939/7415/5683/7316/5929/6502
R-HSA-2173782	Binding and Uptake of Ligands by Scavenger Receptors	27	0.696766321467533	2.19385885756224	6.85573607620466e-06	6.07795081375805e-05	4.61269284782499e-05	1619	tags=41%, list=11%, signal=36%	2512/5052/10808/3146/117156/6678/7184/10525/348/1282/811
R-HSA-5673001	RAF/MAP kinase cascade	217	0.3889578722364	1.79701639227489	7.58839155291502e-06	6.68837301989487e-05	5.07595591636237e-05	2103	tags=29%, list=15%, signal=25%	6233/8831/5037/53358/5692/8682/5154/5519/5691/1847/5695/5686/5687/5693/5689/7529/4747/5702/5694/10213/6464/2064/54756/9978/801/4233/5717/8826/5688/84078/9965/5906/5719/5700/5500/5701/7979/5713/9861/7314/1844/5707/11047/51104/10718/3815/7414/805/598/9462/5518/2904/3667/7010/5706/7311/60/5684/5525/5529/5683/7316/5924/1438
R-HSA-2454202	Fc epsilon receptor (FCERI) signaling	104	0.46678492729378	1.96910832490621	7.65665381311089e-06	6.70953016224052e-05	5.09201254501381e-05	1714	tags=33%, list=12%, signal=29%	6233/5530/10235/5692/5691/5695/5686/5687/5693/5689/2353/5702/8454/5694/10213/6464/801/5717/5688/5719/5700/5701/7979/5713/9861/7314/5534/5707/11047/3709/805/5706/7311/5684
R-HSA-5684996	MAPK1/MAPK3 signaling	222	0.380607717013716	1.76826026558519	8.03279823911945e-06	6.99869087960063e-05	5.31146308249096e-05	2103	tags=29%, list=15%, signal=25%	6233/8831/5037/53358/5692/8682/5154/5519/5691/1847/5695/5686/5687/5693/5689/7529/4747/5702/5694/10213/6464/2064/54756/9978/801/4233/5717/8826/5688/84078/9965/5906/5719/5700/5500/5701/7979/5713/9861/7314/1844/5707/11047/51104/10718/3815/7414/805/598/9462/5518/2904/3667/7010/5706/7311/60/5684/5525/5529/5683/7316/5924/1438
R-HSA-5632684	Hedgehog 'on' state	68	0.528464270542842	2.04427658572828	8.94191560739817e-06	7.74625374903751e-05	5.87880526850298e-05	2356	tags=49%, list=17%, signal=41%	6233/2735/5692/5727/5691/5695/5686/5687/5693/5689/5702/5694/10213/9978/5717/5688/5719/5700/5701/7979/5713/9861/7314/5707/11047/5706/7311/5684/5683/7316/1452/79577/5708
R-HSA-162906	HIV Infection	205	0.39083858800122	1.80697969664814	1.02341461036706e-05	8.81532130293449e-05	6.69014455222011e-05	3533	tags=40%, list=25%, signal=30%	6233/5478/5436/5692/5691/5695/4869/5686/5901/5687/5693/6921/5689/5702/5694/10213/9978/5717/6884/5688/5719/55706/5700/5435/5701/4686/7979/3159/81929/130340/5713/9861/7314/5707/1173/11047/6923/129401/5441/5706/7311/6829/5684/7514/2963/79023/164/51497/4927/5683/7316/5902/7520/5432/2960/53371/1022/79720/6924/5708/23279/1175/25978/5905/1104/9525/9631/8905/6881/161/5704/6879/10053/5709/57122/7518/2534/5431/2966/6500/6875
R-HSA-5688426	Deubiquitination	219	0.379306256758974	1.75745048580268	1.22279214713044e-05	0.000104731801980211	7.94833075714284e-05	2622	tags=32%, list=19%, signal=26%	6233/84101/8334/7345/5692/8970/4303/5691/5695/4609/5686/219333/5687/5693/5689/5702/92815/5694/7874/9817/10213/7417/4193/4089/79589/5717/5688/367/5719/9868/5700/54891/5701/7979/23032/114803/5713/9861/7314/9100/5707/11047/8607/3017/64426/5706/7311/85236/7353/60/5684/54617/27430/4738/7347/7415/5683/7316/6502/4194/4087/4092/5708/29086/9097/1540/7157/10600/86
R-HSA-157118	Signaling by NOTCH	180	0.40173175301718	1.83823880352414	1.23088297770181e-05	0.000104832505291907	7.95597335675976e-05	2418	tags=36%, list=17%, signal=30%	6233/8334/7088/3020/5692/8970/5691/5695/5087/4609/3516/5686/92737/5687/5693/5689/5702/8353/8454/5694/8355/7029/10213/56983/84441/9978/5717/5688/5719/3066/5700/5701/7979/595/5713/9861/7314/8365/27327/5707/11047/7534/488/1871/23286/3017/5706/7311/85236/5684/23493/5664/892/489/4343/23112/5683/7316/102/121504/4904/5708/4192/23220/3955
R-HSA-5683057	MAPK family signaling cascades	259	0.356371543597628	1.69528498291045	1.28365065380445e-05	0.000108715887774724	8.25069194124239e-05	2103	tags=28%, list=15%, signal=24%	6233/8831/5037/53358/5692/8682/5154/2308/5519/5691/1847/5695/4609/5686/8555/5687/5693/5689/7529/4747/5702/5694/10213/2118/6464/2064/54756/9978/801/4233/5717/8826/5688/84078/9965/5906/5719/5700/5500/5701/7979/5713/9861/7314/27327/1844/5707/11047/51104/10718/3815/7414/805/598/9462/5518/2904/3667/7010/5706/7311/60/5684/7514/5525/5529/4343/23112/5683/7316/5924/1438
R-HSA-176814	Activation of APC/C and APC/C:Cdc20 mediated degradation of mitotic proteins	64	0.528061877934176	2.02160735533814	1.41215228342606e-05	0.000118934603426328	9.02621313324379e-05	2055	tags=44%, list=15%, signal=38%	6233/5692/5691/5695/5686/5687/5693/5689/8881/5702/5694/10213/5717/5688/5719/5700/5701/7979/5713/9861/7314/5707/11047/5706/7311/5684/5683/7316
R-HSA-176408	Regulation of APC/C activators between G1/S and early anaphase	68	0.521630976984932	2.01784312030308	1.49181021928626e-05	0.000124949408421987	9.48269014062157e-05	2055	tags=43%, list=15%, signal=37%	6233/5692/5691/5695/5686/5687/5693/5689/8881/5702/8454/5694/10213/5717/5688/5719/5700/5701/7979/5713/9861/7314/5707/11047/5706/7311/5684/5683/7316
R-HSA-452723	Transcriptional regulation of pluripotent stem cells	23	0.713751498118335	2.1772237929872	1.51229302650724e-05	0.000125969023526647	9.5600710119862e-05	2985	tags=78%, list=21%, signal=62%	79727/63978/5460/6997/5087/2041/55211/2034/57167/4089/84891/27022/79923/4087/2649/64344/9314/2247
R-HSA-195721	Signaling by WNT	247	0.365318560749062	1.72552843203237	1.77176379698393e-05	0.000146775623837576	0.000111391304578858	2080	tags=29%, list=15%, signal=25%	6233/5530/8334/7088/11197/3020/5692/8970/1488/5519/5691/5695/2786/4609/8324/51701/6423/23401/5686/5687/5693/5689/5702/8353/8454/5694/8355/9580/10213/9978/801/5717/5688/5719/5700/5701/5216/7979/5713/9861/7314/8365/27327/23072/6259/5534/5707/1173/11047/7534/6659/8607/3709/805/3017/5518/1211/5706/7311/85236/5684/4040/7514/5525/5529/4343/23112/5683/7316/5929/1452
R-HSA-379724	tRNA Aminoacylation	42	0.592428772193584	2.06822253088944	2.23876018430642e-05	0.000184454371706985	0.00013998654928186	3093	tags=55%, list=22%, signal=43%	4677/2617/51520/3376/7453/6897/5917/2193/8565/2058/16/4141/9521/3035/23395/51067/833/79731/10056/5464/10667/6301/3735
R-HSA-5619115	Disorders of transmembrane transporters	121	0.429781424688365	1.85982472880193	2.45864539242607e-05	0.000201476022427996	0.00015290466082058	2227	tags=35%, list=16%, signal=29%	6233/6520/19/5692/5691/5695/5686/5687/5693/5689/5702/5694/6513/10213/5717/5688/5719/55706/5700/5701/7979/81929/5713/9861/7314/5707/11047/129401/5706/7311/91319/5684/6048/79023/4927/8671/7415/5683/7316/10568/53371/4891
R-HSA-9609507	Protein localization	151	0.406314715620167	1.80162076829398	3.09857519000154e-05	0.000252550536991524	0.000191666252556406	3004	tags=36%, list=21%, signal=28%	6233/3295/3329/10469/3313/3162/26517/27230/506/54927/54543/10952/54332/3417/26521/10165/1528/23480/9868/5621/10965/7323/51287/26515/10440/55670/7314/498/29090/11001/401505/10452/9512/7311/1678/10005/56993/134266/7316/26061/54469/26519/10478/51268/819/92609/2395/8309/617/131474/4714/100287932/439/388753
R-HSA-72306	tRNA processing	111	0.445025990322121	1.90428326521234	3.3588780838114e-05	0.00027230262968225	0.000206656557591098	4382	tags=58%, list=31%, signal=40%	80324/1653/11260/10940/5901/54517/81890/115708/55039/10785/55706/81929/51095/8270/55644/54931/79691/81605/55621/129401/2058/1787/84267/55006/79023/4927/51504/91801/79897/53371/63892/23279/54482/54888/10799/339487/9836/3028/9631/51002/80746/51367/55687/51637/54913/57122/55253/112858/79693/23165/51605/127253/84520/152992/51493/54901/11097/93587/10978/348995/10556/10248/9692/60528
R-HSA-9969896	Lanosterol biosynthesis	13	0.789574157999294	2.09676708375555	3.54002991834243e-05	0.000285461987032294	0.000216643488283778	1803	tags=69%, list=13%, signal=60%	3157/3156/4597/2222/6713/39/2224/3422/4047
R-HSA-174178	APC/C:Cdh1 mediated degradation of Cdc20 and other APC/C:Cdh1 targeted proteins in late mitosis/early G1	61	0.525938961193821	1.99258051909746	4.1616810283419e-05	0.000333815261320969	0.000253339869895723	2094	tags=48%, list=15%, signal=41%	6233/5692/5691/5695/5686/5687/5693/5689/8881/5702/5694/10213/5717/5688/5719/5700/5701/7979/5713/9861/7314/5707/11047/5706/7311/5684/5683/7316/6502
R-HSA-5357801	Programmed Cell Death	121	0.4241808255578	1.83558884479022	4.3192024137923e-05	0.000344626887332059	0.000261545054752077	1780	tags=31%, list=13%, signal=27%	6233/1612/219699/5692/5691/708/5695/5686/3146/5687/5693/5689/7529/5702/5694/7029/10213/8655/5717/5688/5719/10971/5700/5701/7979/5713/9861/7314/5534/5707/11047/7534/598/5706/7311/5684/51765
R-HSA-3858494	Beta-catenin independent WNT signaling	124	0.416150124420294	1.80942114221611	4.39387396844965e-05	0.000348749368385846	0.0002646736978515	2055	tags=34%, list=15%, signal=29%	6233/5530/5692/5691/5695/2786/8324/51701/5686/5687/5693/5689/5702/5694/10213/801/5717/5688/5719/5700/5701/5216/7979/5713/9861/7314/27327/6259/5534/5707/1173/11047/3709/805/1211/5706/7311/5684/4343/23112/5683/7316
R-HSA-9758941	Gastrulation	78	0.480068433188953	1.91106759128637	5.37108911245987e-05	0.000424092244504644	0.000321853092100802	2748	tags=47%, list=19%, signal=38%	5460/5692/5691/7004/5695/3516/5686/5687/5693/5689/5702/5694/10213/10413/4089/84441/5717/5688/5719/5700/5701/7979/5713/9861/5707/11047/5706/5684/79923/5683/4087/5708/3955/83439/652/2249/5453
R-HSA-8854518	AURKA Activation by TPX2	71	-0.467466526345758	-1.95477152690701	5.66434354223289e-05	0.000442636330413663	0.000335926613763459	2361	tags=35%, list=17%, signal=29%	4751/983/80321/55722/4957/121441/7283/7846/1453/55125/22974/22981/22994/54820/11190/54801/10121/10540/9793/5566/1778/5347/6790/11064/10383
R-HSA-9020702	Interleukin-1 signaling	91	0.457223456936275	1.88643423957886	5.646242798067e-05	0.000442636330413663	0.000335926613763459	2583	tags=43%, list=18%, signal=35%	6233/5692/5691/5695/5686/3146/5687/5693/5689/5702/8454/5694/10213/3654/9978/5717/5688/5719/5700/5701/7979/5713/9861/7314/5707/11047/4793/5706/7311/5684/11213/5683/7316/57161/5708/1326/8878/9097/7157
R-HSA-425407	SLC-mediated transmembrane transport	155	0.39320930256872	1.75615276529302	6.20823004934015e-05	0.000482650089989727	0.000366293951089273	1067	tags=21%, list=8%, signal=19%	23516/6510/84889/23657/117247/6520/2030/92745/8140/6542/64116/81539/57181/23446/54407/55089/6574/8501/8884/6581/6513/27173/6717/6541/801/79751/57419/6536/23428/11182/7781/51296
R-HSA-5617833	Cilium Assembly	185	-0.347594694603705	-1.69600841940713	6.27931134893462e-05	0.000485685510458413	0.00036859759959106	3286	tags=35%, list=23%, signal=27%	10376/54930/1781/80254/79867/9657/5147/149371/123016/4867/55763/200132/27077/585/57728/83658/4751/983/11127/80321/92482/85302/60412/55722/22920/3797/4957/56912/121441/79659/200894/9742/129880/55112/7283/7846/57576/9727/28981/79969/583/1453/8729/55125/22981/22994/6991/54903/54820/11020/11190/54801/10121/23265/56623/10540/9793/57787/10013/146057/5566/1778/5347/11064/10383
R-HSA-380270	Recruitment of mitotic centrosome proteins and complexes	80	-0.438369529530789	-1.86804374027475	7.87670884730467e-05	0.000603085384470398	0.000457694990436151	2361	tags=32%, list=17%, signal=27%	4751/983/80321/55722/27175/4957/121441/7283/7846/1453/984/55125/22981/22994/54820/11190/54801/10121/10540/9793/5566/1778/5347/114791/11064/10383
R-HSA-380287	Centrosome maturation	80	-0.438369529530789	-1.86804374027475	7.87670884730467e-05	0.000603085384470398	0.000457694990436151	2361	tags=32%, list=17%, signal=27%	4751/983/80321/55722/27175/4957/121441/7283/7846/1453/984/55125/22981/22994/54820/11190/54801/10121/10540/9793/5566/1778/5347/114791/11064/10383
R-HSA-9864848	Complex IV assembly	43	0.557838635631474	1.95943567819666	0.000102102986341933	0.000777829785398843	0.000590312425663752	2374	tags=42%, list=17%, signal=35%	4697/1337/1350/1347/1327/6341/25994/29090/55969/1345/1355/1329/4514/6834/84987/9377/389203/28958
R-HSA-15869	Metabolism of nucleotides	85	0.449036412319676	1.81632611262239	0.0001205846906449	0.00091403195508834	0.00069367929934145	1863	tags=35%, list=13%, signal=31%	4860/205/54963/1854/5198/159/7295/79077/2936/7296/10606/55270/3704/51292/50484/7378/132/7372/1503/204/4832/158/26289/102157402/6241/53343/8833/471/25939/353
R-HSA-6803529	FGFR2 alternative splicing	26	0.638736770980362	1.98693318103986	0.000175770418044713	0.00132571121271534	0.0010061118979988	2805	tags=58%, list=20%, signal=46%	5436/7073/4670/5435/3187/3185/4686/5725/5441/54845/2963/3178/5432/80004/7072
R-HSA-983169	Class I MHC mediated antigen processing & presentation	324	0.315282286694338	1.52806065145616	0.000188020028845988	0.00141108100856692	0.00107090094595448	2094	tags=23%, list=15%, signal=20%	6233/3309/255488/5692/7174/5691/5695/821/26232/11146/5686/3146/29927/5687/5693/6921/5689/8881/5702/8454/5694/10952/92369/9817/10213/9616/51444/9978/5717/5688/84078/6810/9903/23480/5719/7064/131405/5700/9871/26091/7323/5701/7979/3685/5713/9861/7314/23304/29116/7326/5707/11047/55182/114088/6923/150726/22863/91694/5721/64718/5706/7311/10425/221687/811/5696/5684/10477/8651/93611/84085/6890/5683/7316/6502
R-HSA-9909396	Circadian clock	106	0.422356246000888	1.79125826757906	0.00019161018484398	0.0014309410848447	0.00108597320214918	3440	tags=47%, list=24%, signal=36%	6233/6096/5692/5691/5695/5686/5687/5693/5689/5702/8454/5694/406/10213/6720/9978/5717/5688/5719/5700/5500/5701/7979/5713/9861/7314/5707/11047/1374/5706/7311/5684/5683/7316/5708/25819/1386/1390/10891/79718/23411/8553/96764/5054/5704/5709/5936/5501/56938/10499
R-HSA-9013026	RHOB GTPase cycle	65	-0.459753545563361	-1.88685639394143	0.000199508960611304	0.00148262541317028	0.00112519759519172	3093	tags=43%, list=22%, signal=34%	4983/11214/23263/1894/128239/5586/9748/23365/3728/54443/9828/9754/9138/5099/398/50650/57580/5295/4649/9639/57584/29/9341/29127/29941/388/11113/115557
R-HSA-5334118	DNA methylation	25	0.641469986132216	1.98359986397175	0.000203084081296889	0.00150183154754187	0.0011397735602439	1634	tags=40%, list=12%, signal=35%	1789/8334/3020/8970/8353/8355/1788/8365/3017/85236
R-HSA-212300	PRC2 methylates histones and DNA	36	0.579429158562471	1.97467703363944	0.000221667880517903	0.00162342273847894	0.00123205183527113	2871	tags=47%, list=20%, signal=38%	1789/8334/3720/3020/8970/8353/8355/1788/8365/3017/85236/121504/2146/8294/22823/5928/8339
R-HSA-5389840	Mitochondrial translation elongation	87	0.449496235504267	1.81994466927742	0.000220810748640838	0.00162342273847894	0.00123205183527113	3864	tags=47%, list=27%, signal=34%	51021/54460/29088/10884/65008/28998/64983/64965/78988/51023/57129/219927/85476/11222/118487/51258/54534/116541/6183/28957/51650/92259/64951/54998/51642/64979/740/10240/65993/55052/60488/28973/65080/23107/51263/90480/64968/51373/63931/9801/122704
R-HSA-9856649	Transcriptional and post-translational regulation of MITF-M expression and activity	48	0.526234610279308	1.90548780344429	0.000239005559165822	0.00174198282545859	0.00132202973769354	3146	tags=44%, list=22%, signal=34%	3397/51520/3376/3094/7529/7341/27022/5917/8600/7534/3815/2058/4141/7514/9521/4254/4286/23411/1910/3735/1499
R-HSA-446652	Interleukin-1 family signaling	110	0.411797184742668	1.75714949535625	0.00024342681741013	0.00176571796743424	0.00134004286793892	2583	tags=37%, list=18%, signal=31%	6233/5692/5691/5695/5686/3146/5687/5693/5689/5702/8454/5694/10213/3654/9978/5717/5688/5719/5700/5701/7979/5713/9861/7314/5707/11047/5782/4793/5706/7311/5684/11213/5683/7316/57161/5708/1326/5775/8878/9097/7157
R-HSA-5620912	Anchoring of the basal body to the plasma membrane	96	-0.410798230263294	-1.81601907210024	0.000264129870093408	0.00190676610981717	0.00144708745870724	3227	tags=35%, list=23%, signal=28%	54930/1781/80254/79867/9657/4867/27077/4751/983/80321/85302/55722/4957/121441/7283/7846/1453/55125/22981/22994/54903/54820/11190/54801/10121/10540/9793/57787/146057/5566/1778/5347/11064/10383
R-HSA-9710421	Defective pyroptosis	34	0.577379285691632	1.95298317768339	0.000273073311242336	0.00196198644475536	0.00148899540627525	2871	tags=50%, list=20%, signal=40%	1789/8334/3020/8970/8353/8355/1788/8365/3017/85236/5558/5557/121504/2146/8294/5928/8339
R-HSA-5621481	C-type lectin receptors (CLRs)	103	0.42783381265094	1.80388146647985	0.000284162776442168	0.00203203192965248	0.00154215449181375	1714	tags=30%, list=12%, signal=27%	6233/5530/5692/5691/5695/5686/5687/5693/5689/5702/8454/5694/10213/801/5717/5688/5719/5700/5701/7979/5713/9861/7314/5534/5707/11047/3709/805/5706/7311/5684
R-HSA-6782315	tRNA modification in the nucleus and cytosol	45	0.540713187821468	1.92957649570994	0.000286699888249587	0.00204054943937265	0.0015486186204932	4100	tags=64%, list=29%, signal=46%	80324/54517/81890/115708/55039/10785/8270/55644/79691/81605/55621/2058/1787/84267/51504/91801/63892/54482/54888/9836/51002/55253/112858/51605/127253/84520/152992/54901/93587
R-HSA-380259	Loss of Nlp from mitotic centrosomes	68	-0.44584750633624	-1.84466017189839	0.000362573479572526	0.00255656462805558	0.00194023409142115	2361	tags=34%, list=17%, signal=28%	4751/983/80321/55722/4957/121441/7283/7846/1453/55125/22981/22994/54820/11190/54801/10121/10540/9793/5566/1778/5347/11064/10383
R-HSA-380284	Loss of proteins required for interphase microtubule organization from the centrosome	68	-0.44584750633624	-1.84466017189839	0.000362573479572526	0.00255656462805558	0.00194023409142115	2361	tags=34%, list=17%, signal=28%	4751/983/80321/55722/4957/121441/7283/7846/1453/55125/22981/22994/54820/11190/54801/10121/10540/9793/5566/1778/5347/11064/10383
R-HSA-427413	NoRC negatively regulates rRNA expression	66	0.478873569390041	1.85241124324151	0.000366850655060141	0.00257474811607025	0.00195403394727453	2275	tags=32%, list=16%, signal=27%	1789/8334/3020/8970/84172/8353/8355/10849/3066/5435/8365/23309/3017/5441/64426/85236/9015/51742/7343/121504/1022
R-HSA-73772	RNA Polymerase I Promoter Escape	51	0.506424301412164	1.86142194751892	0.000378916659884958	0.00264717814002579	0.00200900271285112	3725	tags=49%, list=26%, signal=36%	8334/3020/8970/84172/8353/8355/10849/5435/8365/3017/5441/85236/9015/7343/121504/1022/11335/8294/54700/8339/25885/2966/9533/79101/2965
R-HSA-9937383	Mitochondrial ribosome-associated quality control	89	0.435838490968241	1.78010566225071	0.000385213047135411	0.00267882100668479	0.00203301719226946	3864	tags=45%, list=27%, signal=33%	51021/54460/29088/10884/65008/28998/64983/64965/78988/51023/57129/219927/11222/118487/51258/54534/116541/6183/28957/51650/92259/64951/54998/51642/64979/740/10240/65993/55052/60488/28973/65080/23107/51263/90480/64968/51373/63931/9801/122704
R-HSA-174143	APC/C-mediated degradation of cell cycle proteins	75	0.46198885599215	1.82583178324603	0.000389775638218234	0.00268590848881292	0.00203839604101689	2094	tags=40%, list=15%, signal=34%	6233/5692/5691/5695/5686/5687/5693/5689/8881/5702/8454/5694/10213/5717/5688/5719/5700/5701/7979/5713/9861/7314/5707/11047/5706/7311/5684/5683/7316/6502
R-HSA-453276	Regulation of mitotic cell cycle	75	0.46198885599215	1.82583178324603	0.000389775638218234	0.00268590848881292	0.00203839604101689	2094	tags=40%, list=15%, signal=34%	6233/5692/5691/5695/5686/5687/5693/5689/8881/5702/8454/5694/10213/5717/5688/5719/5700/5701/7979/5713/9861/7314/5707/11047/5706/7311/5684/5683/7316/6502
R-HSA-9931295	PD-L1(CD274) glycosylation and translocation to plasma membrane	19	0.680062893710399	1.98258924828772	0.000425013657171542	0.00291547829987357	0.00221262170654201	2055	tags=47%, list=15%, signal=41%	6233/201595/58505/746/3703/7314/7311/1650/7316
R-HSA-5358351	Signaling by Hedgehog	122	0.396321185879265	1.7156919475293	0.00043735556600705	0.00298662629759769	0.00226661751373023	2080	tags=33%, list=15%, signal=28%	6233/5577/347733/2735/5692/5727/5691/5575/5695/5686/5687/5693/5689/5702/8454/5694/10213/9978/5717/5688/5719/5700/5701/7979/5713/9861/7314/5707/11047/80199/5706/7311/10381/5684/7277/7280/7415/5683/7316/1452
R-HSA-5250924	B-WICH complex positively regulates rRNA expression	52	0.50118061586878	1.85092281887678	0.000511681739358029	0.0034629889145838	0.00262813976089439	1749	tags=31%, list=12%, signal=27%	8334/3020/8970/84172/10514/8353/8355/10849/5435/8365/9188/3017/5441/85236/60/9015
R-HSA-917937	Iron uptake and transport	49	0.510064278733313	1.85063591362027	0.000510856416817034	0.0034629889145838	0.00262813976089439	2312	tags=37%, list=16%, signal=31%	6233/2512/3162/523/10539/533/9550/8454/9429/7037/7314/7311/28982/8992/4738/7316/4891/528
R-HSA-449147	Signaling by Interleukins	313	0.312336722617252	1.50726693307928	0.000534864774522103	0.00360379999189115	0.00273500443767326	1956	tags=25%, list=14%, signal=22%	6233/5478/4170/3313/5292/3312/3162/5692/2308/5519/5691/5695/821/6175/4609/5686/3146/5687/8835/5693/6624/5689/5898/2353/5702/8353/8454/5694/8355/3181/7184/10213/6464/3936/4507/3654/9978/5717/5688/6382/6810/5719/3688/5700/3185/5701/7979/595/5713/9861/1265/7314/6647/5707/11047/5782/7534/301/829/3635/598/5518/5721/3667/4793/5706/7311/3911/2889/9244/5684/5724/79923/8651/7422/5451/6950/11213
R-HSA-5578749	Transcriptional regulation by small RNAs	38	0.552657987372844	1.91495021334798	0.000543035703290233	0.00364266427516811	0.00276449941171972	2190	tags=39%, list=16%, signal=33%	8334/5436/3020/8970/5901/8353/8355/5435/8365/27327/3017/5441/85236/5432/121504
R-HSA-9708530	Regulation of BACH1 activity	11	0.773033434780241	1.97295027993455	0.000572307144545655	0.00382210410189961	0.00290068031063483	2094	tags=64%, list=15%, signal=54%	6233/8454/9978/7314/7311/7316/6502
R-HSA-6807047	Cholesterol biosynthesis via desmosterol (Bloch pathway)	10	0.801349311336022	1.98823301324684	0.000706153356970639	0.00469530039108548	0.00356336850955175	2330	tags=70%, list=16%, signal=58%	6307/1718/1595/1717/3930/10682/51478
R-HSA-5419276	Mitochondrial translation termination	101	0.412415967399164	1.73088896062741	0.000738777613451834	0.00489077232311345	0.00371171653184488	3864	tags=46%, list=27%, signal=33%	51021/54460/29088/10884/65008/28998/64983/64965/4541/78988/51023/57129/219927/4509/11222/118487/51258/54534/4514/116541/6183/28957/51650/92259/4540/64951/54998/51642/64979/740/10240/65993/55052/60488/92399/28973/65080/23107/51263/90480/64968/51373/54516/63931/9801/122704
R-HSA-5250941	Negative epigenetic regulation of rRNA expression	69	0.453824377276213	1.75861501379864	0.000795515256459255	0.00524348316866187	0.00397939668334081	2275	tags=30%, list=16%, signal=26%	1789/8334/3020/8970/84172/8353/8355/10849/3066/5435/8365/23309/3017/5441/64426/85236/9015/51742/7343/121504/1022
R-HSA-9816359	Maternal to zygotic transition (MZT)	65	0.452416603782834	1.73342108611043	0.000883953713219218	0.00580118540796682	0.00440264938960404	3195	tags=43%, list=23%, signal=33%	8334/3020/8970/7004/8106/55211/8353/8355/10413/29883/1973/8365/26986/1977/3017/85236/121504/7290/8294/7157/9125/85456/200424/678/8339/23405/10605/7374
R-HSA-499943	Interconversion of nucleotide di- and triphosphates	28	0.587095520108836	1.88116984372602	0.000931921302394968	0.00608962368289126	0.00462155164935436	1728	tags=46%, list=12%, signal=41%	205/1854/7295/79077/2936/7296/50484/1503/204/4832/26289/102157402/6241
R-HSA-3299685	Detoxification of Reactive Oxygen Species	26	0.600148018482725	1.86689426010094	0.00101194826059417	0.00655604086778103	0.00497552608560246	1250	tags=38%, list=9%, signal=35%	2950/9588/5052/10587/7295/10935/2936/7296/25824/6647
R-HSA-9012999	RHO GTPase cycle	412	-0.258799154256785	-1.37390351365571	0.00101113275969341	0.00655604086778103	0.00497552608560246	3129	tags=30%, list=22%, signal=24%	5290/57498/4983/50619/9217/8301/10250/11060/3954/5338/11214/4548/23074/224/23263/9644/7454/1894/23221/128239/29984/5586/10928/752/9928/9748/1793/23365/1213/94240/10810/3728/54443/6714/55717/25791/152273/6655/6654/115703/9411/55075/667/8027/182/71/79834/399/23616/9828/55114/9497/1445/7431/9146/29766/1362/9754/9138/5099/2245/398/50650/123720/9590/9824/27145/10152/8086/5337/200894/57580/23129/253980/8874/9855/9815/7456/5295/26050/50649/4649/158747/10163/7126/9578/124540/1795/9639/57584/10298/85440/23380/2885/10817/10505/10160/58480/29/55852/9341/29127/644150/11188/10672/23013/9901/29941/10602/4646/4296/11075/26286/2873/388/27/10409/23580/11113/4952/396/2631/115557
R-HSA-9018519	Estrogen-dependent gene expression	102	0.394164539271712	1.65361990201742	0.00117087552817476	0.00755339276899123	0.00573243875608069	2190	tags=29%, list=16%, signal=25%	2494/8334/5436/6387/3020/8970/4609/2353/7391/8353/8355/57678/5435/595/8365/27327/10728/10274/51523/3017/5441/85236/3276/2963/5451/4343/2288/23112/5432/121504
R-HSA-380320	Recruitment of NuMA to mitotic centrosomes	85	-0.387825484064336	-1.68387923413742	0.00123239536454269	0.00791657361290981	0.00600806482357341	2361	tags=31%, list=17%, signal=26%	4751/983/80321/55722/27175/4957/121441/7283/7846/1453/55125/22981/22994/54820/4926/11190/54801/10121/10540/9793/5566/1778/5347/114791/11064/10383
R-HSA-68877	Mitotic Prometaphase	193	-0.310283304396057	-1.51273962750312	0.00133959073282531	0.00856885886482352	0.00650309869410645	3292	tags=33%, list=23%, signal=26%	2491/10376/54930/1781/10844/80254/10426/220134/81930/54908/81565/701/79902/9918/6396/1063/332/4751/983/64151/83540/80321/55722/6232/27175/151246/4957/121441/1058/64946/7283/7846/55143/1453/3619/23397/55125/5527/9212/22981/22994/5528/54820/4926/11190/54801/9735/10121/9133/10540/9793/1060/5566/1778/5347/10783/11004/57082/699/348235/8243/114791/11064/10383
R-HSA-381042	PERK regulates gene expression	30	0.55668463716445	1.79952701362	0.0014740400196164	0.00938926331822884	0.00712572198779622	3160	tags=60%, list=22%, signal=47%	468/3309/51010/8894/23404/56915/9709/467/167227/4801/23016/1054/51013/118460/1051/11340/1649/9451
R-HSA-5625886	Activated PKN1 stimulates transcription of AR (androgen receptor) regulated genes KLK2 and KLK3	26	0.590185917343387	1.83590492269949	0.00149628968028986	0.00949110943648293	0.0072030152854297	2871	tags=50%, list=20%, signal=40%	8334/3020/8970/8353/8355/367/8365/3017/85236/23081/121504/8294/8339
R-HSA-5368287	Mitochondrial translation	112	0.383597971611625	1.6416189123923	0.00152324006601836	0.00962179975034931	0.00730219908841258	3864	tags=42%, list=27%, signal=31%	51021/54460/29088/10884/65008/28998/64983/64965/4541/78988/51023/57129/219927/85476/4509/11222/118487/51258/54534/4514/116541/6183/28957/51650/92259/4540/64951/54998/51642/64979/740/10240/65993/55052/60488/92399/28973/65080/23107/51263/90480/64968/51373/54516/63931/9801/122704
R-HSA-5663202	Diseases of signal transduction by growth factor receptors and second messengers	389	0.283187685268659	1.39352639916877	0.00161333524190702	0.0101486150486765	0.0077020110041685	2356	tags=25%, list=17%, signal=22%	6233/5436/4170/5037/5292/5692/1488/5154/4303/2308/5519/5691/5695/4609/3516/4869/5686/5687/5693/5689/7529/5702/7171/8454/5694/10213/6464/53335/4193/2064/3791/4089/84441/9978/801/4233/5717/8826/5688/9965/5906/5719/3066/5700/7170/9715/5435/5500/5701/4686/7979/5713/9861/7314/5707/11047/5782/10718/3815/7414/2280/6801/805/598/5518/5441/3667/5706/7311/56829/9321/60/2120/5684/4040/471/54845/23493/2963/5525/5664/892/5529/4343/7415/5683/7316/1452/102/5432/79412/627/4087/4000/4916/4254/57448/5495/5708
R-HSA-9836573	Mitochondrial RNA degradation	10	0.779984574189883	1.93522482429304	0.00163084816146929	0.0102163876561465	0.00775344515217893	2665	tags=80%, list=19%, signal=65%	81892/2926/25996/10128/22868/9238/10922/87178
R-HSA-9937008	Mitochondrial mRNA modification	11	0.744356562079099	1.89976063317697	0.00164444747092634	0.0102591866910466	0.00778592629726009	1850	tags=64%, list=13%, signal=55%	81892/51335/10128/81554/84881/55006/22868
R-HSA-5368286	Mitochondrial translation initiation	87	0.421546895471461	1.70678186971479	0.00166807269262193	0.0103639270574379	0.00786541610455468	3864	tags=46%, list=27%, signal=34%	51021/54460/29088/10884/65008/28998/64983/64965/78988/51023/57129/219927/11222/118487/51258/54534/116541/6183/28957/51650/92259/64951/54998/51642/64979/740/10240/65993/55052/60488/28973/65080/23107/51263/90480/64968/51373/63931/9801/122704
R-HSA-6799198	Complex I biogenesis	66	0.442190713549057	1.71051213053709	0.00171303752379141	0.0105998566778277	0.00804446837166064	3467	tags=42%, list=25%, signal=32%	3313/4708/4712/29078/4541/51300/84233/4695/4707/4722/90871/4704/55863/4698/4715/4700/4726/55967/100996939/4718/4540/137682/4714/4724/25880/4694/126328/4702
R-HSA-196757	Metabolism of folate and pterines	16	0.679314829901272	1.90776065484288	0.00207214619360177	0.0127698115020337	0.00969129563374727	2091	tags=50%, list=15%, signal=43%	4522/10797/441024/10588/160428/6573/25902/6472
R-HSA-68616	Assembly of the ORC complex at the origin of replication	30	0.548038416112414	1.7715774218581	0.00220914457269572	0.0135589602113632	0.0102901982440078	2871	tags=43%, list=20%, signal=35%	8334/3020/8970/8353/8355/8365/23633/3017/85236/121504/8294/5000/8339
R-HSA-198933	Immunoregulatory interactions between a Lymphoid and a non-Lymphoid cell	42	-0.4760225367896	-1.79723544199089	0.00233432653724401	0.0142695122196045	0.0108294520594555	4014	tags=45%, list=28%, signal=32%	8174/567/126014/29121/958/3676/7087/8519/3135/3134/3133/79465/4277/374383/1281/3383/196500/4267/1280
R-HSA-73856	RNA Polymerase II Transcription Termination	64	0.439947872346026	1.68427582422634	0.00243696588207483	0.0148371095470901	0.0112602143695108	1918	tags=33%, list=14%, signal=28%	6636/8683/8106/6635/6426/6637/4116/6628/4686/51362/79228/55110/10212/7919/10914/11338/6428/57187/6432/26097/11051
R-HSA-73728	RNA Polymerase I Promoter Opening	24	0.585113225537883	1.79438897243473	0.00246262423526417	0.0149333533626419	0.0113332559542894	2871	tags=50%, list=20%, signal=40%	8334/3020/8970/8353/8355/8365/3017/85236/7343/121504/8294/8339
R-HSA-3000480	Scavenging by Class A Receptors	14	0.676410806702114	1.8199832332416	0.00248117507696107	0.0149859020584581	0.0113731363351581	1619	tags=43%, list=11%, signal=38%	2512/117156/7184/348/1282/811
R-HSA-8964043	Plasma lipoprotein clearance	30	0.541454174447565	1.75029334116126	0.00262014062763911	0.0157624332996067	0.0119624632665395	2189	tags=47%, list=15%, signal=40%	6233/255738/3988/7376/348/7314/29116/1173/51599/1211/7311/4864/7316/7436
R-HSA-9013148	CDC42 GTPase cycle	145	-0.318012836691721	-1.50926216548792	0.00270224792158807	0.0161921258858795	0.0122885665832984	2657	tags=28%, list=19%, signal=23%	9644/7454/1894/128239/10928/752/23365/3728/25791/115703/9411/55114/9754/2245/398/5337/57580/8874/9815/7456/5295/50649/9578/9639/57584/10298/85440/23380/10160/29/9341/29127/644150/10672/9901/10602/4296/26286/23580/396/115557
R-HSA-2467813	Separation of Sister Chromatids	168	0.343650966917384	1.56009997997146	0.00273870358107373	0.0163459631059361	0.0124053170912291	2108	tags=29%, list=15%, signal=25%	6233/347733/55055/55920/5692/5519/5691/5695/5686/5687/5693/5689/8881/5702/5694/10213/8655/5717/5688/5719/23047/5700/5701/7979/10726/9183/81929/5713/9861/7314/55839/5707/10274/11047/5518/5706/7311/10381/5684/7514/11130/5525/7277/79023/5529/7280/5683/7316/22919
R-HSA-1655829	Regulation of cholesterol biosynthesis by SREBP (SREBF)	55	0.459041880935642	1.7240248123228	0.00278285331315028	0.0165443357754346	0.0125558665480836	1138	tags=27%, list=8%, signal=25%	3157/1595/3156/79071/4597/5901/2222/6713/2224/6720/57678/1717/6319/9871/3422
R-HSA-5654738	Signaling by FGFR2	60	0.452076829368985	1.71362110278712	0.00283363990256979	0.0167804612980305	0.0127350674897565	3394	tags=48%, list=24%, signal=37%	6233/5436/7073/4670/6464/5435/3187/3185/4686/7314/5725/5518/5441/7311/54845/2963/3178/7316/143282/5432/80004/2249/7072/2247/3845/5781/867/5516/5431
R-HSA-157579	Telomere Maintenance	82	0.408797468702506	1.63595478149726	0.00326783844531254	0.019276432229937	0.0146293156695744	2268	tags=30%, list=16%, signal=26%	7013/8334/5436/3020/8970/80119/5435/1736/54921/8365/6119/55651/54433/8607/3017/5441/79075/85236/5558/5111/5557/5432/121504/55505/55291
R-HSA-190236	Signaling by FGFR	73	0.415974701013489	1.63667476267501	0.00348384256620005	0.0204709508928654	0.0155358626065143	3394	tags=44%, list=24%, signal=33%	6233/5436/7073/4670/6464/9965/5435/3187/3185/4686/7314/5725/5518/5441/7311/54845/2963/3178/7316/143282/5432/80004/2264/23768/2249/7072/2247/3845/5781/867/5516/5431
R-HSA-2559580	Oxidative Stress Induced Senescence	81	0.399872544539467	1.5990059642706	0.00351680935222294	0.0205848763628184	0.0156223231943901	2729	tags=40%, list=19%, signal=32%	6233/8334/3020/23043/8970/7295/2353/8353/8355/7029/4193/7314/8365/27327/4217/1871/3017/7311/85236/1911/23466/1019/4343/23112/7316/4194/121504/2146/8294/7157/9448/5928
R-HSA-5625740	RHO GTPases activate PKNs	53	0.450504687282786	1.67657664617924	0.00369721931068238	0.0215576325961327	0.0163605696622504	1909	tags=30%, list=14%, signal=26%	4637/8334/3020/8970/7529/8353/8355/367/10971/5500/10398/8365/7534/3017/85236/23081
R-HSA-983168	Antigen processing: Ubiquitination & Proteasome degradation	268	0.301387318197295	1.43859887092774	0.0040582853418934	0.0235722627521471	0.0178895175587396	2094	tags=23%, list=15%, signal=20%	6233/255488/5692/7174/5691/5695/26232/11146/5686/5687/5693/6921/5689/8881/5702/8454/5694/92369/9817/10213/9616/51444/9978/5717/5688/84078/9903/5719/7064/131405/5700/26091/7323/5701/7979/5713/9861/7314/23304/29116/7326/5707/11047/55182/114088/6923/150726/91694/64718/5706/7311/10425/221687/5684/10477/8651/93611/84085/5683/7316/6502
R-HSA-5617472	Activation of anterior HOX genes in hindbrain development during early embryogenesis	68	0.418534228517493	1.61903040825311	0.00409765590405429	0.0236199481009365	0.0179257070367474	3065	tags=38%, list=22%, signal=30%	8334/5436/3020/8970/5087/8353/8355/5435/8365/3017/5441/5916/85236/5929/5432/121504/2146/84661/84962/8294/10664/9125/5928/8339/5316/3725
R-HSA-5619507	Activation of HOX genes during differentiation	68	0.418534228517493	1.61903040825311	0.00409765590405429	0.0236199481009365	0.0179257070367474	3065	tags=38%, list=22%, signal=30%	8334/5436/3020/8970/5087/8353/8355/5435/8365/3017/5441/5916/85236/5929/5432/121504/2146/84661/84962/8294/10664/9125/5928/8339/5316/3725
R-HSA-5250913	Positive epigenetic regulation of rRNA expression	67	0.414137456305793	1.59593193005256	0.00411852681697817	0.0236503282368898	0.0179487632015835	3154	tags=39%, list=22%, signal=30%	8334/3020/8970/84172/10514/8353/8355/10849/3066/5435/8365/9188/3017/5441/85236/60/9015/57504/121504/11335/10919/8294/5928/8339/25885/9031
R-HSA-2173791	TGF-beta receptor signaling in EMT (epithelial to mesenchymal transition)	16	0.655265430970584	1.84022128276814	0.00437126979933158	0.0249780590099221	0.0189564077890882	2055	tags=50%, list=15%, signal=43%	6233/50848/57530/56288/7314/2280/7311/7316
R-HSA-9730414	MITF-M-regulated melanocyte development	127	0.362975806352916	1.57859251545045	0.0043826937312924	0.0249780590099221	0.0189564077890882	3176	tags=39%, list=22%, signal=30%	79083/3397/201595/51520/3376/4174/6595/523/3094/533/7529/7341/7391/9550/4233/27022/6599/595/5917/27327/8600/8193/7534/3815/2058/4141/60/8992/7514/4343/23112/10085/9521/528/4254/83439/86/4171/5829/3662/4286/10891/23411/23405/1910/3735/1499/57492/5054
R-HSA-420029	Tight junction interactions	22	0.59646917814797	1.80782501598497	0.00453698998606523	0.0257605873366101	0.0195502860428515	861	tags=23%, list=6%, signal=21%	50848/9074/1364/56288/1366
R-HSA-6804760	Regulation of TP53 Activity through Methylation	19	0.611808886776578	1.78360815175818	0.00474898654909779	0.0268636701807174	0.0203874402912957	2919	tags=63%, list=21%, signal=50%	6233/4193/7314/7311/7316/4194/56950/10919/133383/7157/91875/10419
R-HSA-6807070	PTEN Regulation	121	0.354617772362885	1.53456353492097	0.00484215762969753	0.0272888883517526	0.0207101478742297	2055	tags=31%, list=15%, signal=26%	6233/5692/5691/5695/5686/5687/5693/5689/57167/5702/5694/7874/10213/153129/5717/5688/5719/3066/5700/5701/7979/5713/9861/7314/27327/5707/11047/5706/7311/1911/5684/23466/57504/4343/23112/5683/7316
R-HSA-427359	SIRT1 negatively regulates rRNA expression	29	0.535272898277058	1.72498278576842	0.00498551148640419	0.027808423847366	0.0211044349848431	3031	tags=45%, list=21%, signal=35%	8334/3020/8970/8353/8355/8365/3017/85236/9015/121504/8294/8339/23411
R-HSA-69231	Cyclin D associated events in G1	43	0.470043778785947	1.65105192010404	0.0049893741995274	0.027808423847366	0.0211044349848431	2408	tags=37%, list=17%, signal=31%	6233/894/5519/8454/7029/595/7314/1871/5518/7311/1019/1163/7316/6502/1022/1875
R-HSA-69236	G1 Phase	43	0.470043778785947	1.65105192010404	0.0049893741995274	0.027808423847366	0.0211044349848431	2408	tags=37%, list=17%, signal=31%	6233/894/5519/8454/7029/595/7314/1871/5518/7311/1019/1163/7316/6502/1022/1875
R-HSA-977225	Amyloid fiber formation	55	0.442727253216758	1.66275192163615	0.00534039403883097	0.0296558145159991	0.0225064610928947	2871	tags=40%, list=20%, signal=32%	6233/8334/3020/8970/8353/8355/3015/348/7314/8365/3017/7311/85236/7316/102/121504/10098/8294/6406/6477/9246/8339
R-HSA-2892247	POU5F1 (OCT4), SOX2, NANOG activate genes related to proliferation	13	0.665657006336545	1.76769678416828	0.00538504307364455	0.0297639388947749	0.0225885191028947	2985	tags=69%, list=21%, signal=55%	5460/6997/2041/55211/57167/27022/79923/2649/2247
R-HSA-2565942	Regulation of PLK1 Activity at G2/M Transition	86	-0.364430397141986	-1.59317213997829	0.00539913139581999	0.0297639388947749	0.0225885191028947	2361	tags=31%, list=17%, signal=26%	4751/983/80321/55722/4957/121441/79866/7283/7846/1453/55125/22981/22994/54820/11190/54801/10121/9133/10540/9793/5566/1778/5347/6790/11064/10133/10383
R-HSA-68882	Mitotic Anaphase	211	0.305977437249609	1.41162330057025	0.00547109503805275	0.0300513770930724	0.0228066623821192	2849	tags=32%, list=20%, signal=26%	6233/347733/55055/55920/5692/5519/5691/5695/5686/5901/5687/5693/5689/8881/7341/5702/5694/10213/8655/5717/5688/5719/23047/55706/5700/5701/7979/10726/9183/81929/5713/9861/7314/55839/5707/10274/11047/5518/129401/5706/7311/10381/3930/5684/7514/11130/5525/7277/79023/5529/7280/5683/7316/22919/53371/4000/5708/7112/23279/23592/25906/3842/25978/6683/5905/1104/29945
R-HSA-445355	Smooth Muscle Contraction	40	0.481423205663244	1.66780027743564	0.00568994710319081	0.0311406491279324	0.0236333352984517	1420	tags=35%, list=10%, signal=32%	4637/72/7169/7168/7171/10580/801/7170/10398/800/301/7414/2977/805
R-HSA-1257604	PIP3 activates AKT signaling	219	0.31125788732935	1.44216003703962	0.00574780102693823	0.0313441235857495	0.0237877566165978	2356	tags=27%, list=17%, signal=23%	6233/5692/5154/4303/2308/5519/5691/5695/5686/5687/5693/5689/57167/5702/5694/7874/10213/4193/2064/3654/153129/4233/5717/5688/9965/5719/3066/5700/5701/7979/5713/9861/7314/27327/5707/11047/10718/3815/6801/23239/5518/3667/5706/7311/1911/5684/23466/57504/5525/5529/4343/23112/5683/7316/627/5978/4916/4254/5708
R-HSA-163210	Formation of ATP by chemiosmotic coupling	20	0.60580671610362	1.77503684351909	0.00583478525074799	0.0315946406235304	0.0239778796011101	3481	tags=60%, list=25%, signal=45%	515/518/506/84833/4509/498/509/521/539/9556/10476/522
R-HSA-6781823	Formation of TC-NER Pre-Incision Complex	50	0.454444767812162	1.65901301735063	0.00585626254301586	0.0315946406235304	0.0239778796011101	2275	tags=32%, list=16%, signal=27%	6233/5436/7874/8451/9978/5435/7314/27339/10987/10980/5441/7311/8533/7316/5432/1022
R-HSA-381119	Unfolded Protein Response (UPR)	86	0.394310014782793	1.59078723257023	0.00583602873566735	0.0315946406235304	0.0239778796011101	3160	tags=44%, list=22%, signal=35%	468/3309/27230/51726/7184/6464/7494/2135/51010/10525/8894/23404/56915/30827/10130/9709/811/467/167227/4801/3068/23016/148327/5611/58477/4000/9797/37/116138/1054/51013/10897/118460/22872/1051/11340/1649/9451
R-HSA-9772573	Late SARS-CoV-2 Infection Events	71	0.398393288411679	1.55513041747272	0.00604590285718776	0.0323872393339104	0.0245794004943509	3763	tags=35%, list=27%, signal=26%	6233/201595/821/4124/58505/746/7341/3703/55129/7314/7311/1650/3276/7316/1452/6482/79668/7113/4249/253832/2589/338440/79844/4247/6480
R-HSA-69620	Cell Cycle Checkpoints	266	0.300658054082659	1.43365422123844	0.00603099942035644	0.0323872393339104	0.0245794004943509	2125	tags=24%, list=15%, signal=21%	6233/55055/55920/5692/8970/5519/5691/5695/4174/5686/5687/5693/5689/7529/8881/5702/8454/5694/10213/8655/4193/9978/5717/5688/5719/10971/5700/5701/7979/10726/4175/9183/81929/5713/9861/7314/8365/7465/55839/6119/5707/11047/7534/3017/5518/5706/7311/85236/5684/7514/4176/64326/11130/5525/79023/7158/5529/5683/7316/1111/1452/22919/4194/990/9088
R-HSA-110312	Translesion synthesis by REV1	16	0.64236362055833	1.80398835335555	0.00657407652686774	0.0350926056856743	0.0266325635428704	2055	tags=44%, list=15%, signal=37%	6233/10459/7314/6119/7311/5111/7316
R-HSA-5656121	Translesion synthesis by POLI	17	0.610913181145528	1.74929134946819	0.00688472870259634	0.0366219253092493	0.0277931984189762	2055	tags=41%, list=15%, signal=35%	6233/10459/7314/6119/7311/5111/7316
R-HSA-9706019	RHOBTB3 ATPase cycle	10	-0.701187239350221	-1.80296271513243	0.0072610340246587	0.0384885579768622	0.0292098277105335	3609	tags=70%, list=26%, signal=52%	51209/9367/10489/9146/10226/3363/22836
R-HSA-2426168	Activation of gene expression by SREBF (SREBP)	42	0.47775998686489	1.66790340977654	0.00729640283361119	0.038541277685556	0.0292498378769009	1138	tags=31%, list=8%, signal=29%	3157/1595/3156/79071/4597/2222/6713/2224/6720/57678/1717/6319/3422
R-HSA-9927418	Developmental Lineage of Mammary Gland Luminal Epithelial Cells	15	0.644160883112785	1.79433165259138	0.00740291966329894	0.0389681465609764	0.0295737982163222	1356	tags=47%, list=10%, signal=42%	3875/100133941/2064/960/3688/4072/3815
R-HSA-5696394	DNA Damage Recognition in GG-NER	37	0.498386685050502	1.70668991999721	0.00745710217137935	0.0391175324976162	0.0296871705456843	2656	tags=43%, list=19%, signal=35%	6233/8451/9978/54891/142/7314/10987/8607/10980/7311/60/54617/8533/7316/86/10920
R-HSA-6804758	Regulation of TP53 Activity through Acetylation	30	-0.495222799716387	-1.74188191116526	0.00786197738575824	0.0408176634137311	0.0309774379330705	3526	tags=57%, list=25%, signal=43%	9219/7862/5305/8396/2033/5371/3622/23774/5931/5608/7994/10000/57459/79837/29117/1107/207
R-HSA-73864	RNA Polymerase I Transcription	71	0.39178682336521	1.52934204441379	0.00782537276535893	0.0408176634137311	0.0309774379330705	3767	tags=42%, list=27%, signal=31%	8334/3020/8970/84172/8353/8355/10849/3066/5435/8365/3017/5441/85236/9015/57504/7343/121504/1022/11335/10919/8294/5928/54700/8339/25885/2966/9533/79101/2965/53615
R-HSA-9007101	Rab regulation of trafficking	117	-0.331583553697506	-1.51828812515338	0.00783628745868908	0.0408176634137311	0.0309774379330705	4617	tags=50%, list=33%, signal=34%	81631/84079/201475/9909/9610/221960/51256/51560/9230/9363/81876/7248/51622/22898/51209/5864/117177/259173/23258/7109/9367/116442/160518/6305/57533/23637/26130/9827/79090/6764/163486/163259/5873/26088/201627/83874/5869/128637/3257/4943/125058/1121/5867/51112/57706/26000/83696/10000/79890/2664/5866/58485/89781/23163/60684/81846/10133/207
R-HSA-380994	ATF4 activates genes in response to endoplasmic reticulum  stress	25	0.536944018112981	1.66037710931938	0.00792028110486979	0.0408406331802129	0.0309948702027307	3134	tags=60%, list=22%, signal=47%	468/51010/23404/56915/9709/467/167227/4801/23016/1054/51013/118460/1051/11340/1649
R-HSA-416482	G alpha (12/13) signalling events	66	-0.380220752261755	-1.56059504625727	0.00790997622133397	0.0408406331802129	0.0309948702027307	3607	tags=45%, list=26%, signal=34%	22899/89846/2791/55701/389/26230/11214/23263/1894/2783/2787/23365/25791/6655/6654/9828/9138/2245/50650/2782/57580/8874/146/50649/9639/2788/29/59345/10672/388
R-HSA-9865881	Complex III assembly	26	0.531747190964145	1.65411823094162	0.00807566785815117	0.0415007202473125	0.0314958250453496	3722	tags=46%, list=26%, signal=34%	3313/27089/7388/57128/440567/7384/10975/7386/2395/617/440957/790955
R-HSA-210991	Basigin interactions	21	0.570544613875283	1.70106409819484	0.00827845506043234	0.0423991144311332	0.0321776364902295	938	tags=29%, list=7%, signal=27%	23657/5478/6520/8140/23428/3688
R-HSA-6811442	Intra-Golgi and retrograde Golgi-to-ER traffic	186	-0.286479926746422	-1.39779840877478	0.00844184693603689	0.0430903702189627	0.0327022459723137	2423	tags=25%, list=17%, signal=21%	10112/9950/11127/24137/64837/375/3832/400/22920/22796/3797/51272/55275/23095/55614/8774/10226/9265/7846/11015/8398/26958/3799/9342/8675/9267/8729/9493/9266/372/7110/51542/10121/9382/9341/10540/29127/4122/1778/23303/11004/26286/3833/56894/22836/10383
R-HSA-9843970	Regulation of endogenous retroelements by the Human Silencing Hub (HUSH) complex	32	0.496590535324431	1.64686614120862	0.00872935941891448	0.0444084190572965	0.0337025427229725	3132	tags=44%, list=22%, signal=34%	8334/3020/8970/8353/8355/8365/3017/85236/23517/121504/10919/8294/8339/51535
R-HSA-390450	Folding of actin by CCT/TriC	10	0.723413478716252	1.79486590961614	0.0088035443610288	0.0446360309408684	0.033875282473524	2245	tags=70%, list=16%, signal=59%	10576/10574/60/22948/6950/908/7203
R-HSA-191859	snRNP Assembly	52	0.434928760628871	1.60624641525351	0.00886763040606336	0.0446622182577809	0.0338951566141887	3650	tags=46%, list=26%, signal=34%	6636/6635/6632/6637/25929/55706/6628/4686/81929/129401/79084/79023/4927/53371/51808/23279/6634/10419/9631/96764/1207/57122/10073/23165
R-HSA-194441	Metabolism of non-coding RNA	52	0.434928760628871	1.60624641525351	0.00886763040606336	0.0446622182577809	0.0338951566141887	3650	tags=46%, list=26%, signal=34%	6636/6635/6632/6637/25929/55706/6628/4686/81929/129401/79084/79023/4927/53371/51808/23279/6634/10419/9631/96764/1207/57122/10073/23165
R-HSA-9013420	RHOU GTPase cycle	38	-0.455980836289268	-1.66423889344942	0.00932597695514441	0.0468151690860892	0.0355290791633769	2325	tags=37%, list=16%, signal=31%	1213/6714/667/8027/79834/9146/8874/9815/5295/10298/23380/2885/58480/4646
R-HSA-8868766	rRNA processing in the mitochondrion	17	0.602559881541809	1.72537247656238	0.00947494960576662	0.0474060184895782	0.0359774879941043	4382	tags=71%, list=31%, signal=49%	51335/54931/81554/84881/22868/26995/79922/3028/55178/51106/9692/60528
R-HSA-73886	Chromosome Maintenance	109	0.352807762347201	1.49978150292304	0.00968522651164442	0.0482986953672794	0.0366549604474631	2268	tags=28%, list=16%, signal=24%	7013/8334/5436/3020/8970/4869/80119/5435/54069/1736/54921/8365/11339/55839/6119/55651/54433/8607/3017/5441/79075/387103/85236/5558/5111/51773/5557/5432/121504/55505/55291
