Geneid	baseMean	log2FoldChange	lfcSE	stat	pvalue	padj	gene_name	gene_biotype
ENSG00000168646	873.710900257117	-2.28852287948251	0.10345726557846	-22.1204655534505	2.00845140788987e-108	3.07052051238203e-104	AXIN2	protein_coding
ENSG00000137962	373.219240143601	2.26716371933656	0.114833516493781	19.7430487941152	9.20524267240935e-87	7.0364874987897e-83	ARHGAP29	protein_coding
ENSG00000169218	148.455876328909	-3.56630502046037	0.183009409370723	-19.4870036066621	1.41529454965657e-84	7.21234102504987e-81	RSPO1	protein_coding
ENSG00000178573	656.797426985004	-2.27550166185766	0.129886701853908	-17.519127280767	1.02383901469751e-68	3.91311271417387e-65	MAF	protein_coding
ENSG00000175832	117.665719655333	3.58421749920251	0.226351003928965	15.8347762412723	1.79095108443421e-56	5.47601203576604e-53	ETV4	protein_coding
ENSG00000104369	89.5285211591561	2.4175917187503	0.154919539028994	15.6054667726441	6.68192381525659e-55	1.70255418812738e-51	JPH1	protein_coding
ENSG00000060982	3581.73842533444	1.42614690678413	0.092113688862006	15.4824643807352	4.55677364881869e-54	9.95199364902001e-51	BCAT1	protein_coding
ENSG00000154856	280.050637728253	-2.46592226922101	0.162239392310158	-15.1992819629577	3.57518316513879e-52	6.83217502858022e-49	APCDD1	protein_coding
ENSG00000253305	462.776469550262	-1.1105542562083	0.0777648018539157	-14.2809372586651	2.87705805843734e-46	4.88716262193222e-43	PCDHGB6	protein_coding
ENSG00000166145	185.491232705919	2.91830803195021	0.229605785687763	12.7100805548461	5.19808672885048e-37	5.67631070790473e-34	SPINT1	protein_coding
ENSG00000196517	116.565028135614	2.18924923689339	0.177735590954221	12.3174498992566	7.29652398811203e-35	7.43661724868379e-32	SLC6A9	protein_coding
ENSG00000179256	79.0044453189084	-2.49313167104336	0.20415015815561	-12.2122446221325	2.67408439052833e-34	2.55508763514982e-31	SMCO3	protein_coding
ENSG00000203727	213.301110595157	-3.19306917497864	0.264213882961527	-12.0851680433598	1.26511242675112e-33	9.21001846674817e-31	SAMD5	protein_coding
ENSG00000158747	121.619331537326	2.24199175842502	0.185989875831842	12.0543752631571	1.83921742913391e-33	1.2780889116636e-30	NBL1	protein_coding
ENSG00000058085	74.468781417716	2.17248308948079	0.186021243175632	11.678682780491	1.63814340486309e-31	9.63228322059495e-29	LAMC2	protein_coding
ENSG00000163584	174.954429899349	1.27182738138199	0.11061698908949	11.497577287636	1.35670195133778e-30	7.68194793779704e-28	RPL22L1	protein_coding
ENSG00000154188	65.1501488176061	-1.95979136847263	0.171890954493892	-11.4013641627796	4.11618115127957e-30	2.13682099437281e-27	ANGPT1	protein_coding
ENSG00000137502	171.520426033902	-1.15355728146658	0.101278282003729	-11.3899767911161	4.69114648948486e-30	2.3134918558466e-27	RAB30	protein_coding
ENSG00000127578	211.107185372213	-1.77920822308845	0.160891018003432	-11.0584683046166	1.99474779557938e-28	8.71638406141189e-26	WFIKKN1	protein_coding
ENSG00000159399	468.095203668781	1.43946811984497	0.130169254579786	11.0584340710245	1.99550917156866e-28	8.71638406141189e-26	HK2	protein_coding
ENSG00000120254	562.480339877975	1.73532664858459	0.15863900733212	10.9388395563493	7.5155693540608e-28	3.19161178569115e-25	MTHFD1L	protein_coding
ENSG00000168743	35.2525793042342	4.11263787454625	0.376871120522568	10.9125843042674	1.00361994537968e-27	4.14684911485529e-25	NPNT	protein_coding
ENSG00000159166	32.0267803408703	4.35484650494465	0.403024689538343	10.8054087453874	3.24508497551013e-27	1.24027147763997e-24	LAD1	protein_coding
ENSG00000183421	30.1916343833015	3.09863020347575	0.291937940099905	10.6140031076994	2.5651790160074e-26	8.91283109016388e-24	RIPK4	protein_coding
ENSG00000081923	46.901349506994	2.24172905695423	0.211439943097659	10.6022023280569	2.91044396734284e-26	9.88774830505275e-24	ATP8B1	protein_coding
ENSG00000196109	57.1343662372519	-6.88949166938128	0.651756326655962	-10.5706556079478	4.07634893767006e-26	1.32594090551276e-23	ZNF676	protein_coding
ENSG00000183044	172.976630231168	-2.12543076239286	0.201503254159291	-10.547873141109	5.19599594947554e-26	1.65492470990796e-23	ABAT	protein_coding
ENSG00000181885	90.3129237671493	4.3672069625983	0.418799338116974	10.4279223129491	1.84886759343615e-25	5.65309755369037e-23	CLDN7	protein_coding
ENSG00000186462	172.686053022535	-1.08007788320869	0.103990150112407	-10.3863479573901	2.86098937137921e-25	8.57623637444028e-23	NAP1L2	protein_coding
ENSG00000110077	62.694839526003	-7.2554123150569	0.70333251608881	-10.3157640932113	5.98036936739012e-25	1.72505446959736e-22	MS4A6A	protein_coding
ENSG00000135903	1237.94497108224	-2.1313597036198	0.210683015246502	-10.1164287074878	4.67150855041678e-24	1.19030037864619e-21	PAX3	protein_coding
ENSG00000165379	69.6257791464515	-1.77405854048519	0.175871168910313	-10.0872618944717	6.28995528367066e-24	1.50251306838683e-21	LRFN5	protein_coding
ENSG00000112343	83.3179745639585	2.29676169423921	0.228047465129261	10.0714195307427	7.39036251366311e-24	1.71187669861942e-21	TRIM38	protein_coding
ENSG00000160932	713.880480296553	1.56730605213122	0.156425032558789	10.0195347668678	1.25090372265128e-23	2.85430091222281e-21	LY6E	protein_coding
ENSG00000099250	639.897984784907	-1.22256119762526	0.122527239452706	-9.97787270068345	1.9050727699129e-23	4.28305183918064e-21	NRP1	protein_coding
ENSG00000049130	616.365906885708	-1.38519195068455	0.139046641133416	-9.96206696827329	2.23369645058604e-23	4.94909439660281e-21	KITLG	protein_coding
ENSG00000187325	474.02079626149	-1.03838131959499	0.105595398273101	-9.83358495328962	8.06939911580962e-23	1.64486631576663e-20	TAF9B	protein_coding
ENSG00000175040	223.218367596749	1.29510875341486	0.132882683275491	9.74625678448903	1.91395721483579e-22	3.85007603952757e-20	CHST2	protein_coding
ENSG00000157483	235.800834550911	1.2694988848653	0.132832755870731	9.55712223648164	1.21076521981658e-21	2.34306059247543e-19	MYO1E	protein_coding
ENSG00000158008	57.0009975193008	-1.70967546760111	0.179685813595404	-9.51480494420533	1.82054109105171e-21	3.47905402499982e-19	EXTL1	protein_coding
ENSG00000138449	32.4005024176296	2.81158347932359	0.296685078138781	9.47665955079954	2.62553526967429e-21	4.95545471639266e-19	SLC40A1	protein_coding
ENSG00000128965	60.2970074352839	3.60278050034218	0.380730476323475	9.46281089744231	2.99774202595712e-21	5.52162410757018e-19	CHAC1	protein_coding
ENSG00000105281	1622.92811269849	1.69522809670534	0.179835919107052	9.42652672014984	4.23893255198111e-21	7.71485724460561e-19	SLC1A5	protein_coding
ENSG00000004478	2072.89715285703	1.01422772514701	0.108291522273275	9.36571676024276	7.5535841103249e-21	1.31226356680281e-18	FKBP4	protein_coding
ENSG00000107518	121.251823464759	-1.18870539453951	0.128782902375281	-9.23030443183795	2.6986380301026e-20	4.48443241350092e-18	ATRNL1	protein_coding
ENSG00000080823	121.484434475574	-1.01807047746281	0.110419147521041	-9.22005377073579	2.96951268213476e-20	4.88149568650282e-18	MOK	protein_coding
ENSG00000060709	263.65604234795	-1.75677249619582	0.190584714307826	-9.21780376026562	3.03247518153943e-20	4.93196601865689e-18	RIMBP2	protein_coding
ENSG00000187678	280.571171381591	3.01218854620428	0.327720146269416	9.1913438355663	3.87963853899913e-20	6.24335936675987e-18	SPRY4	protein_coding
ENSG00000197971	38.2266571830123	2.80874252259781	0.306515046229412	9.1634735623895	5.0253120086512e-20	8.00280937377703e-18	MBP	protein_coding
ENSG00000154342	332.779351874148	-2.14099666188035	0.234147112068582	-9.14380981668162	6.02900600436019e-20	9.50221070048026e-18	WNT3A	protein_coding
ENSG00000111110	402.649034656261	-1.53567519419884	0.169945140919277	-9.03629951343104	1.62065212937988e-19	2.50267977312723e-17	PPM1H	protein_coding
ENSG00000196632	392.035691240693	-1.43044465928071	0.159120449424942	-8.98969720391253	2.47912488286157e-19	3.79008612091877e-17	WNK3	protein_coding
ENSG00000012171	179.834093554887	-2.04690980890366	0.235795207437628	-8.68087961221648	3.927196641598e-18	5.22078106580437e-16	SEMA3B	protein_coding
ENSG00000163171	199.180118102651	1.87064607904044	0.216830809126588	8.62721532320777	6.28637578560627e-18	8.14458584833463e-16	CDC42EP3	protein_coding
ENSG00000169884	67.2222018859128	-2.33981776935171	0.272164667447217	-8.59706658949581	8.17795395092198e-18	1.05062655463609e-15	WNT10B	protein_coding
ENSG00000198121	80.9988890490463	1.19408001415441	0.139020256892379	8.58925196116414	8.75373640262774e-18	1.11522601769477e-15	LPAR1	protein_coding
ENSG00000130193	70.7507155551511	1.69164402792168	0.19962757289423	8.47399987584869	2.37107684064093e-17	2.92330828546117e-15	THEM6	protein_coding
ENSG00000180694	330.638259601273	-1.24162585165288	0.146636258397803	-8.46738634236377	2.50960607352742e-17	3.0449887025466e-15	TMEM64	protein_coding
ENSG00000104447	168.809916494604	-1.39248857467472	0.164510454800316	-8.46443818032681	2.57390401083293e-17	3.09841295414283e-15	TRPS1	protein_coding
ENSG00000078725	23.3964900963556	-2.52147527850273	0.300011093386793	-8.40460680982848	4.29297434844477e-17	5.03414073768622e-15	BRINP1	protein_coding
ENSG00000148175	182.741980889689	2.12761274967084	0.253165392911691	8.40404261104118	4.3136606268766e-17	5.03414073768622e-15	STOM	protein_coding
ENSG00000155093	45.797307341552	-3.95906054248566	0.471806286224073	-8.39128400380279	4.80861140491846e-17	5.55647198000658e-15	PTPRN2	protein_coding
ENSG00000157193	392.773278603834	1.04344444588328	0.124370803558349	8.38978615582992	4.87027240529096e-17	5.55647198000658e-15	LRP8	protein_coding
ENSG00000158352	176.48228180485	-1.66664986835911	0.199307887211413	-8.36218722539182	6.15660379060503e-17	6.87023056574961e-15	SHROOM4	protein_coding
ENSG00000166432	138.811902584776	-1.6964401059776	0.202868029706537	-8.36228413334337	6.15154731979035e-17	6.87023056574961e-15	ZMAT1	protein_coding
ENSG00000151090	20.5979040068512	3.1447102434009	0.378193520506046	8.31508228695479	9.16886297250712e-17	1.00123983659778e-14	THRB	protein_coding
ENSG00000177283	97.0204892669806	1.42127072121086	0.171001449849845	8.31145421549858	9.45363225086876e-17	1.01779668909353e-14	FZD8	protein_coding
ENSG00000242715	30.6680123879434	1.99519803446926	0.24023917275617	8.30504872115204	9.97784961087037e-17	1.06672283112578e-14	CCDC169	protein_coding
ENSG00000180448	440.562075329641	1.4780572405414	0.178222901528821	8.29330702094071	1.10142564710241e-16	1.1533284447193e-14	ARHGAP45	protein_coding
ENSG00000170381	78.1615654649977	2.65871942025453	0.325063061658179	8.1790881027581	2.85999947235217e-16	2.91491146222133e-14	SEMA3E	protein_coding
ENSG00000163293	35.4473541032306	2.12106950873039	0.259980278180847	8.15857850284681	3.38990364347493e-16	3.40952940141083e-14	NIPAL1	protein_coding
ENSG00000160321	66.7604880671054	-1.4137369345828	0.175187714262712	-8.06984063084901	7.03899869972722e-16	6.89821872573268e-14	ZNF208	protein_coding
ENSG00000189143	264.384488024175	2.90275567115657	0.359845690099513	8.06666788298571	7.22427193601079e-16	6.99016894669196e-14	CLDN4	protein_coding
ENSG00000135362	95.927952268868	1.69263721440568	0.21128001328914	8.01134564531327	1.13460073400396e-15	1.0773773926368e-13	PRR5L	protein_coding
ENSG00000196227	644.4264061287	-1.21634495292257	0.151990824290025	-8.00275252538647	1.21668312923194e-15	1.14114427482809e-13	FAM217B	protein_coding
ENSG00000100918	615.393181498754	-1.63128238413448	0.205424848141433	-7.9410178412855	2.00528826106473e-15	1.8248123175689e-13	REC8	protein_coding
ENSG00000165795	112.559157943181	-2.14976942878337	0.27089268683175	-7.93587104150428	2.09023109928111e-15	1.89085520981122e-13	NDRG2	protein_coding
ENSG00000159714	72.6030307304471	-1.11110216117067	0.140031057265254	-7.93468379708058	2.11032286032661e-15	1.89780093462784e-13	ZDHHC1	protein_coding
ENSG00000145779	98.5988922689366	1.11161771247653	0.140326534424948	7.92165015000112	2.34378999034794e-15	2.09543048961634e-13	TNFAIP8	protein_coding
ENSG00000137193	378.769265919915	2.13214693077531	0.271944059954375	7.84038795012851	4.4915657311718e-15	3.90153732375878e-13	PIM1	protein_coding
ENSG00000196177	217.17105069547	-1.08266476230521	0.138208660902917	-7.83355221902997	4.74275734419747e-15	4.09645617390344e-13	ACADSB	protein_coding
ENSG00000178773	20.616659933405	2.85047769566154	0.365400649661958	7.80096504562484	6.14355294108995e-15	5.24707471303816e-13	CPNE7	protein_coding
ENSG00000253953	79.9797383666756	2.50576792103796	0.323411805516083	7.74791729398805	9.34119456266784e-15	7.84660343264099e-13	PCDHGB4	protein_coding
ENSG00000181788	226.002558467521	1.3026214417308	0.171271630813906	7.60558789298944	2.83611678932841e-14	2.25825799350275e-12	SIAH2	protein_coding
ENSG00000139514	1176.78245406428	1.23372804179867	0.162410218403016	7.5963695753257	3.04553948165828e-14	2.4124459894089e-12	SLC7A1	protein_coding
ENSG00000101282	52.4259430807314	1.528979080627	0.201766750197669	7.57795364761079	3.51047763882156e-14	2.7242732051931e-12	RSPO4	protein_coding
ENSG00000040731	41.1535304440424	-1.81598400280672	0.2402174231383	-7.55975140804504	4.03840421514631e-14	3.11813755763418e-12	CDH10	protein_coding
ENSG00000163814	47.939117829811	3.07031532450176	0.406362428911057	7.55560826016663	4.16906881133718e-14	3.20285045164436e-12	CDCP1	protein_coding
ENSG00000062038	173.026137618409	2.14395025808465	0.283866778295124	7.55266350983726	4.26445747648715e-14	3.24353362689231e-12	CDH3	protein_coding
ENSG00000111432	204.62653325244	-1.41925422045918	0.18932356563915	-7.4964477647979	6.55705294024743e-14	4.8662245315778e-12	FZD10	protein_coding
ENSG00000176809	32.6960966783099	-1.59612049337227	0.213241184558297	-7.48504795956013	7.15210140196734e-14	5.28218967310515e-12	LRRC37A3	protein_coding
ENSG00000214491	50.0183599390555	-1.65310547852108	0.222088354345906	-7.44345863334349	9.80828255741761e-14	7.10658880273935e-12	SEC14L6	protein_coding
ENSG00000197134	34.5484431534885	-1.69018287064819	0.228187648841424	-7.40698665869844	1.2920145399125e-13	9.23005527391699e-12	ZNF257	protein_coding
ENSG00000158270	3835.96358727253	-1.25555096823927	0.16957027322893	-7.40431058068885	1.31833554984242e-13	9.33088605832914e-12	COLEC12	protein_coding
ENSG00000143869	1343.84296708337	-2.64366854552914	0.35913078937729	-7.3612973984021	1.82131284875594e-13	1.2599199471394e-11	GDF7	protein_coding
ENSG00000136881	13.6160368595718	-3.03590251280112	0.412490638896208	-7.35993069060902	1.84005742073599e-13	1.26715305622576e-11	BAAT	protein_coding
ENSG00000185269	57.2393219403674	-3.11721942305407	0.424257627140811	-7.34746819771249	2.01996335374132e-13	1.37862498892845e-11	NOTUM	protein_coding
ENSG00000152582	73.8009680940068	-1.19969541070828	0.164459548879112	-7.29477503060726	2.99158525960972e-13	1.9713515279704e-11	SPEF2	protein_coding
ENSG00000069188	4648.61696531846	-1.16152931099321	0.159402568291393	-7.28676660259259	3.1748220338635e-13	2.0831192812749e-11	SDK2	protein_coding
ENSG00000131781	20.3052840869183	-2.04095788877383	0.280367847933581	-7.27957183327716	3.34881318735555e-13	2.18789128240562e-11	FMO5	protein_coding
ENSG00000164056	244.995758673094	1.89706668488443	0.261106527231525	7.26548931962276	3.71690299824831e-13	2.41804310796682e-11	SPRY1	protein_coding
ENSG00000187323	79.4508831804625	2.08238991936043	0.287332552250142	7.24731640412107	4.25110103897161e-13	2.75384884253381e-11	DCC	protein_coding
ENSG00000106236	89.2043962034862	2.8085085969261	0.387725059456234	7.24355707331607	4.37067192414081e-13	2.8084033572729e-11	NPTX2	protein_coding
ENSG00000153814	62.0151748192273	-1.25954802495789	0.174071501840668	-7.23580834105048	4.627644630392e-13	2.96014356106414e-11	JAZF1	protein_coding
ENSG00000165757	145.698193566158	2.83297363309061	0.392791672400146	7.21240757417227	5.49711423759881e-13	3.45843137713624e-11	JCAD	protein_coding
ENSG00000104332	3544.38946949957	1.03252911313899	0.143573586965117	7.19163695053367	6.40190743934426e-13	3.96244376245729e-11	SFRP1	protein_coding
ENSG00000008513	314.02996922839	1.23299739052805	0.171576690527081	7.18627563418029	6.65825618379896e-13	4.07165682151674e-11	ST3GAL1	protein_coding
ENSG00000165732	2122.88353614864	1.04877706118987	0.145936667608589	7.18652192335069	6.64626223403179e-13	4.07165682151674e-11	DDX21	protein_coding
ENSG00000188316	22.0227725950552	-2.26466882420661	0.31916823875405	-7.09553316785935	1.28853745654637e-12	7.57660024449266e-11	ENO4	protein_coding
ENSG00000125872	26.305269337718	4.70789493226049	0.664498997589106	7.08487890778072	1.39165935610998e-12	8.15160468820285e-11	LRRN4	protein_coding
ENSG00000082497	73.3926347473593	1.94042839943265	0.274084067262217	7.07968332057853	1.44484251661196e-12	8.39876516880749e-11	SERTAD4	protein_coding
ENSG00000158715	96.5314218652165	-1.12299427971398	0.158762768143323	-7.07341080561283	1.51171104536493e-12	8.72114658926004e-11	SLC45A3	protein_coding
ENSG00000172828	32.217648103785	-1.70231867340432	0.244241396422817	-6.96982042494288	3.17345793925575e-12	1.7451735602641e-10	CES3	protein_coding
ENSG00000114670	38.6517138397375	-1.7372041369949	0.249698836182847	-6.95719757269033	3.47108019509955e-12	1.8884652677111e-10	NEK11	protein_coding
ENSG00000135917	19.0217676862261	3.14458383680791	0.452694614818045	6.94636899551331	3.7480765205537e-12	2.03193595199379e-10	SLC19A3	protein_coding
ENSG00000151136	47.5834258712748	2.35068454362822	0.338733792970317	6.93962218240861	3.93149965237316e-12	2.12384334577671e-10	BTBD11	protein_coding
ENSG00000131477	27.0529825758453	1.76634598005724	0.254787405475139	6.9326267393919	4.13097157535017e-12	2.22374272689977e-10	RAMP2	protein_coding
ENSG00000225614	85.5928188328434	2.21967109201843	0.320916879346787	6.91665423313501	4.62434914757742e-12	2.48059823747943e-10	ZNF469	protein_coding
ENSG00000101311	33.7598701753692	3.02719196352082	0.438278496823078	6.9070054439445	4.94990947183789e-12	2.63673226499853e-10	FERMT1	protein_coding
ENSG00000189410	35.5755086307983	2.78360378160203	0.403612813037052	6.89671807160022	5.32176473207629e-12	2.81519512885752e-10	SH2D5	protein_coding
ENSG00000149090	193.149944033637	1.7685343261894	0.258221973377218	6.84889168438767	7.44243187090493e-12	3.87006457287056e-10	PAMR1	protein_coding
ENSG00000157404	138.483704330034	1.26859720198635	0.18585670569333	6.82567355992833	8.75137260017008e-12	4.47461485991305e-10	KIT	protein_coding
ENSG00000111859	1048.27103498528	-1.18492646076267	0.173902260614221	-6.81374961186544	9.50871473309763e-12	4.84564102798655e-10	NEDD9	protein_coding
ENSG00000139263	322.112280931609	1.21242480455284	0.178111473258288	6.80711232338548	9.95771864472833e-12	5.05759477211318e-10	LRIG3	protein_coding
ENSG00000188112	56.1138802679799	1.80663178744363	0.269222312066725	6.71055743327793	1.93882315038852e-11	9.3503874836403e-10	C6orf132	protein_coding
ENSG00000175445	141.777150081671	3.27195746546578	0.487900679946633	6.70619574833072	1.99763714005992e-11	9.60373477900504e-10	LPL	protein_coding
ENSG00000174460	23.1528578674603	-2.03203243221251	0.303360537513251	-6.69840727759045	2.10703347878915e-11	1.00663524449152e-09	ZCCHC12	protein_coding
ENSG00000146674	306.398379987009	2.66559272971372	0.400308796630682	6.65884125492489	2.75994832752415e-11	1.29827969326736e-09	IGFBP3	protein_coding
ENSG00000026559	135.642838851645	2.97346075508889	0.446977433533432	6.65237332359976	2.8840402088046e-11	1.34835494532736e-09	KCNG1	protein_coding
ENSG00000141542	115.38482153203	-1.39743885033201	0.211155302033112	-6.61806185720533	3.6393874627255e-11	1.66086434418351e-09	RAB40B	protein_coding
ENSG00000183873	38.0248728326329	2.00185648944344	0.302841307372329	6.6102491328313	3.83673783009041e-11	1.73538603391781e-09	SCN5A	protein_coding
ENSG00000132854	612.54536353079	-2.08276270620555	0.315280961987212	-6.60605287765531	3.94701959871846e-11	1.78000105089108e-09	KANK4	protein_coding
ENSG00000157240	471.323603337377	-1.14159336016957	0.173097838111112	-6.59507578273032	4.25038695305321e-11	1.90556937648907e-09	FZD1	protein_coding
ENSG00000008323	16.6819571127664	2.16300569477372	0.328585164656949	6.58278561368391	4.61714684899779e-11	2.05792830983901e-09	PLEKHG6	protein_coding
ENSG00000136158	270.354267156575	1.31463745031016	0.200102486939215	6.56982064750404	5.03759027113196e-11	2.22585780534871e-09	SPRY2	protein_coding
ENSG00000104413	92.5564652491756	5.15563332693864	0.785442802299167	6.56398315936812	5.23891209979061e-11	2.30150828108043e-09	ESRP1	protein_coding
ENSG00000143179	605.39444917459	1.30699058827905	0.199355949294587	6.55606513326433	5.52461087376966e-11	2.41256213479433e-09	UCK2	protein_coding
ENSG00000123933	832.670932020676	-1.16960053012567	0.178547195011058	-6.55065194417213	5.72864356163498e-11	2.46702824705002e-09	MXD4	protein_coding
ENSG00000131037	36.6902489913014	1.18867452629752	0.181451174106287	6.55093323122421	5.71786215059121e-11	2.46702824705002e-09	EPS8L1	protein_coding
ENSG00000183018	26.5271505642909	2.78753068623726	0.426601417726369	6.53427431416845	6.39186989258506e-11	2.72957840552627e-09	SPNS2	protein_coding
ENSG00000104635	743.831323066236	1.33284434073493	0.205430551356721	6.4880531738461	8.69525946291364e-11	3.65200897442373e-09	SLC39A14	protein_coding
ENSG00000163617	83.0918567413501	-1.08569839614121	0.167362119547374	-6.4871214530352	8.74918097522153e-11	3.65457592210893e-09	CCDC191	protein_coding
ENSG00000066735	188.394337373056	2.45731609782515	0.38015244845666	6.46402807032111	1.01951947393995e-10	4.21254424799837e-09	KIF26A	protein_coding
ENSG00000100311	78.7248330708968	3.13208125546362	0.484948766318608	6.45858175749202	1.05688760305119e-10	4.34346711705553e-09	PDGFB	protein_coding
ENSG00000169783	236.016613751362	1.42814727753995	0.221300350391214	6.45343432586201	1.09343399435722e-10	4.48161364764966e-09	LINGO1	protein_coding
ENSG00000006652	698.934345319415	1.20749379072659	0.187224724699189	6.44943552549829	1.12267507957916e-10	4.56474910016121e-09	IFRD1	protein_coding
ENSG00000170561	192.375884896003	1.25343616163341	0.195076451385121	6.42535863623471	1.31558975385251e-10	5.2789333745137e-09	IRX2	protein_coding
ENSG00000181418	20.2744132440727	-1.77038540555296	0.276128852158659	-6.41144665511347	1.44145197980914e-10	5.72387477073303e-09	DDN	protein_coding
ENSG00000118997	23.1997971209244	-1.75145201180729	0.275464182951711	-6.35818418583416	2.04152595170181e-10	7.98231425821414e-09	DNAH7	protein_coding
ENSG00000164007	55.9797416756396	-1.68514391766297	0.265221555182694	-6.35372157629565	2.10167089972148e-10	8.11372341286414e-09	CLDN19	protein_coding
ENSG00000109072	76.6318825711269	-2.830018272787	0.445816552458638	-6.34794346952732	2.18212231829742e-10	8.3819814075706e-09	VTN	protein_coding
ENSG00000152977	1050.97569965729	-3.05889554306683	0.482590386333297	-6.33849249734998	2.32024137156388e-10	8.86796252211714e-09	ZIC1	protein_coding
ENSG00000134684	1654.62431901515	1.09068321519253	0.173690330746479	6.27946996534026	3.39729214905532e-10	1.25757390737912e-08	YARS	protein_coding
ENSG00000179111	13.1542477276339	2.83988940888307	0.453264773310238	6.26540948272481	3.71846953338215e-10	1.36653755351794e-08	HES7	protein_coding
ENSG00000115461	2591.60735031568	2.83470982691876	0.453130447348213	6.25583613616764	3.95391734569778e-10	1.43240493793904e-08	IGFBP5	protein_coding
ENSG00000149418	110.695937424944	3.66094179267872	0.587915131808765	6.22699024843188	4.75480703144981e-10	1.71038799757188e-08	ST14	protein_coding
ENSG00000065911	862.358150295645	1.86963628472335	0.300846884887135	6.21457750983448	5.14629265596479e-10	1.83823649823341e-08	MTHFD2	protein_coding
ENSG00000003989	385.001670270436	3.18918524462429	0.515674828505987	6.18448888394261	6.23040031836088e-10	2.20486944599771e-08	SLC7A2	protein_coding
ENSG00000168243	271.264952803975	-1.06500434468083	0.172931345097793	-6.1585384886619	7.34193421402799e-10	2.55098841509227e-08	GNG4	protein_coding
ENSG00000027075	36.9454153904415	2.70192164704951	0.441563697602145	6.11898501104586	9.41732611823642e-10	3.22019548652999e-08	PRKCH	protein_coding
ENSG00000102172	893.596375316525	1.26141412056911	0.206158512151864	6.11866135141638	9.43647029019777e-10	3.22019548652999e-08	SMS	protein_coding
ENSG00000283703	14.904478061046	-3.99635063040428	0.654126948805025	-6.10944196337563	9.99801042437241e-10	3.38912601702451e-08	VSIG10L2	protein_coding
ENSG00000198597	20.10341454373	-2.47670469766403	0.405958195135257	-6.10088606990392	1.0548207601349e-09	3.54578561415836e-08	ZNF536	protein_coding
ENSG00000139973	34.9732093132128	1.54259483524365	0.253653500713547	6.08150422093215	1.19060231211944e-09	3.93981128737704e-08	SYT16	protein_coding
ENSG00000140836	1285.86573187223	-1.02465466194611	0.168885745465964	-6.06714710657813	1.30202291213284e-09	4.29920654010515e-08	ZFHX3	protein_coding
ENSG00000250486	43.4011437035768	-1.13159188948311	0.186654414107585	-6.0624973424463	1.34024023552292e-09	4.39701639684139e-08	FAM218A	protein_coding
ENSG00000128242	49.39872964839	-1.00806689412567	0.166564245755916	-6.0521205469444	1.42951428930935e-09	4.64987541594923e-08	GAL3ST1	protein_coding
ENSG00000162458	167.635049006512	2.66401481242673	0.44158178981306	6.03289101562482	1.6105203806205e-09	5.18922075554294e-08	FBLIM1	protein_coding
ENSG00000166250	315.023293227137	1.21554400027067	0.201537036634532	6.0313678347615	1.62577658134786e-09	5.22161184362313e-08	CLMP	protein_coding
ENSG00000144339	75.1211429618437	-3.44104178100093	0.57238841648598	-6.01172504874619	1.83559461045468e-09	5.8221100424546e-08	TMEFF2	protein_coding
ENSG00000143816	119.612431689391	-1.77081192854258	0.294902337524569	-6.00474022487207	1.91638482906557e-09	6.04590218209838e-08	WNT9A	protein_coding
ENSG00000205517	18.1622921470724	2.04910183452907	0.341274214303076	6.00426797176456	1.92197047390098e-09	6.04590218209838e-08	RGL3	protein_coding
ENSG00000117595	50.8679178065635	3.86496653204523	0.647593136752438	5.96820181175381	2.39882553928209e-09	7.3641053904708e-08	IRF6	protein_coding
ENSG00000146904	35.5928821248178	3.08852342731607	0.517489851756755	5.96827825092853	2.39770224015937e-09	7.3641053904708e-08	EPHA1	protein_coding
ENSG00000167600	161.467161119771	1.46938347591115	0.247100610780325	5.94649876125741	2.73938607135855e-09	8.30947108312095e-08	CYP2S1	protein_coding
ENSG00000106105	1991.54002276914	1.1831589399477	0.200295726959162	5.90706031481603	3.48266271421167e-09	1.0358550111842e-07	GARS	protein_coding
ENSG00000174963	139.551978558575	-2.79345265529085	0.473375191927752	-5.90113868011316	3.61001295069154e-09	1.06957127887931e-07	ZIC4	protein_coding
ENSG00000167723	40.7832338870013	-1.81633140946694	0.307888030832472	-5.89932451922835	3.64992729216102e-09	1.07722178460536e-07	TRPV3	protein_coding
ENSG00000111846	97.4021282260105	1.49761098286825	0.254003777535897	5.89601854506515	3.72377140605865e-09	1.09265032871608e-07	GCNT2	protein_coding
ENSG00000155465	25.4501770055853	1.49563078790688	0.253681304703343	5.89570756763443	3.73079193870876e-09	1.09265032871608e-07	SLC7A7	protein_coding
ENSG00000135643	221.382585608753	-1.36539385401988	0.231863853001795	-5.88877410749017	3.8907081448765e-09	1.13297421178804e-07	KCNMB4	protein_coding
ENSG00000064309	2536.8380462215	-1.43463678074224	0.245213500820895	-5.85056196310375	4.89914904741785e-09	1.3846585458904e-07	CDON	protein_coding
ENSG00000142632	75.7541994987426	1.2226055776523	0.208973270869159	5.8505356812728	4.89992329491566e-09	1.3846585458904e-07	ARHGEF19	protein_coding
ENSG00000161509	12.7998796247294	-2.02884986418117	0.34783194888905	-5.83284505825636	5.44901635203923e-09	1.50914061576043e-07	GRIN2C	protein_coding
ENSG00000146072	1820.29543538309	2.28644223975167	0.393228073174193	5.81454477879768	6.07991095736066e-09	1.67476898587621e-07	TNFRSF21	protein_coding
ENSG00000120324	62.3512251573709	-1.0677449890794	0.184239995880309	-5.79540280587644	6.81573919983167e-09	1.85078189852623e-07	PCDHB10	protein_coding
ENSG00000262655	269.609695278545	2.5495709167159	0.440824125799348	5.7836465100288	7.30984653660094e-09	1.98042626421855e-07	SPON1	protein_coding
ENSG00000120738	572.068195282327	2.0670010968578	0.358040994210993	5.77308501059438	7.78331478180994e-09	2.09123578882795e-07	EGR1	protein_coding
ENSG00000165555	11.5038140453055	-2.17626381705807	0.377040320367718	-5.77196575404885	7.83520426807768e-09	2.10148426053283e-07	NOXRED1	protein_coding
ENSG00000149212	3786.75454380836	-1.23477097598837	0.214012274723295	-5.76962689446134	7.94472350282435e-09	2.12712667094884e-07	SESN3	protein_coding
ENSG00000139318	657.41580437945	1.73116922237061	0.300316548367952	5.76448161707547	8.19092048477084e-09	2.18538904661739e-07	DUSP6	protein_coding
ENSG00000158769	321.914183224154	1.07893881375966	0.187767457906649	5.74614379822976	9.1301669163765e-09	2.42329846905493e-07	F11R	protein_coding
ENSG00000145536	90.3143370425677	-1.50252124666784	0.261927373628745	-5.73640404915261	9.67077956805884e-09	2.55790446429902e-07	ADAMTS16	protein_coding
ENSG00000166986	1816.56982392576	1.0301726664153	0.180592573575915	5.70440215794504	1.16752133374033e-08	3.03040172329748e-07	MARS	protein_coding
ENSG00000163435	80.0400641584904	1.72789095045334	0.30338307950394	5.69540975481759	1.23075973000783e-08	3.18373176858878e-07	ELF3	protein_coding
ENSG00000183287	45.5668480166364	1.72272737712479	0.303012013200768	5.68534349159074	1.30549995081738e-08	3.36568014301789e-07	CCBE1	protein_coding
ENSG00000245848	13.9042892415875	2.11771319622369	0.372558155932726	5.68424865353395	1.31388998186559e-08	3.3816077513066e-07	CEBPA	protein_coding
ENSG00000115648	26.3048314295969	3.23227912571802	0.568686484967775	5.68376286610922	1.31762945531232e-08	3.38553262400249e-07	MLPH	protein_coding
ENSG00000138722	1105.33332180702	-3.42382903450454	0.602538075005358	-5.6823446957673	1.32860543724254e-08	3.39660868303745e-07	MMRN1	protein_coding
ENSG00000162761	392.184773456116	-2.64519255570744	0.467299574287169	-5.66059269311871	1.50851080349722e-08	3.82456271374222e-07	LMX1A	protein_coding
ENSG00000154736	49.2907019054783	-2.29148630765612	0.405856430141116	-5.64605150362991	1.64174681022325e-08	4.12812915044293e-07	ADAMTS5	protein_coding
ENSG00000072041	146.52874982935	2.18172976167299	0.386996720217015	5.63759238178956	1.72444099318975e-08	4.32184490227622e-07	SLC6A15	protein_coding
ENSG00000065618	17.1632520462757	1.78180337795296	0.316817503885204	5.62406860764415	1.8651151863878e-08	4.63640340967425e-07	COL17A1	protein_coding
ENSG00000118971	2637.25119984621	1.86522325669581	0.332130259326312	5.61593894058073	1.95497693601142e-08	4.8440336138967e-07	CCND2	protein_coding
ENSG00000184156	27.8330070329118	1.41175608202489	0.251917058220744	5.60405115872632	2.0939885830815e-08	5.16337055776611e-07	KCNQ3	protein_coding
ENSG00000188687	12.4720155760292	-2.19141289810487	0.391224304197984	-5.60142321064971	2.12598965816739e-08	5.23383734203914e-07	SLC4A5	protein_coding
ENSG00000186854	49.0651446250163	2.00620147444871	0.358358998503091	5.59830081797543	2.16462911780004e-08	5.31185392502842e-07	TRABD2A	protein_coding
ENSG00000111348	76.0658944578074	2.55639044266744	0.456723041467198	5.59724430467789	2.1778571221292e-08	5.33574994921653e-07	ARHGDIB	protein_coding
ENSG00000128655	12.437460371727	-2.26124173217133	0.40543965480228	-5.57725842893701	2.44338746915812e-08	5.94817000453651e-07	PDE11A	protein_coding
ENSG00000036448	28.4788153847317	-1.84062389270695	0.330134895154324	-5.57536909827887	2.47005585704146e-08	6.00353162837041e-07	MYOM2	protein_coding
ENSG00000125246	127.923485365542	-1.59693475323017	0.287366720416345	-5.5571318450393	2.74243611295196e-08	6.61299105596366e-07	CLYBL	protein_coding
ENSG00000164251	96.300887086165	1.73893365027022	0.313388095556261	5.5488184616063	2.87606620259542e-08	6.90255888622902e-07	F2RL1	protein_coding
ENSG00000114166	115.65665429591	-1.084184495629	0.19540532634459	-5.54838763052486	2.88316093470417e-08	6.90874049682718e-07	KAT2B	protein_coding
ENSG00000128165	138.590395845422	3.26075729667069	0.588000369175167	5.54550212484527	2.93111776052744e-08	6.99078444975718e-07	ADM2	protein_coding
ENSG00000249992	46.1246554044304	1.20248367481406	0.217036045759328	5.54047909694917	3.01645245464633e-08	7.16079582711693e-07	TMEM158	protein_coding
ENSG00000120937	95.4517106681241	2.44916711346173	0.443284691728091	5.52504329421787	3.29404372552517e-08	7.73568978123331e-07	NPPB	protein_coding
ENSG00000154721	47.0477134627571	-1.22279489825445	0.222778616676513	-5.48883423596267	4.04595089864029e-08	9.35771517979014e-07	JAM2	protein_coding
ENSG00000132749	20.4994466294811	1.76203128734302	0.321126635985103	5.48702938308971	4.08749163928687e-08	9.40993528811101e-07	TESMIN	protein_coding
ENSG00000142871	2560.23220410807	2.1823252393843	0.398416482446531	5.47749738159282	4.31383388266218e-08	9.88754008967607e-07	CYR61	protein_coding
ENSG00000070159	203.561168603954	1.14445177107032	0.209519334616236	5.46227284067383	4.70076851397095e-08	1.07101861462873e-06	PTPN3	protein_coding
ENSG00000107738	26.8857376191804	2.30402386108965	0.421947056140754	5.46045724826923	4.74909844623322e-08	1.08041989651806e-06	VSIR	protein_coding
ENSG00000165698	61.3099633599984	-1.21687638354142	0.223352180513123	-5.44824044585463	5.08705581209502e-08	1.15002112219677e-06	SPACA9	protein_coding
ENSG00000170485	25.7628948616203	1.40237995918224	0.257409764314317	5.44804492136445	5.09264978890118e-08	1.15002112219677e-06	NPAS2	protein_coding
ENSG00000274286	22.3904286072426	2.13232316701473	0.391380366492776	5.4482118919833	5.08787236991436e-08	1.15002112219677e-06	ADRA2B	protein_coding
ENSG00000188760	37.0057491021399	1.04674235901543	0.193941241518384	5.39721387168807	6.76836901006673e-08	1.48670726186638e-06	TMEM198	protein_coding
ENSG00000177706	59.3084270657229	2.56940796321756	0.476527104698716	5.39194504967786	6.96990841635141e-08	1.52440572058913e-06	FAM20C	protein_coding
ENSG00000177614	82.5776564153364	1.0186798291989	0.189804633135968	5.36699137617552	8.00608831806568e-08	1.72147789320096e-06	PGBD5	protein_coding
ENSG00000107099	261.410066388508	-2.33800422126989	0.43640440788917	-5.35742577069399	8.44160308732369e-08	1.8049682237623e-06	DOCK8	protein_coding
ENSG00000136826	22.2761900857333	1.42183595056571	0.265578725826941	5.35372683236768	8.61609043824429e-08	1.83713794448924e-06	KLF4	protein_coding
ENSG00000182379	26.2775493083219	2.69964274479237	0.5043716400899	5.35248719438543	8.6753444330689e-08	1.84719590101333e-06	NXPH4	protein_coding
ENSG00000111783	97.9967265304999	-1.68253057323565	0.314516964345736	-5.34957017894309	8.81633685877274e-08	1.87200219301275e-06	RFX4	protein_coding
ENSG00000184985	85.0695060421785	2.02653781058498	0.37897421289972	5.34742930153198	8.9212240788003e-08	1.88641319110234e-06	SORCS2	protein_coding
ENSG00000183092	40.2375305454645	1.60989121406246	0.301240355482948	5.34420831990285	9.0813079865088e-08	1.91761100135009e-06	BEGAIN	protein_coding
ENSG00000118777	93.3061898845928	3.60361158965782	0.675030235791293	5.33844470749306	9.37472870121755e-08	1.97140099565631e-06	ABCG2	protein_coding
ENSG00000081148	9.69828469477764	-2.37292327933777	0.444591778759107	-5.33730804910699	9.43366878942967e-08	1.98107044578023e-06	IMPG2	protein_coding
ENSG00000004139	135.081244357323	-1.28961654051926	0.241727398764148	-5.33500359128728	9.5542666364017e-08	1.99725895392483e-06	SARM1	protein_coding
ENSG00000134294	2073.48076607394	1.24339467349421	0.233617421513343	5.32235423813714	1.02432854757837e-07	2.12482155161168e-06	SLC38A2	protein_coding
ENSG00000101871	862.071910781691	-1.19354353848937	0.225456027430422	-5.29390831592519	1.19729477247033e-07	2.45365180717513e-06	MID1	protein_coding
ENSG00000165092	61.2332634797702	-3.38710543867339	0.640377032433109	-5.2892362891344	1.22828131872626e-07	2.51042310169613e-06	ALDH1A1	protein_coding
ENSG00000100092	78.2873325813788	1.02262006928868	0.194863583527459	5.24787674934951	1.53862172423601e-07	3.10732482432233e-06	SH3BP1	protein_coding
ENSG00000196581	32.0220377865096	2.30286724552375	0.438965869701536	5.24611912787098	1.5533648288815e-07	3.13296062057261e-06	AJAP1	protein_coding
ENSG00000131044	16.9330218816711	-1.75582930693876	0.334896759658055	-5.24289726998715	1.58074559535667e-07	3.17768012653252e-06	TTLL9	protein_coding
ENSG00000187840	495.064847067173	1.39393521702575	0.265889528866142	5.2425352099048	1.5838515544334e-07	3.17768012653252e-06	EIF4EBP1	protein_coding
ENSG00000138166	273.337942926651	3.73327128988254	0.713752798368839	5.23048217592183	1.69068478097147e-07	3.37430664901981e-06	DUSP5	protein_coding
ENSG00000100219	867.203475840003	1.01414433545037	0.193977104705412	5.22816513315077	1.71200570532974e-07	3.41240459231827e-06	XBP1	protein_coding
ENSG00000011347	182.152965914507	1.42480489458283	0.272639033564109	5.22597544437013	1.7323935134209e-07	3.44854583765347e-06	SYT7	protein_coding
ENSG00000171551	78.108593465303	-3.03911989293378	0.581776312179571	-5.22386324315611	1.75228215404599e-07	3.4790765676695e-06	ECEL1	protein_coding
ENSG00000156427	29.3143188681005	1.64821921480635	0.315836135649737	5.21858973298176	1.80290626259541e-07	3.56569611158586e-06	FGF18	protein_coding
ENSG00000154237	16.6882853390327	3.03050595184343	0.582482709200772	5.20273976201217	1.9637176434612e-07	3.84395842935146e-06	LRRK1	protein_coding
ENSG00000197956	180.199135755708	2.45634508898132	0.472119087537625	5.20280826134904	1.96299370987271e-07	3.84395842935146e-06	S100A6	protein_coding
ENSG00000103257	3007.94103957368	1.71890805316358	0.330648954689307	5.1985891042019	2.00806861225576e-07	3.92574845833326e-06	SLC7A5	protein_coding
ENSG00000139832	30.8552667277716	1.33885249103356	0.257824217444937	5.19288879959269	2.07055867068415e-07	4.02219834274705e-06	RAB20	protein_coding
ENSG00000090861	1669.70535495271	1.34964239116879	0.260147094234833	5.18799717958977	2.12567822188393e-07	4.11880464590133e-06	AARS	protein_coding
ENSG00000174951	19.0584097875365	2.304121317305	0.444366276400368	5.18518492440461	2.15800630121001e-07	4.17087235561297e-06	FUT1	protein_coding
ENSG00000113645	261.273478455898	1.56143793424114	0.301823630896895	5.17334553825755	2.29939215938341e-07	4.40515129481873e-06	WWC1	protein_coding
ENSG00000076356	648.333866644357	2.00531550017944	0.38783768295097	5.17050196082404	2.33466023767201e-07	4.46322521034707e-06	PLXNA2	protein_coding
ENSG00000163235	12.8773399440938	2.77905943520215	0.537490843710283	5.17043121333637	2.3355443277588e-07	4.46322521034707e-06	TGFA	protein_coding
ENSG00000143167	56.0785537707538	-2.45441855739313	0.474973710370805	-5.16748296548246	2.37267583877692e-07	4.52852287430981e-06	GPA33	protein_coding
ENSG00000175793	45.8318237650095	3.18792310544378	0.618142158368515	5.15726530262518	2.50582638296485e-07	4.75298681672043e-06	SFN	protein_coding
ENSG00000147573	15.2226776437091	3.40207254272194	0.660539448604323	5.15044566968755	2.59868204767914e-07	4.89872393895421e-06	TRIM55	protein_coding
ENSG00000116017	1919.57885709646	1.11289827822661	0.216621992969769	5.1375128765523	2.78398397496775e-07	5.20312310627225e-06	ARID3A	protein_coding
ENSG00000181408	20.3116914964359	-2.82382521468212	0.550783631996624	-5.12692289791833	2.94516056936538e-07	5.47091309653195e-06	UTS2R	protein_coding
ENSG00000171388	118.824862466369	3.92244945594357	0.765640004677454	5.12309888718001	3.00554619989318e-07	5.56955033987479e-06	APLN	protein_coding
ENSG00000117525	57.6849751489091	1.82059051437296	0.355545464760122	5.12055614491179	3.04635899654987e-07	5.63834580378382e-06	F3	protein_coding
ENSG00000108950	41.9384800406903	-2.11291805809989	0.41274131749399	-5.1192307834087	3.06784360636531e-07	5.67124462564847e-06	FAM20A	protein_coding
ENSG00000160888	342.118242532907	1.26620423661593	0.247367249700865	5.11872221624779	3.07612645022988e-07	5.67968854723605e-06	IER2	protein_coding
ENSG00000112981	51.7848742495886	-1.36181697162305	0.266243971482546	-5.11492134090377	3.13871724966135e-07	5.78129027865334e-06	NME5	protein_coding
ENSG00000253958	27.3043140976642	1.30252809995189	0.254860255881495	5.11075410894014	3.20875397181921e-07	5.90318059219881e-06	CLDN23	protein_coding
ENSG00000095587	38.1261398183093	-1.31195884561092	0.257679721600429	-5.09143225342858	3.55368846456604e-07	6.46002250253098e-06	TLL2	protein_coding
ENSG00000197461	341.331827754325	3.41789727393096	0.672896864378637	5.07937762065082	3.78673360816795e-07	6.86732899189462e-06	PDGFA	protein_coding
ENSG00000149573	18.4836786241829	2.11592561940506	0.417833715528728	5.06403753638588	4.1046877267572e-07	7.39133874754583e-06	MPZL2	protein_coding
ENSG00000008735	175.331373062921	-2.00886456292635	0.396875427545364	-5.06170053245922	4.15533362321381e-07	7.46495187211431e-06	MAPK8IP2	protein_coding
ENSG00000132359	61.6824594294559	1.51683130878379	0.30024967742259	5.05189987814343	4.37436995773052e-07	7.80342682774611e-06	RAP1GAP2	protein_coding
ENSG00000188613	142.278648475561	1.89818893258666	0.375770610089361	5.05145661108318	4.38453541173671e-07	7.81244491545814e-06	NANOS1	protein_coding
ENSG00000054598	157.404325275499	1.98062543252006	0.393921241913318	5.02797316260466	4.95691228088982e-07	8.73056163021239e-06	FOXC1	protein_coding
ENSG00000223573	22.0731709581124	1.47500517297686	0.293482078348727	5.02587817721598	5.01133950490919e-07	8.80613314379904e-06	TINCR	protein_coding
ENSG00000010278	64.5271784968641	1.88224567695865	0.374895776903198	5.0207172044103	5.14789026818613e-07	9.02440191151597e-06	CD9	protein_coding
ENSG00000156042	63.2248097734179	-1.63673800300547	0.326585405402206	-5.01166915585142	5.39599198548394e-07	9.40637690696448e-06	CFAP70	protein_coding
ENSG00000176692	85.7357743113144	2.69241228155519	0.538162219243252	5.0029752838116	5.64521811093033e-07	9.80728346362533e-06	FOXC2	protein_coding
ENSG00000071575	617.339264073245	1.2756180566886	0.255059496837022	5.00125685382221	5.69577684685638e-07	9.86149902998192e-06	TRIB2	protein_coding
ENSG00000111319	132.72749072308	3.18456394447584	0.636725057456382	5.00147419546778	5.68935830459357e-07	9.86149902998192e-06	SCNN1A	protein_coding
ENSG00000112562	59.8995721613177	3.02787939126761	0.607079354796943	4.98761713331592	6.11285583369686e-07	1.05275892218787e-05	SMOC2	protein_coding
ENSG00000104899	54.3214230840352	-1.20675335767773	0.241996178216894	-4.98666287446965	6.14311206563746e-07	1.05642179144506e-05	AMH	protein_coding
ENSG00000170382	136.412656285215	-1.34725336225282	0.270244428137268	-4.98531411559204	6.1861228244887e-07	1.0626229858515e-05	LRRN2	protein_coding
ENSG00000101210	54.0435225846096	-1.69005348586584	0.339748780650399	-4.97442104907773	6.54429287634296e-07	1.11661997202602e-05	EEF1A2	protein_coding
ENSG00000147465	13.1643043720699	-1.73538115685338	0.348981126260019	-4.97270776632312	6.60241503691505e-07	1.125281171509e-05	STAR	protein_coding
ENSG00000163081	84.1381039441795	-3.37776809716016	0.67940609910919	-4.97164818153525	6.63860948096142e-07	1.13018999715967e-05	CCDC140	protein_coding
ENSG00000007129	33.1714141839736	1.48023665841637	0.298589435700337	4.95743144744722	7.14312337065333e-07	1.20800962489544e-05	CEACAM21	protein_coding
ENSG00000107611	55.0958635676294	-2.49751547818613	0.503841391322796	-4.95694780381005	7.16092042763561e-07	1.20968123201871e-05	CUBN	protein_coding
ENSG00000186815	393.095531060503	1.14491571372351	0.231129086829799	4.95357693584718	7.28615306921803e-07	1.22676991324015e-05	TPCN1	protein_coding
ENSG00000140044	242.018737663654	1.17471108049777	0.237851635764721	4.93883961201667	7.85888158005226e-07	1.31021353975833e-05	JDP2	protein_coding
ENSG00000151014	109.684304804416	1.04514783170235	0.212119002299425	4.92717682231517	8.34262513163759e-07	1.38331944698997e-05	NOCT	protein_coding
ENSG00000117877	54.9666978707308	1.06364905443487	0.215989656744192	4.92453699157737	8.45603322061262e-07	1.399089132865e-05	CD3EAP	protein_coding
ENSG00000177508	115.448255474937	2.2031111902727	0.44874735582838	4.90946890640903	9.1323377680963e-07	1.50285446500168e-05	IRX3	protein_coding
ENSG00000137801	3026.90901393865	1.97920057015164	0.403277318229775	4.90779044762431	9.21081906485273e-07	1.51251344643897e-05	THBS1	protein_coding
ENSG00000084674	40.2020672826759	-2.06189232082774	0.4201891704552	-4.90705726326561	9.24530467951136e-07	1.51654740279367e-05	APOB	protein_coding
ENSG00000113361	4224.03460451623	-1.66670099047374	0.339832449782304	-4.90447863805067	9.36758149949117e-07	1.53331462488459e-05	CDH6	protein_coding
ENSG00000136153	41.5220828619406	1.05043113314005	0.214300516554545	4.90167336051515	9.50237408630452e-07	1.5520544340964e-05	LMO7	protein_coding
ENSG00000162552	199.406731488688	-3.79590791688185	0.775006751438106	-4.89790303095831	9.68648127914107e-07	1.5804367747653e-05	WNT4	protein_coding
ENSG00000136111	337.356379440976	1.53113387999431	0.312709202103031	4.89635057010519	9.76328264887615e-07	1.59093898676799e-05	TBC1D4	protein_coding
ENSG00000042493	131.759345494735	1.18529599797032	0.243026965619321	4.87722008522698	1.07591368719934e-06	1.73557915408511e-05	CAPG	protein_coding
ENSG00000189056	597.857255022424	-2.14033167659238	0.43891054168511	-4.87646450316504	1.08004112770375e-06	1.73990187147892e-05	RELN	protein_coding
ENSG00000187720	105.550946418487	1.13257197781355	0.233017337050765	4.86046228211256	1.17111956078528e-06	1.86700913929485e-05	THSD4	protein_coding
ENSG00000182118	50.241872343181	1.34596734300346	0.277747427582896	4.84601191347396	1.25967955196134e-06	1.99598571821825e-05	FAM89A	protein_coding
ENSG00000177599	53.2439024438834	-1.22600916516526	0.253488967639289	-4.83653855464767	1.32119655975277e-06	2.08661704602276e-05	ZNF491	protein_coding
ENSG00000137573	5737.75458585844	-2.5750649247044	0.532684386033635	-4.83412878661288	1.33729994089878e-06	2.10769499963511e-05	SULF1	protein_coding
ENSG00000111981	23.7833417078301	2.36338652082947	0.489210332942596	4.83102330773294	1.35833100303236e-06	2.13424094289402e-05	ULBP1	protein_coding
ENSG00000164707	106.816851600518	-1.49713704686368	0.310181047455542	-4.82665546185012	1.38845017762344e-06	2.17637499015029e-05	SLC13A4	protein_coding
ENSG00000166289	38.1408260280607	1.69332859154178	0.351499755460292	4.81743888932256	1.45412605573523e-06	2.27540216377484e-05	PLEKHF1	protein_coding
ENSG00000142549	136.3162274018	-1.73439768750425	0.360277154453828	-4.81406513308776	1.47890570560307e-06	2.30709290074078e-05	IGLON5	protein_coding
ENSG00000104833	38.6404630775988	-1.48889368571748	0.309865484818546	-4.80496782850585	1.54776390450651e-06	2.39928943102266e-05	TUBB4A	protein_coding
ENSG00000151322	18.2065275803744	-1.58405553262895	0.329784692244674	-4.8033021843649	1.56070071918274e-06	2.4149790075775e-05	NPAS3	protein_coding
ENSG00000181409	60.3653221083184	-1.55391895865199	0.324325665103059	-4.7912303152395	1.65761714471518e-06	2.55202929591196e-05	AATK	protein_coding
ENSG00000118523	4044.83640479296	1.93108563293323	0.403190863095386	4.78950742610549	1.67191211249757e-06	2.56886355536309e-05	CTGF	protein_coding
ENSG00000182492	701.39935710161	3.59042220873267	0.75021083522611	4.78588423433065	1.70236165160423e-06	2.60778606510275e-05	BGN	protein_coding
ENSG00000052344	86.7890166573666	2.70267317548417	0.565906456650467	4.77583025201898	1.78967314204076e-06	2.72244009905664e-05	PRSS8	protein_coding
ENSG00000159713	25.4827310994155	-2.23039946848329	0.467389565153922	-4.77203522451079	1.82373598177364e-06	2.76599957235668e-05	TPPP3	protein_coding
ENSG00000119681	230.140255739959	-1.4525122124898	0.304536421742923	-4.76958455142008	1.84606247197546e-06	2.79155322171719e-05	LTBP2	protein_coding
ENSG00000079215	143.326466150403	1.80380070252183	0.378279371651825	4.76843528275203	1.85662294854104e-06	2.80474818550351e-05	SLC1A3	protein_coding
ENSG00000128052	125.999390703219	1.94354747198206	0.407701575518897	4.76708354513576	1.86911817681271e-06	2.82083698786897e-05	KDR	protein_coding
ENSG00000188582	10.9358593455774	1.89088717126555	0.396788714596451	4.76547618847642	1.88408147869217e-06	2.83781651687151e-05	PAQR9	protein_coding
ENSG00000147041	72.5284513772795	-2.48160020718668	0.521331095478158	-4.76012313232646	1.93474886490644e-06	2.90048832026704e-05	SYTL5	protein_coding
ENSG00000181634	720.587460691391	7.02580978404891	1.47607365203446	4.75979621637803	1.93788521292441e-06	2.90170314742295e-05	TNFSF15	protein_coding
ENSG00000125430	115.759428517813	3.41747748491926	0.71804364617701	4.75942862681748	1.94141760695773e-06	2.90414798191485e-05	HS3ST3B1	protein_coding
ENSG00000198885	63.4718514890605	1.45916261097649	0.306618788057913	4.75888193355226	1.94668256192507e-06	2.90917722450738e-05	ITPRIPL1	protein_coding
ENSG00000146151	27.0330764194147	-1.98809799246094	0.4179259044218	-4.75705853938744	1.96434219658172e-06	2.93270151380286e-05	HMGCLL1	protein_coding
ENSG00000167779	44.7854874701329	2.52724906005497	0.531898373622947	4.75137579917943	2.02037242698956e-06	2.99878190910839e-05	IGFBP6	protein_coding
ENSG00000157168	78.3011503196396	1.15423467619388	0.243056537425287	4.74883205537592	2.04594750324073e-06	3.02499472239307e-05	NRG1	protein_coding
ENSG00000204103	352.037172375615	-2.43554850468005	0.513006717410154	-4.74759573709989	2.05848960099242e-06	3.03473375313135e-05	MAFB	protein_coding
ENSG00000273079	42.7292032134931	-1.39849254525961	0.295363924033574	-4.73481163901602	2.19258631974597e-06	3.21691551403804e-05	GRIN2B	protein_coding
ENSG00000169594	49.3904065132956	3.3422879471935	0.707217085793845	4.725971719761	2.2901752267096e-06	3.34724654550061e-05	BNC1	protein_coding
ENSG00000088836	37.8096619474097	1.29104239915347	0.273624648921021	4.7182971426164	2.37826953076932e-06	3.44961903096787e-05	SLC4A11	protein_coding
ENSG00000130303	82.080710651404	1.64177619185344	0.349106390240451	4.70279616114346	2.56622588861834e-06	3.68379919109833e-05	BST2	protein_coding
ENSG00000138653	51.1677055111388	-2.51945953309352	0.535966268339413	-4.70078003397409	2.59169574247638e-06	3.71687096725881e-05	NDST4	protein_coding
ENSG00000064763	106.392092831626	1.26067073104787	0.268335506296127	4.69811374740928	2.62575192596348e-06	3.75866062210952e-05	FAR2	protein_coding
ENSG00000162825	23.3778806041181	-1.12599188295138	0.239690038247026	-4.69769995944065	2.63107554511927e-06	3.76275799193484e-05	NBPF20	protein_coding
ENSG00000107731	223.68421020071	1.33030090980304	0.283328380115249	4.69526176397126	2.66265530429327e-06	3.80436208336781e-05	UNC5B	protein_coding
ENSG00000115963	502.606134197057	1.09661781289663	0.233579265303342	4.6948422903569	2.66812491769499e-06	3.80861752957246e-05	RND3	protein_coding
ENSG00000198028	69.6522882443897	4.19959282719947	0.895076682542504	4.69188049371406	2.7070524733377e-06	3.85339089500808e-05	ZNF560	protein_coding
ENSG00000183036	79.2986197708549	-3.48039379553675	0.741905335955223	-4.69115617163697	2.71665502060896e-06	3.85923667093899e-05	PCP4	protein_coding
ENSG00000182199	1331.05915257295	1.31548710055542	0.28079893168928	4.68480094508009	2.8023214116834e-06	3.96317203902089e-05	SHMT2	protein_coding
ENSG00000152763	31.0065405030096	-1.06913190827816	0.228362102726909	-4.68173963854548	2.84450616513495e-06	4.01540260873344e-05	WDR78	protein_coding
ENSG00000148948	31.6026577313055	-1.27093810531831	0.271882506036812	-4.67458581224874	2.94547459146896e-06	4.14644710445465e-05	LRRC4C	protein_coding
ENSG00000077264	139.58699574439	-1.21438950111891	0.259800792020376	-4.67431023468037	2.94943204580502e-06	4.1481984467587e-05	PAK3	protein_coding
ENSG00000078401	119.796608535962	2.10709989463531	0.451264809829507	4.66932020564908	3.02198043775161e-06	4.23077261285226e-05	EDN1	protein_coding
ENSG00000204947	60.0905751925909	-1.04809121571506	0.224717961199596	-4.66402956897665	3.10076797114747e-06	4.33710345314752e-05	ZNF425	protein_coding
ENSG00000128045	354.783857690089	-2.45807938319074	0.527053188188204	-4.66381655263414	3.10398109521993e-06	4.33762915756145e-05	RASL11B	protein_coding
ENSG00000172889	259.123492459271	1.47728108827999	0.317162316652997	4.65780772403762	3.19594492152784e-06	4.44987303828029e-05	EGFL7	protein_coding
ENSG00000101230	13.4861004996861	1.61809477806527	0.348015099620577	4.64949589781995	3.3274730092526e-06	4.61618941610288e-05	ISM1	protein_coding
ENSG00000115423	53.6405251077244	-1.50549532024685	0.32464501877323	-4.63735844750004	3.52890125120918e-06	4.87792426116509e-05	DNAH6	protein_coding
ENSG00000143333	102.917328118216	3.42663412928562	0.739769409934806	4.63203003972224	3.62097598146471e-06	4.99066914099981e-05	RGS16	protein_coding
ENSG00000105357	258.989192654134	-1.64732755840319	0.356213215280655	-4.62455486696439	3.7540370871433e-06	5.13802318605612e-05	MYH14	protein_coding
ENSG00000165731	15.0059210549755	2.27170619615383	0.491331458054563	4.62357164173589	3.77188385598773e-06	5.15322255499021e-05	RET	protein_coding
ENSG00000211448	10.2288246787387	-2.47503696047825	0.535991084660203	-4.61768307591782	3.88048288713076e-06	5.28741732428299e-05	DIO2	protein_coding
ENSG00000121900	39.1574553446534	1.2556775479501	0.272809973774505	4.60275528264961	4.16938028767953e-06	5.64583576953451e-05	TMEM54	protein_coding
ENSG00000158813	89.3154117079044	1.32721575333814	0.288945625072338	4.59330627693661	4.36278019991823e-06	5.88167404729716e-05	EDA	protein_coding
ENSG00000051108	346.663869682527	1.16904718673332	0.25530348019692	4.57904916075416	4.67094416459801e-06	6.24754106634947e-05	HERPUD1	protein_coding
ENSG00000115112	48.8137882022683	2.3617402046178	0.515969132240245	4.5772897195682	4.71038888937157e-06	6.2857566374443e-05	TFCP2L1	protein_coding
ENSG00000118985	343.195282441973	1.37940229179361	0.301362147139323	4.57722479378239	4.7118505406274e-06	6.2857566374443e-05	ELL2	protein_coding
ENSG00000143850	167.839065729491	-1.37234227053157	0.300398933147738	-4.56839928208615	4.91463130941235e-06	6.52779178612476e-05	PLEKHA6	protein_coding
ENSG00000213085	8.20848564129564	-1.93884212057603	0.42459813164611	-4.56629922759998	4.96410032556265e-06	6.58206121224647e-05	CFAP45	protein_coding
ENSG00000135269	252.336817745343	1.0244688165529	0.224428085330884	4.56479773929577	4.99976145951966e-06	6.6121412796831e-05	TES	protein_coding
ENSG00000123983	1332.70684830493	1.01079312747344	0.221644903505521	4.56041673635082	5.10522025698255e-06	6.73413350204912e-05	ACSL3	protein_coding
ENSG00000176769	43.5762333361792	-3.58393847686907	0.786315967113154	-4.55788592215288	5.16710880362157e-06	6.7981720645238e-05	TCERG1L	protein_coding
ENSG00000076258	29.7076423393918	-1.08526542020354	0.238489215299462	-4.55058489265781	5.34969974219333e-06	7.01425468770596e-05	FMO4	protein_coding
ENSG00000109738	39.5395235029104	-1.0589130183914	0.232837888217503	-4.5478552760375	5.41953819787464e-06	7.0936558192729e-05	GLRB	protein_coding
ENSG00000091986	1014.24258147005	-1.19643857016384	0.263112118622131	-4.54725755860036	5.43494713484878e-06	7.10773924701182e-05	CCDC80	protein_coding
ENSG00000022556	296.90698050376	-5.03612210592414	1.10875720863677	-4.54213245848124	5.56880311080253e-06	7.2703554191246e-05	NLRP2	protein_coding
ENSG00000140743	232.677623186844	1.10441032015443	0.243392255934682	4.53757378562948	5.69051230444841e-06	7.39766599578294e-05	CDR2	protein_coding
ENSG00000033867	580.503310029511	1.46874309908073	0.323739446112367	4.53680611590021	5.71125673250578e-06	7.41832565221311e-05	SLC4A7	protein_coding
ENSG00000119888	157.348852304087	3.05989569887777	0.675396732569468	4.53051599352096	5.88397999733565e-06	7.62971044947136e-05	EPCAM	protein_coding
ENSG00000128805	28.0731122586518	1.47034789858808	0.324625797649383	4.52936245127431	5.91619341395657e-06	7.66498007733628e-05	ARHGAP22	protein_coding
ENSG00000170745	35.2337344855769	1.35639405694442	0.299563544736436	4.52790094381416	5.95724940727054e-06	7.70511243133266e-05	KCNS3	protein_coding
ENSG00000121039	169.133062619567	-1.18915571882175	0.262669509693983	-4.52719358332512	5.97721803927114e-06	7.72440485075039e-05	RDH10	protein_coding
ENSG00000221955	22.7991306329978	1.70318440336495	0.37768255722575	4.50956595897785	6.49603955682136e-06	8.31899021507041e-05	SLC12A8	protein_coding
ENSG00000078269	155.649835600271	1.32084285823355	0.29304479886971	4.50730694872632	6.56556205819573e-06	8.39250106569367e-05	SYNJ2	protein_coding
ENSG00000131389	695.290763597132	1.51313921656091	0.335943601795295	4.50414655458429	6.6640207616571e-06	8.51124055173047e-05	SLC6A6	protein_coding
ENSG00000139044	158.369847527334	1.23636890838278	0.274602923896606	4.50238799659795	6.7194167821627e-06	8.56767671106783e-05	B4GALNT3	protein_coding
ENSG00000178568	345.007512493522	-3.62087484201741	0.805434970397066	-4.49555206205211	6.9389677040889e-06	8.79626353732264e-05	ERBB4	protein_coding
ENSG00000175538	19.336358598199	1.77045649291431	0.39395583152617	4.49404819331048	6.9881802146014e-06	8.85130895781493e-05	KCNE3	protein_coding
ENSG00000197748	26.670854790983	-1.51427497084836	0.337292027270751	-4.48950715823715	7.13881485622577e-06	9.01968607619666e-05	CFAP43	protein_coding
ENSG00000198336	23.7895058635235	-1.64823941228594	0.368275256660773	-4.47556381395499	7.62099315333861e-06	9.5499789613312e-05	MYL4	protein_coding
ENSG00000107485	79.0526906491051	1.53165010721805	0.342335877762743	4.47411506275005	7.67284179915041e-06	9.60707661141781e-05	GATA3	protein_coding
ENSG00000005001	10.4162240745342	2.95463447540611	0.660615925014704	4.47254503490867	7.72941150714784e-06	9.65418652951602e-05	PRSS22	protein_coding
ENSG00000134762	69.6084922557383	1.11436627274957	0.249276744540848	4.47039805017578	7.8074153726734e-06	9.74365438509641e-05	DSC3	protein_coding
ENSG00000162105	171.35052502628	1.26094729415343	0.28315145402826	4.45326088287571	8.4575887749196e-06	0.000104611340769394	SHANK2	protein_coding
ENSG00000133640	91.6920008911059	-1.28259637987605	0.288367784798508	-4.44777970178689	8.67624438092895e-06	0.000107142507347045	LRRIQ1	protein_coding
ENSG00000057657	31.6516162630222	2.29978588348239	0.517335357587726	4.44544500922191	8.77101154392796e-06	0.000108138084260944	PRDM1	protein_coding
ENSG00000154654	43.6076474396462	-1.10654038157338	0.248938222987911	-4.44504009184287	8.78754781858504e-06	0.000108254658380764	NCAM2	protein_coding
ENSG00000116016	132.388386919879	2.910436660912	0.655605440999031	4.4393113279795	9.02471897972393e-06	0.000110552807501618	EPAS1	protein_coding
ENSG00000140873	159.239593503611	-3.38252671108708	0.76300321838397	-4.43317489309052	9.28554823083836e-06	0.0001134751889313	ADAMTS18	protein_coding
ENSG00000125355	107.286362253748	-1.46549068935438	0.330628568236117	-4.43243818032025	9.31734216557773e-06	0.000113705657405637	TMEM255A	protein_coding
ENSG00000099337	29.141661437313	2.55537176368236	0.576844889631255	4.42991141919601	9.42718025907882e-06	0.000114930408134607	KCNK6	protein_coding
ENSG00000069535	18.7820921640544	-2.88064660226111	0.650968812457002	-4.42516837540721	9.63670900688242e-06	0.000117204460856976	MAOB	protein_coding
ENSG00000137857	25.4764311650751	-1.18604066363278	0.268081352057808	-4.42418189302862	9.68084321255735e-06	0.000117647639931301	DUOX1	protein_coding
ENSG00000139908	52.4589653204453	-1.05653557071005	0.238911117007953	-4.42229555468898	9.76577420873757e-06	0.000118585509216187	TSSK4	protein_coding
ENSG00000070669	33.4164603870604	2.17490133218031	0.49229215253385	4.41790778298212	9.9660922297286e-06	0.000120634693593104	ASNS	protein_coding
ENSG00000163132	590.039476139801	-1.72236432036147	0.38997743702111	-4.41657428572781	1.00277448915335e-05	0.000121189062372936	MSX1	protein_coding
ENSG00000169116	131.51914231495	-1.5385671107299	0.34857453124997	-4.41388275044846	1.01532962770253e-05	0.000122609473525405	PARM1	protein_coding
ENSG00000183801	17.2676097297201	1.36281257956223	0.309095206311672	4.40903822425525	1.03830699720785e-05	0.000125186414616038	OLFML1	protein_coding
ENSG00000107719	174.070511591076	1.18083704294491	0.268949137674981	4.39055894788524	1.13059659294044e-05	0.000134719880848585	PALD1	protein_coding
ENSG00000185267	16.9718372513927	-1.20724855420247	0.276180334239459	-4.37123286684032	1.23546940092388e-05	0.000144956686119143	CDNF	protein_coding
ENSG00000183671	51.2831795242187	-2.73898293663542	0.627868098419743	-4.36235404144446	1.28670426299925e-05	0.000150621246345579	GPR1	protein_coding
ENSG00000168505	32.9714212743744	3.05404769362595	0.702073539971683	4.35003958951241	1.36112955819532e-05	0.000158846936531985	GBX2	protein_coding
ENSG00000123080	15.8939192037581	-1.34443952813468	0.310167119925107	-4.33456495472282	1.46048661221522e-05	0.000169407582151338	CDKN2C	protein_coding
ENSG00000136010	119.353813394592	2.80156847423956	0.646995212446072	4.33012241875449	1.49026471126153e-05	0.000172338630149518	ALDH1L2	protein_coding
ENSG00000129596	188.709602229798	-1.32943595044475	0.30762112710461	-4.32166659994278	1.54855060192454e-05	0.000178135753214616	CDO1	protein_coding
ENSG00000166073	80.9014430240474	1.18634975845236	0.275652106953683	4.30379354456269	1.6789813353996e-05	0.000191697286449508	GPR176	protein_coding
ENSG00000183690	18.8199325762408	-1.31905059585997	0.306714817316075	-4.3005766966278	1.70354197716804e-05	0.000193633827114833	EFHC2	protein_coding
ENSG00000100889	207.669549922285	1.96863485230105	0.458505703253281	4.29358858206734	1.75808123828994e-05	0.000199536347223286	PCK2	protein_coding
ENSG00000173334	249.924402632272	1.10530393713392	0.257649163845187	4.28995740035882	1.78707393942096e-05	0.000201927467744772	TRIB1	protein_coding
ENSG00000134138	526.097946392282	1.33471090738797	0.31179338683616	4.28075438331646	1.86260841629164e-05	0.000209533167536914	MEIS2	protein_coding
ENSG00000060138	2158.40822153097	1.33486311135059	0.312014405166663	4.27820988148792	1.88402338196219e-05	0.000211475399878399	YBX3	protein_coding
ENSG00000165309	18.8838643717589	-2.4075719646506	0.56343007828646	-4.27306254570693	1.92806345327276e-05	0.000215312155395427	ARMC3	protein_coding
ENSG00000162643	30.64166874374	-1.30776657371838	0.306645439173893	-4.26475142510359	2.00124876254142e-05	0.000221905055191321	WDR63	protein_coding
ENSG00000073008	203.034388207473	1.01730162586093	0.239235883772067	4.25229530712947	2.11590588823876e-05	0.000232218013060978	PVR	protein_coding
ENSG00000086696	66.0116888110579	-4.72908638399278	1.1122564828022	-4.25179484868311	2.12064078493983e-05	0.000232409855220789	HSD17B2	protein_coding
ENSG00000115297	32.1694586883252	-3.14370001066105	0.739455017539397	-4.25137423655869	2.12462804577245e-05	0.000232674165929579	TLX2	protein_coding
ENSG00000113739	1586.78214769884	2.45198061671274	0.576782664082235	4.25113438631912	2.12690493921975e-05	0.000232756783899725	STC2	protein_coding
ENSG00000144488	21.3263765034055	-1.2311018438884	0.290657326261125	-4.23557823133069	2.27964317449455e-05	0.00024769854194508	ESPNL	protein_coding
ENSG00000154975	15.3957690738023	-1.69834973013953	0.401094657226142	-4.2342865943038	2.29278394232449e-05	0.000248949438283074	CA10	protein_coding
ENSG00000102043	15.0462416661331	-1.43851596832658	0.340040625915427	-4.23042383378142	2.33251413372231e-05	0.000252327527067284	MTMR8	protein_coding
ENSG00000197816	19.2175670370127	-1.05006029006787	0.248489307831358	-4.22577655043619	2.38118187940013e-05	0.000256889694063632	CCDC180	protein_coding
ENSG00000136542	43.0891212584678	-1.3287277378335	0.314515921417078	-4.22467559622039	2.39285214903234e-05	0.000257800730475028	GALNT5	protein_coding
ENSG00000130477	43.1087625385045	1.86730572541236	0.442435862108886	4.22051168391228	2.43748422699472e-05	0.000262055266260867	UNC13A	protein_coding
ENSG00000176842	23.9027650322612	1.55891933973981	0.370300419506564	4.20987732559719	2.55509385173979e-05	0.000273545341774495	IRX5	protein_coding
ENSG00000169991	480.306496410708	1.35748078140476	0.322591345400948	4.20805083818214	2.57582923944256e-05	0.000275187123777763	IFFO2	protein_coding
ENSG00000100583	70.0975372628331	-1.61694890770613	0.385352503051403	-4.19602544398276	2.71639744268283e-05	0.000288390861831494	SAMD15	protein_coding
ENSG00000182902	12.8194136786368	-1.43240291519616	0.341519877144614	-4.19420072170387	2.73835425232642e-05	0.000290117531597826	SLC25A18	protein_coding
ENSG00000048052	212.921558347234	1.76149018676027	0.420089979512362	4.19312593174681	2.75136601950253e-05	0.000291092620803839	HDAC9	protein_coding
ENSG00000171517	36.3006129491903	2.59560028412521	0.622500726483934	4.16963414450281	3.05088999902458e-05	0.000318810706118167	LPAR3	protein_coding
ENSG00000228672	51.2303109636985	1.0609133575329	0.254665980971002	4.16590136416259	3.10124776992273e-05	0.000323630552263336	PROB1	protein_coding
ENSG00000111262	49.466658104203	-3.66759727929111	0.880541959367292	-4.16515901403091	3.11135629705443e-05	0.000324021901017494	KCNA1	protein_coding
ENSG00000235750	34.2051542559615	2.15473993999235	0.517301657314365	4.16534513185004	3.10881900764207e-05	0.000324021901017494	KIAA0040	protein_coding
ENSG00000117461	610.901477134856	-1.1444905420861	0.274975706350506	-4.162151476128	3.1526309895976e-05	0.000327650731264229	PIK3R3	protein_coding
ENSG00000122884	795.358883096563	1.43203060468852	0.344152872582844	4.16103051513482	3.16814745130971e-05	0.000328753391351535	P4HA1	protein_coding
ENSG00000158423	11.0109803782613	-1.64984219009184	0.396888730422546	-4.15693886882437	3.22540251323966e-05	0.000333852089522058	RIBC1	protein_coding
ENSG00000180730	214.369793250542	2.53406985036237	0.612158706888158	4.13956351816678	3.47967248322605e-05	0.00035560743351957	SHISA2	protein_coding
ENSG00000170959	28.2655513456269	-1.42499530645007	0.344275567491138	-4.13911250465589	3.48651952485793e-05	0.000356058186346212	DCDC1	protein_coding
ENSG00000148848	254.971105312079	2.15457732162492	0.520945028243936	4.13590149595596	3.53563843386703e-05	0.000360112194383472	ADAM12	protein_coding
ENSG00000196296	36.9558171364821	-1.01971360584625	0.246996527455107	-4.12845320682327	3.65211741036304e-05	0.000370494830588123	ATP2A1	protein_coding
ENSG00000145113	22.7704187885739	-1.95602021755909	0.473814068552423	-4.1282442784678	3.65543665948235e-05	0.000370585647547521	MUC4	protein_coding
ENSG00000166342	45.4749231479847	2.13717700039697	0.517940424971878	4.12629888951613	3.68648089715593e-05	0.000373237880501456	NETO1	protein_coding
ENSG00000104611	57.4359218766652	1.79689606691242	0.436096072118549	4.12041332585989	3.78193322400788e-05	0.000380948094529667	SH2D4A	protein_coding
ENSG00000134121	28.2361837369941	-1.84543314014935	0.44878600291768	-4.11205592008595	3.92151279503354e-05	0.000394162311705936	CHL1	protein_coding
ENSG00000163491	12.2675464676099	-1.38132859446552	0.336151725317288	-4.1092414241269	3.96960914532928e-05	0.000397168747472474	NEK10	protein_coding
ENSG00000187098	89.9613479464673	-2.48574900178846	0.605321170425747	-4.10649606066171	4.01706309553009e-05	0.000400605744321357	MITF	protein_coding
ENSG00000125148	965.105374537992	1.3490059600626	0.328687974713312	4.10421452515636	4.05690882338934e-05	0.000403526493766924	MT2A	protein_coding
ENSG00000102230	119.846473714268	-1.04330828899735	0.2542218391451	-4.10392864950471	4.06192784000978e-05	0.000403763022224119	PCYT1B	protein_coding
ENSG00000129654	122.016347230205	-2.3871467821438	0.582709983581906	-4.09662928283819	4.192094158001e-05	0.000414545507681237	FOXJ1	protein_coding
ENSG00000155530	15.9263645288333	-1.51956335317849	0.370983172203655	-4.09604388294008	4.20270299739502e-05	0.000415319985843602	LRGUK	protein_coding
ENSG00000076555	111.287641228621	-1.07763558777289	0.263159513011882	-4.09499005162026	4.22186515980382e-05	0.00041641209395536	ACACB	protein_coding
ENSG00000184216	514.779892850424	1.63032633053442	0.398407407113774	4.09210848348723	4.27468576674635e-05	0.000420536653809641	IRAK1	protein_coding
ENSG00000095383	29.453508078649	1.0605638990265	0.259443074606634	4.08784817492055	4.35392933336522e-05	0.000427507203908076	TBC1D2	protein_coding
ENSG00000185668	105.126558317128	2.41198663072768	0.592384124697977	4.0716598068144	4.6679320329384e-05	0.000454543598213772	POU3F1	protein_coding
ENSG00000068976	55.5725625881001	-1.16969735870907	0.28773796850186	-4.06514776203929	4.8002040343795e-05	0.000465348885717145	PYGM	protein_coding
ENSG00000167281	31.3203965475847	1.12934814137007	0.27826757060535	4.05849714687651	4.93895368091091e-05	0.000477890657428898	RBFOX3	protein_coding
ENSG00000188659	12.3803416870312	-1.46602970978667	0.361545087449721	-4.05490147889384	5.01554376088058e-05	0.000484075966012262	SAXO2	protein_coding
ENSG00000197415	41.3651459701422	-1.4181882076445	0.349896767687545	-4.05316178545247	5.05300320044657e-05	0.000486769457646043	VEPH1	protein_coding
ENSG00000187634	44.5504759644203	-1.61706295224815	0.399518931324387	-4.04752522461865	5.17620052682177e-05	0.000497383743897242	SAMD11	protein_coding
ENSG00000144583	150.650316361161	3.03528863753194	0.749975435728507	4.04718407154701	5.18374767940834e-05	0.000497796071123083	MARCH4	protein_coding
ENSG00000075223	1103.00581288933	-2.36748608634942	0.585613342503981	-4.042746150944	5.28288056978842e-05	0.000505411002196028	SEMA3C	protein_coding
ENSG00000148926	402.643032466796	2.26666135193113	0.561689611079093	4.03543399632498	5.45014599073536e-05	0.000517526906250697	ADM	protein_coding
ENSG00000205213	803.015085322019	1.21197145125587	0.300476154422678	4.03350293664566	5.49514936593176e-05	0.000520829779952665	LGR4	protein_coding
ENSG00000204252	42.3717213330464	-1.2973353578196	0.321875263932718	-4.03055314648466	5.56457447580755e-05	0.000527083113916641	HLA-DOA	protein_coding
ENSG00000213865	38.8272704005541	-1.0051886313073	0.249781663314943	-4.02426910753607	5.71525349601979e-05	0.000539283926812015	C8orf44	protein_coding
ENSG00000147509	60.5967384972339	1.4629935964956	0.36434100763694	4.01545136514923	5.93321335989922e-05	0.000556826064126085	RGS20	protein_coding
ENSG00000182256	19.5504110862554	1.22846690426509	0.306130062908478	4.01289207794124	5.99793397115684e-05	0.000562209776523886	GABRG3	protein_coding
ENSG00000141338	11.2247307573325	-1.90933289257583	0.475865501547244	-4.01233728094968	6.01205186429883e-05	0.000563187799640935	ABCA8	protein_coding
ENSG00000198520	16.0744519585654	-1.15839800117928	0.28892514804742	-4.0093360131779	6.08897212115155e-05	0.000569346824392446	C1orf228	protein_coding
ENSG00000261934	9.96567993063552	-1.57984930134931	0.394366430298903	-4.00604407467413	6.17441326571207e-05	0.00057627857146646	PCDHGA9	protein_coding
ENSG00000150773	25.0249502802399	-1.46008148459733	0.364804715598481	-4.00236461363169	6.27125544768419e-05	0.000583891311109597	PIH1D2	protein_coding
ENSG00000160588	20.3116489612521	1.10462487235078	0.276017400513835	4.00201172206681	6.2806186248521e-05	0.000584163063189653	MPZL3	protein_coding
ENSG00000186297	20.7293255106695	1.41921951165159	0.355550629879139	3.99161017415163	6.56261870969631e-05	0.000606952902806032	GABRA5	protein_coding
ENSG00000269113	115.086166737071	-1.2301913046223	0.308316100345849	-3.99003264261045	6.60642026004935e-05	0.000609897058790063	TRABD2B	protein_coding
ENSG00000141294	16.1659788565348	-1.15843439662008	0.290815908317432	-3.98339417992095	6.79379301274609e-05	0.000625307089577738	LRRC46	protein_coding
ENSG00000135363	24.2752985914801	1.71227342053894	0.429942154069713	3.98256696704669	6.81749062276721e-05	0.000627110689776565	LMO2	protein_coding
ENSG00000108846	16.4942188004228	3.91560331443423	0.984543072798375	3.97707669945295	6.97676666849833e-05	0.000640220941344553	ABCC3	protein_coding
ENSG00000136810	1231.32240652256	1.12601025685673	0.283181192603043	3.97628898482373	6.99990549208386e-05	0.000641574071720492	TXN	protein_coding
ENSG00000164220	191.808705240699	2.6437613238331	0.665492189461334	3.97264064958151	7.10802400770074e-05	0.000650703419339694	F2RL2	protein_coding
ENSG00000138316	15.4659842410897	1.80849957175591	0.455317924889819	3.97194898969449	7.1286987009276e-05	0.000651410712450994	ADAMTS14	protein_coding
ENSG00000151702	100.993978862648	3.89117554398342	0.979697764190428	3.97181221210491	7.13279390792101e-05	0.000651410712450994	FLI1	protein_coding
ENSG00000221866	94.9507539366477	1.68401638485749	0.424743086199325	3.96478822039544	7.34611378317989e-05	0.000668441045159959	PLXNA4	protein_coding
ENSG00000172771	18.5793173792786	-1.5472518676213	0.39033487366698	-3.9639088690327	7.3732409085481e-05	0.000669768906772926	EFCAB12	protein_coding
ENSG00000170684	13.314908487499	1.19874685427516	0.302848728973589	3.95823637212524	7.55052173177918e-05	0.000682224445835934	ZNF296	protein_coding
ENSG00000115419	686.406875956502	1.08053179439479	0.27335095350218	3.95291028090807	7.72063914545067e-05	0.00069431253679794	GLS	protein_coding
ENSG00000183114	10.1248309294427	1.57716238237282	0.399020368937333	3.95258614634913	7.7311082491237e-05	0.000694624240811027	FAM43B	protein_coding
ENSG00000227507	13.5159077919934	1.94514301085076	0.493109740835942	3.94464527825645	7.99181912258698e-05	0.000714914749830952	LTB	protein_coding
ENSG00000182022	322.468684071484	-1.40831350635532	0.357158086528478	-3.94310967460911	8.04318501225837e-05	0.000718668687711315	CHST15	protein_coding
ENSG00000118596	66.2116542547538	1.43127158028839	0.363582879929859	3.93657583812666	8.2652508177698e-05	0.000736788072898336	SLC16A7	protein_coding
ENSG00000157734	27.6717830905127	1.38165578569365	0.351202885917292	3.93406729015042	8.35203844728458e-05	0.000743657331287633	SNX22	protein_coding
ENSG00000152953	43.9340806386012	1.1963797638828	0.304290998151767	3.9316962090548	8.43486130501291e-05	0.000750157996690154	STK32B	protein_coding
ENSG00000150551	105.402380005815	-1.51226500267002	0.385509322969371	-3.92277154550206	8.75361466727301e-05	0.000775798614685622	LYPD1	protein_coding
ENSG00000102755	90.1214444817516	3.20194112302552	0.817358904789024	3.91742367308277	8.95003705952897e-05	0.000791829667627771	FLT1	protein_coding
ENSG00000215217	13.5879918841256	-1.31537967211386	0.336068637782742	-3.9140208999931	9.07717736299882e-05	0.000802149638875873	C5orf49	protein_coding
ENSG00000077238	230.38243246394	1.82693542746495	0.468952208545895	3.89578168984388	9.78825258236773e-05	0.000858535889152254	IL4R	protein_coding
ENSG00000171962	38.0433615982183	-1.00482898295046	0.258158729006007	-3.89229133107127	9.93018991781784e-05	0.000867005959243856	DRC3	protein_coding
ENSG00000196526	483.413605386675	1.09596581945259	0.281675380515741	3.89088253806882	9.9880278113613e-05	0.000870248090494835	AFAP1	protein_coding
ENSG00000173559	470.033399783761	2.16010071778311	0.555425888055149	3.8890890112213	0.00010062121127687	0.000876023392938944	NABP1	protein_coding
ENSG00000204311	25.5311643072902	-1.20392934911181	0.309807958067544	-3.88605043143964	0.000101888348772208	0.000886046118333058	PJVK	protein_coding
ENSG00000121297	57.3555760599843	1.62390514283935	0.418576641739173	3.8795885410425	0.00010463330942667	0.000907336378057251	TSHZ3	protein_coding
ENSG00000050438	133.194600040558	-1.05388785107332	0.271825598781822	-3.87707359349628	0.000105720387728239	0.000915724242260234	SLC4A8	protein_coding
ENSG00000176387	82.74165191364	-2.71625187623024	0.700912272798096	-3.87530933848077	0.000106489332691314	0.00092081952386019	HSD11B2	protein_coding
ENSG00000197405	45.391767185277	-1.417681390685	0.366275362284501	-3.87053440297694	0.000108597029484838	0.000934288906451441	C5AR1	protein_coding
ENSG00000163710	49.9302925787106	1.23584115108804	0.319369283234108	3.86963059995386	0.000109000380246544	0.000936704785390199	PCOLCE2	protein_coding
ENSG00000197769	106.255579016695	-1.97949169971563	0.512446214521318	-3.86282822201096	0.000112081823687664	0.000957801520702628	MAP1LC3C	protein_coding
ENSG00000107438	491.941748642071	1.17066794060669	0.303140717905289	3.86179708452247	0.000112556034918326	0.00096077982235141	PDLIM1	protein_coding
ENSG00000258311	12.2177264913787	-1.33581918776662	0.346206526572982	-3.8584460003963	0.000114110272590486	0.000972960316432436	AC009779.3	protein_coding
ENSG00000134317	43.9886658577155	1.40687130504502	0.364809256090459	3.85645726241157	0.000115042200263285	0.000979813458286961	GRHL1	protein_coding
ENSG00000150667	13.7784959710052	-1.39703676295798	0.36231548791424	-3.85585714538556	0.000115324823480727	0.000981673664461782	FSIP1	protein_coding
ENSG00000092850	29.0474376504841	-1.3335790069411	0.346778535799493	-3.84562154017564	0.000120247241590458	0.00101565736432869	TEKT2	protein_coding
ENSG00000109861	887.469844870748	1.4430213948287	0.375229749361871	3.84570092665293	0.000120208312694115	0.00101565736432869	CTSC	protein_coding
ENSG00000184489	137.354537059917	1.15685338263891	0.301237248403472	3.84033976133471	0.000122864147664388	0.0010331942186431	PTP4A3	protein_coding
ENSG00000126218	18.9138527324487	-1.79133858168025	0.466652188118471	-3.83870177251902	0.000123686550250351	0.00103782655336299	F10	protein_coding
ENSG00000162543	27.6660092122222	-1.32496888843981	0.345790493512237	-3.83170999000561	0.000127255692519624	0.00106426970855581	UBXN10	protein_coding
ENSG00000174599	54.93935921599	-1.17124047258503	0.306354369508293	-3.82315576064708	0.000131754490099549	0.00109589915377688	TRAM1L1	protein_coding
ENSG00000142627	1305.38443805189	1.29312583900082	0.338367468809711	3.82166123578517	0.000132555701991715	0.00110136498480942	EPHA2	protein_coding
ENSG00000148942	16.5378378203916	-1.64668546776591	0.431009121733341	-3.82053507624995	0.000133162464565702	0.00110460540329921	SLC5A12	protein_coding
ENSG00000119630	55.0620196687038	1.80328000082252	0.472913761594888	3.81312650902992	0.000137219828027631	0.00113028918690001	PGF	protein_coding
ENSG00000185745	144.577888395598	-1.88522958227361	0.49518303112549	-3.8071368842925	0.000140584939605319	0.00115551750359468	IFIT1	protein_coding
ENSG00000140527	7.58747544422694	-1.58379119458173	0.416843726991099	-3.79948429598305	0.000144997499479618	0.00118731749975597	WDR93	protein_coding
ENSG00000197467	96.8591330073442	3.42102628418329	0.900839885999738	3.79759637350725	0.000146105978239391	0.0011944749707614	COL13A1	protein_coding
ENSG00000007237	805.673050766335	-1.28747543141472	0.339303631624815	-3.79446404758304	0.000147962718800688	0.00120900804116778	GAS7	protein_coding
ENSG00000099194	8779.18171329998	1.03330111228763	0.272622398371124	3.79022823678995	0.000150508923913577	0.00122849996198119	SCD	protein_coding
ENSG00000013588	25.0555912284015	3.27497432641187	0.864269426753085	3.78929790298772	0.000151073658461554	0.00123245148909298	GPRC5A	protein_coding
ENSG00000198570	9.48727275840308	-1.7369077375395	0.458847452887172	-3.78537077325042	0.000153479574256599	0.00124874706292437	RD3	protein_coding
ENSG00000130720	12.4301766124547	2.71722855699173	0.718252203928205	3.7831120352028	0.000154879657264998	0.00125879861789861	FIBCD1	protein_coding
ENSG00000101638	25.96859733387	-2.04843895444138	0.542687211757047	-3.77462175275734	0.000160250627552728	0.00129835470265927	ST8SIA5	protein_coding
ENSG00000125878	15.256811333748	2.3830433267374	0.631597533809153	3.77304089894923	0.000161269838710307	0.00130535408157064	TCF15	protein_coding
ENSG00000075426	718.441655744845	1.71567544369051	0.455194819097669	3.76910143022165	0.000163836303759587	0.00132245481091688	FOSL2	protein_coding
ENSG00000196220	400.054020799289	-1.31653826780178	0.349573135369852	-3.76613113135501	0.000165796736301526	0.00133616262761083	SRGAP3	protein_coding
ENSG00000101134	61.1111336444617	-1.0589105344707	0.281365557281998	-3.7634689359274	0.000167572550997072	0.00134763238276867	DOK5	protein_coding
ENSG00000166676	39.2468621259788	-1.34787689373149	0.358162914720277	-3.76330669182814	0.000167681352158433	0.00134779837633971	TVP23A	protein_coding
ENSG00000129646	173.2132647922	-1.00477643913464	0.267056593410516	-3.76241015547635	0.000168283770094035	0.00135121968340211	QRICH2	protein_coding
ENSG00000127824	26.0353381983539	3.04554618470858	0.809898294926555	3.76040572475186	0.000169637997855261	0.00136066406674251	TUBA4A	protein_coding
ENSG00000107984	107.27722254123	-3.06858520269755	0.816451336262843	-3.75844225663643	0.000170974484175906	0.00136851199690118	DKK1	protein_coding
ENSG00000183010	356.82193451071	1.22894982950933	0.328315817465837	3.743194095841	0.000181695768170815	0.0014429947552184	PYCR1	protein_coding
ENSG00000179869	23.2864313698147	-2.24762344128288	0.600531123223021	-3.74272598765572	0.000182034696457869	0.00144468772620505	ABCA13	protein_coding
ENSG00000162878	812.120489076621	2.15630499841026	0.576451261016763	3.74065449107857	0.000183541687020423	0.00145463209495501	PKDCC	protein_coding
ENSG00000126562	31.6323969186913	1.67694946819206	0.448561742892058	3.73850310412139	0.000185119207612884	0.00146561493836653	WNK4	protein_coding
ENSG00000127399	35.6126207188098	1.28621300087418	0.34439307116927	3.73472380413253	0.000187921311132472	0.00148472403338152	LRRC61	protein_coding
ENSG00000082482	16.4098349385879	2.26493608486858	0.606708948296104	3.73315094697298	0.000189099189598822	0.00149171744612321	KCNK2	protein_coding
ENSG00000103067	40.6438984570351	2.23373555862602	0.598657740122177	3.73123975340259	0.000190539779640694	0.00150075844984386	ESRP2	protein_coding
ENSG00000196839	132.868332177529	1.6257323113115	0.436058057526338	3.72824738185993	0.000192816057143101	0.00151322991868775	ADA	protein_coding
ENSG00000165695	13.5769064167999	-1.11894869993585	0.300675676252718	-3.72144735444239	0.000198084165841361	0.00154821611829383	AK8	protein_coding
ENSG00000041982	2178.10837854253	2.1862824006141	0.58756118710844	3.72094421582446	0.000198479282373989	0.00154971974919997	TNC	protein_coding
ENSG00000161544	47.0977106319038	2.94227829668372	0.791778758675123	3.71603590579648	0.000202372836232737	0.00157689904196029	CYGB	protein_coding
ENSG00000153976	51.91304221934	2.63336274383622	0.709786822646221	3.71007556045988	0.000207197397670047	0.00160549103678646	HS3ST3A1	protein_coding
ENSG00000163347	209.929216222016	-2.31722044297557	0.6265468871868	-3.69839909887655	0.000216963564813	0.00167353127086839	CLDN1	protein_coding
ENSG00000196689	71.7751190851381	-1.01251166091583	0.274134534098398	-3.69348453030875	0.000221201972654379	0.00170193042674391	TRPV1	protein_coding
ENSG00000129317	357.204425044367	-4.84825633126968	1.31281326576191	-3.69302813866367	0.000221599492226778	0.00170413130642001	PUS7L	protein_coding
ENSG00000119686	67.950221818256	-1.46644446866457	0.39729218202575	-3.69109822697071	0.000223287881295494	0.00171455135484837	FLVCR2	protein_coding
ENSG00000184986	29.4044629775156	-1.00814917323756	0.273130125469981	-3.69109475383873	0.000223290930632071	0.00171455135484837	TMEM121	protein_coding
ENSG00000173947	40.2037605113717	-1.409318520325	0.382076020822374	-3.68858144327301	0.000225507843181367	0.0017298363806105	PIFO	protein_coding
ENSG00000072163	61.9766572833881	-1.44627295929637	0.392265470708383	-3.68697493736724	0.000226935697536478	0.00173817281760404	LIMS2	protein_coding
ENSG00000132698	31.8875632287589	2.33613804750358	0.633616401803849	3.68699112089397	0.000226921271482806	0.00173817281760404	RAB25	protein_coding
ENSG00000052802	1478.15786507926	1.19336905774066	0.324089863549749	3.68221654534244	0.000231214883104922	0.00176304867256401	MSMO1	protein_coding
ENSG00000116329	83.2672759102912	2.84290185376189	0.774211719002218	3.67199537799007	0.000240664036067568	0.00182546412526651	OPRD1	protein_coding
ENSG00000179023	77.3666635310224	-2.54875272597295	0.694892752859331	-3.66783610202494	0.000244611894080219	0.00184946915761542	KLHDC7A	protein_coding
ENSG00000164620	28.6214794223495	1.31764997777123	0.360540923346563	3.65464748229056	0.000257535588623345	0.0019337937519026	RELL2	protein_coding
ENSG00000188766	93.1003498162608	1.46805349412087	0.401845489271051	3.65327851952232	0.000258913123298749	0.00194222955298885	SPRED3	protein_coding
ENSG00000136040	224.278623308503	1.71424566907297	0.46946635380793	3.65147716160786	0.000260736289074077	0.00195303105701347	PLXNC1	protein_coding
ENSG00000059804	4179.03134599555	1.49701794022608	0.410258153686185	3.64896572261956	0.000263298229032905	0.0019683634843301	SLC2A3	protein_coding
ENSG00000196139	9.17730058704594	2.02754549105216	0.558055676031184	3.63323155401229	0.000279893626662781	0.0020792436841279	AKR1C3	protein_coding
ENSG00000171435	26.1241951867268	-1.27421431292536	0.350754981245162	-3.63277610029077	0.000280388301048733	0.00208086230409371	KSR2	protein_coding
ENSG00000188596	15.39878505978	-1.80839432412041	0.498659740091054	-3.6265095790372	0.000287278167149497	0.00212786270318872	CFAP54	protein_coding
ENSG00000129167	15.6147456935848	-1.63107731813342	0.449802311604488	-3.62620928361886	0.000287612283513435	0.00212930585489268	TPH1	protein_coding
ENSG00000187372	34.0813707068696	-1.09976017718527	0.303518326580227	-3.62337322288371	0.000290785761693172	0.00214760035012813	PCDHB13	protein_coding
ENSG00000142910	34.5540838509269	3.22442600660571	0.889944970093416	3.62317459501709	0.000291009245753653	0.00214821310916555	TINAGL1	protein_coding
ENSG00000122691	334.672034632247	2.91407738186368	0.804607241143058	3.62173894647507	0.000292629341308827	0.00215913000479215	TWIST1	protein_coding
ENSG00000181649	185.625446467037	3.01619736232941	0.83326141430985	3.61974922939108	0.000294888662722052	0.00217475054302689	PHLDA2	protein_coding
ENSG00000148908	140.652835822413	2.03152934060342	0.561538397560095	3.61779238860689	0.000297126581014807	0.00218914273279729	RGS10	protein_coding
ENSG00000164086	314.713278380668	1.43123944434141	0.396373467756967	3.61083564054031	0.000305212041826467	0.00224199179766392	DUSP7	protein_coding
ENSG00000171813	95.1764899538523	1.33131931556567	0.369092092099588	3.60701121498548	0.000309744277639931	0.00227225072771558	PWWP2B	protein_coding
ENSG00000154096	476.120448417106	1.83202259182019	0.508332713842355	3.60398326122355	0.000313377247324477	0.00229669767837804	THY1	protein_coding
ENSG00000159307	409.749267647228	1.65830159697711	0.460329516591761	3.60242291055986	0.000315264910187174	0.00230721395258091	SCUBE1	protein_coding
ENSG00000084453	32.3674221198121	-1.93826153791222	0.539395103380513	-3.5933984675884	0.000326392867045766	0.00237953941411334	SLCO1A2	protein_coding
ENSG00000159167	463.863438401953	2.90747836071609	0.809152990048563	3.59323687420544	0.00032659543617263	0.00237988132898339	STC1	protein_coding
ENSG00000283632	48.3202070992627	2.70121589283894	0.753132907060681	3.5866390480549	0.000334967483263251	0.00242585641124044	EXOC3L2	protein_coding
ENSG00000164125	360.717209142081	-2.67275204115446	0.745863144620923	-3.58343492426195	0.000339105276312602	0.00245117799728939	FAM198B	protein_coding
ENSG00000183773	13.7180878174994	-1.55123144815666	0.432965337522511	-3.58280747607424	0.000339921139314637	0.0024559141672222	AIFM3	protein_coding
ENSG00000182103	45.9164517892124	-1.5258732517742	0.426035858884397	-3.58156061269068	0.000341547873655771	0.00246533705970228	FAM181B	protein_coding
ENSG00000065320	211.815107808288	2.16618544559052	0.604876311068143	3.58120396840353	0.000342014511435301	0.00246754027882156	NTN1	protein_coding
ENSG00000145075	17.4861989808362	-1.0371450158542	0.289729222090275	-3.5797045543823	0.000343982895735133	0.00247759678866921	CCDC39	protein_coding
ENSG00000173210	26.5539174145853	2.88311046744433	0.805572055164019	3.57896037848199	0.000344963757147994	0.00248062366852236	ABLIM3	protein_coding
ENSG00000175556	12.7843900219127	-1.36606577948476	0.381835211649316	-3.57763175790968	0.00034672145455155	0.00249091992348877	LONRF3	protein_coding
ENSG00000172216	269.985977161286	2.52802199980919	0.710683590601868	3.5571695100885	0.000374872274108849	0.00266455772515474	CEBPB	protein_coding
ENSG00000074695	2037.30923532464	1.0020442230873	0.28177654286204	3.55616621919416	0.000376306043273917	0.0026720700369585	LMAN1	protein_coding
ENSG00000185880	147.174031247149	-2.22485756770278	0.625781714740499	-3.55532530800359	0.000377511708027236	0.00267938671881169	TRIM69	protein_coding
ENSG00000007174	20.7103426158721	-1.35136144331518	0.380397352147309	-3.5524996051809	0.000381589591273198	0.00269581408104651	DNAH9	protein_coding
ENSG00000185634	29.2696542687272	-1.72912788946218	0.487001337835233	-3.55056086118433	0.000384411243432534	0.0027132405769144	SHC4	protein_coding
ENSG00000167034	11.3807933408422	1.45137789876292	0.409052998495544	3.5481414489099	0.000387959813033523	0.00273449959504679	NKX3-1	protein_coding
ENSG00000106689	98.5269021387516	1.79638413768006	0.506901931576288	3.54384946234854	0.000394330329969764	0.00277428535875645	LHX2	protein_coding
ENSG00000078018	3163.63336177303	-1.74407745797485	0.4922866402585	-3.54280883401392	0.000395889569809316	0.00278295069873399	MAP2	protein_coding
ENSG00000143632	84.9228072637484	1.96806620831915	0.555513946037183	3.54278451937806	0.000395926070757877	0.00278295069873399	ACTA1	protein_coding
ENSG00000205002	15.6597730662916	-1.0947649098587	0.30920994730274	-3.54052293404015	0.000399334927165633	0.00280433273610849	AARD	protein_coding
ENSG00000185559	1706.89852118225	2.46548882996876	0.697154564499397	3.53650245658097	0.000405462730291579	0.00283564236994403	DLK1	protein_coding
ENSG00000147119	47.244840850247	1.22403867866813	0.347694453097211	3.52044350366987	0.000430825762273278	0.00298435172344082	CHST7	protein_coding
ENSG00000095203	53.9676185938623	1.08477746168863	0.308609639135833	3.51504724455859	0.000439675761971984	0.00303669583783919	EPB41L4B	protein_coding
ENSG00000167550	12.6616482164628	1.7672191714192	0.502992336427097	3.51341172307372	0.000442391387878705	0.00305202145211626	RHEBL1	protein_coding
ENSG00000104059	103.909237560115	1.02057119335732	0.290906671369051	3.50824265581246	0.000451077409444585	0.00310214639477679	FAM189A1	protein_coding
ENSG00000134259	69.7957250550945	2.58331265718518	0.736486777814603	3.50761579841354	0.000452141525204678	0.00310806638369115	NGF	protein_coding
ENSG00000116717	655.573040751954	1.36842173097273	0.390381727575222	3.5053426795163	0.000456019918169587	0.00312489130837142	GADD45A	protein_coding
ENSG00000157510	93.3786661336055	2.51305246051048	0.717287614706993	3.50354921649811	0.00045910180844607	0.00314460055892631	AFAP1L1	protein_coding
ENSG00000101608	1331.94876472622	1.05125250532232	0.300490889109039	3.49845051355568	0.000467969923580214	0.00319674896858549	MYL12A	protein_coding
ENSG00000214960	76.7099348076419	-1.74294734223302	0.49973176413312	-3.4877657722168	0.000487074571309902	0.00330803911425402	ISPD	protein_coding
ENSG00000093010	74.7459448857289	1.33045878575276	0.381806985886917	3.48463709395515	0.000492804934393829	0.00334102077029395	COMT	protein_coding
ENSG00000134245	3471.17769635357	-2.21173445534709	0.636606729393074	-3.47425553835365	0.000512272917028155	0.00345309892218978	WNT2B	protein_coding
ENSG00000133816	139.74906924391	2.84475107516685	0.818872888159345	3.47398371139293	0.000512792162149151	0.00345507561698379	MICAL2	protein_coding
ENSG00000172748	53.7850492853944	-1.00757436130195	0.290058794729994	-3.47369009183076	0.000513353586747896	0.00345733464061754	ZNF596	protein_coding
ENSG00000136869	37.7617302850368	2.99164699377093	0.861706818925378	3.47176896836185	0.000517041093628121	0.00347757335652737	TLR4	protein_coding
ENSG00000078549	50.1554480161664	1.79975505990356	0.520966928927006	3.45464358670592	0.000551020718424342	0.00367925275420232	ADCYAP1R1	protein_coding
ENSG00000112715	602.439097881957	1.22136418205749	0.353677439556996	3.45332793515847	0.00055371542120429	0.00368589985441992	VEGFA	protein_coding
ENSG00000276547	10.8717175074439	1.40043784813711	0.406538440392011	3.44478580374028	0.000571512084178136	0.00377485934437575	PCDHGB5	protein_coding
ENSG00000116183	18.5689204376972	1.36591813930531	0.396770420609474	3.44259064777849	0.000576170730447017	0.00380004233264624	PAPPA2	protein_coding
ENSG00000183273	19.9052959258315	-1.45549669288388	0.42325944299776	-3.43878138329351	0.00058433891334317	0.00384396441789603	CCDC60	protein_coding
ENSG00000137393	30.5594311841954	2.06999769839912	0.602372434815171	3.43640840576357	0.000589481636021666	0.00387446055524472	RNF144B	protein_coding
ENSG00000112964	35.314514599285	-1.30727242813002	0.380818653481291	-3.43279515375485	0.000597393261892828	0.00392140325797233	GHR	protein_coding
ENSG00000244405	392.717930909709	1.44437629457933	0.421106208727621	3.429957252218	0.000603676346895034	0.00395406508373151	ETV5	protein_coding
ENSG00000189120	170.165104523252	2.22187691710135	0.648575974100545	3.42577740438611	0.000613042564874053	0.00400179108957921	SP6	protein_coding
ENSG00000105835	826.058174936331	1.3926807026542	0.406600929126758	3.42517835767175	0.000614395936572903	0.0040075475535499	NAMPT	protein_coding
ENSG00000186564	82.7680262170047	3.76531832701726	1.09958884594435	3.42429658222254	0.000616393110324124	0.00401851508342653	FOXD2	protein_coding
ENSG00000130513	445.987144632104	2.83365513931189	0.827798757558123	3.42312079287329	0.000619065608453589	0.00403249894420046	GDF15	protein_coding
ENSG00000142408	22.8430876713849	1.50857955238776	0.440974881345954	3.42101016679961	0.000623889999221411	0.00405555335711017	CACNG8	protein_coding
ENSG00000204516	61.2993516903044	1.59094646390211	0.465054108533093	3.42099216996574	0.000623931285709257	0.00405555335711017	MICB	protein_coding
ENSG00000181218	21.1679597324363	-1.05157468783474	0.307949687541187	-3.41476134050014	0.000638379197814452	0.00413014861455241	HIST3H2A	protein_coding
ENSG00000130518	33.1930406525168	-1.5854539773903	0.46479685999923	-3.41106860617116	0.000647088074924086	0.0041816419473089	IQCN	protein_coding
ENSG00000185022	278.434141716076	1.90190263127481	0.557715285424502	3.41016766256852	0.00064922954734408	0.00418984681991736	MAFF	protein_coding
ENSG00000164675	15.0423449728974	-1.07582279645516	0.315768810084083	-3.4069951245935	0.000656823002493254	0.00423221064737719	IQUB	protein_coding
ENSG00000177839	19.293834518006	-1.04974432896253	0.308786371630555	-3.39958115191201	0.000674891491945475	0.00432791154734162	PCDHB9	protein_coding
ENSG00000054690	308.99371380295	-1.157491342159	0.340713442537947	-3.39725762956969	0.000680648531676351	0.0043593442615283	PLEKHH1	protein_coding
ENSG00000158220	11.6435990461255	1.21727719453904	0.358342348965447	3.3969671685565	0.000681371414398434	0.00436214664293269	ESYT3	protein_coding
ENSG00000204291	34.1408829987213	-1.77320247364924	0.522957353758011	-3.3907209850036	0.000697090299492657	0.00443861578452467	COL15A1	protein_coding
ENSG00000100276	10.446011095805	1.17721557632144	0.347764515852605	3.38509400085081	0.000711538830998976	0.00451369528975616	RASL10A	protein_coding
ENSG00000102271	61.8673963568985	-1.21013719256324	0.357797305264753	-3.38218643560715	0.000719113223033482	0.004552299359725	KLHL4	protein_coding
ENSG00000188738	145.946304810897	-1.29739600021862	0.38404717957788	-3.37822035731295	0.000729565930473094	0.00460512136460473	FSIP2	protein_coding
ENSG00000101255	223.339391134081	2.42794822856302	0.7194791600891	3.37459145899701	0.000739253468427898	0.00465473930202871	TRIB3	protein_coding
ENSG00000168528	354.233837311541	1.0164105309674	0.301361774928771	3.37272545998122	0.000744281237226279	0.00468061355603264	SERINC2	protein_coding
ENSG00000100065	174.923632733243	1.26949983370265	0.376812810871345	3.36904637283178	0.000754287373221365	0.00473186104300707	CARD10	protein_coding
ENSG00000135636	110.758936405848	2.51284420629952	0.746437952362381	3.36644753706144	0.000761430643005412	0.0047668925758668	DYSF	protein_coding
ENSG00000162814	28.5309822327445	-1.00527307742219	0.299416566855913	-3.35743973013342	0.000786678919552361	0.00489090985039304	SPATA17	protein_coding
ENSG00000133937	16.4151544237155	1.09990233175549	0.327788943723746	3.35551992468197	0.000792159499583771	0.00491945125555179	GSC	protein_coding
ENSG00000198431	4029.48643813328	1.42191898450602	0.424317992588263	3.35106926725537	0.000805001638665869	0.00498187385023603	TXNRD1	protein_coding
ENSG00000148057	21.5277301042462	-1.2150837004956	0.363884209276987	-3.33920425651304	0.000840187611861945	0.00515854948198611	IDNK	protein_coding
ENSG00000106617	287.714533498167	1.43046170383805	0.42855677208058	3.33785812529193	0.000844268457177769	0.00517944469234901	PRKAG2	protein_coding
ENSG00000197191	10.9139954835526	-1.17986470090247	0.354411715123809	-3.32907928986011	0.000871335946324903	0.00531139710821974	CYSRT1	protein_coding
ENSG00000188897	11.0977194236695	1.36030064411867	0.409191454627261	3.32436229724736	0.000886209862378191	0.00537847414689869	AC099489.1	protein_coding
ENSG00000144821	25.9062939427344	-1.37572299451078	0.416434579457866	-3.30357530899993	0.000954603257117605	0.00571192743436945	MYH15	protein_coding
ENSG00000153823	17.5849357646614	1.35927243873751	0.412039538715499	3.29888836147846	0.000970685065088819	0.00579239896626713	PID1	protein_coding
ENSG00000213889	11.3427455224507	1.33424134862967	0.404525075931982	3.29829083044041	0.000972753243782897	0.00580236113576002	PPM1N	protein_coding
ENSG00000254245	59.0369875245917	-1.40134911517318	0.425419960248902	-3.29403706011653	0.000987594764568885	0.00587484387577009	PCDHGA3	protein_coding
ENSG00000167157	103.028524106735	2.25635335386942	0.685238997958305	3.29279763789321	0.000991958423724758	0.00589382714740777	PRRX2	protein_coding
ENSG00000118160	34.7452570140441	1.20198166007925	0.365501532496533	3.28858172459415	0.00100693546073853	0.00597130695258755	SLC8A2	protein_coding
ENSG00000110660	216.203773913032	1.65977666052438	0.504812877251513	3.28790475702827	0.0010093598033329	0.00597872633605322	SLC35F2	protein_coding
ENSG00000169418	29.5313677856065	1.87217660562867	0.56994520583651	3.28483613241535	0.00102041700415568	0.00603020299943258	NPR1	protein_coding
ENSG00000162783	355.430635929334	1.27470514899224	0.388373806018073	3.28216045788866	0.00103014966984868	0.00607597536753341	IER5	protein_coding
ENSG00000179059	53.9249049280428	1.63122695340492	0.497260344448275	3.28042839453609	0.00103649571608248	0.00611038085870743	ZFP42	protein_coding
ENSG00000158560	33.2424990123444	-1.40036620962655	0.427787099561853	-3.27351201347779	0.00106219875272641	0.00623853036176771	DYNC1I1	protein_coding
ENSG00000130164	1669.84522540479	1.3441929605739	0.410738267196398	3.27262655546813	0.00106553158585071	0.00625090056964145	LDLR	protein_coding
ENSG00000111199	43.4089231962432	1.38982068477111	0.424908298464619	3.27087206767469	0.00107216400986807	0.00628498595968673	TRPV4	protein_coding
ENSG00000120129	441.900754043957	1.86834918709348	0.572756774764971	3.26202896135126	0.00110617841653685	0.0064577767159183	DUSP1	protein_coding
ENSG00000165118	67.3139409528117	2.18018750506155	0.668358909540159	3.26200111039374	0.0011062871022364	0.0064577767159183	C9orf64	protein_coding
ENSG00000180155	67.3675023451738	1.20159103126016	0.368389271270801	3.26174274053947	0.0011072958367084	0.00646119799679315	LYNX1	protein_coding
ENSG00000114757	19.0933224634559	-1.11365653099884	0.342055295069378	-3.25577924695758	0.0011308163525332	0.00658086044824042	PEX5L	protein_coding
ENSG00000089327	229.710767445021	1.89557513449363	0.58292077785018	3.25185721031345	0.00114653605106754	0.00666726631750497	FXYD5	protein_coding
ENSG00000103335	579.391994924896	1.71950373762299	0.529825438946683	3.24541558638905	0.0011727932944684	0.00679668835702534	PIEZO1	protein_coding
ENSG00000102362	24.3962278281274	1.20477619681954	0.371690720310515	3.24134053121652	0.00118968975531715	0.00687116621809166	SYTL4	protein_coding
ENSG00000186480	580.212322571506	1.30161663121224	0.401551725612264	3.24146690996686	0.00118916238750236	0.00687116621809166	INSIG1	protein_coding
ENSG00000135111	138.929397985853	4.44319464088393	1.37132852310165	3.24006579461672	0.00119502121809823	0.00689414504991914	TBX3	protein_coding
ENSG00000115902	213.28652761625	1.19453474568908	0.368706178756691	3.2398012686339	0.00119613033432995	0.00689794060778432	SLC1A4	protein_coding
ENSG00000010319	29.9435950618309	-1.50368288454774	0.464280534436826	-3.23873773078105	0.00120059918777441	0.00691588560011121	SEMA3G	protein_coding
ENSG00000141682	93.3806468244232	1.84040917366359	0.568568262234194	3.23691858288342	0.00120827879075623	0.00695488183474447	PMAIP1	protein_coding
ENSG00000065833	114.559797098754	1.34596778807273	0.416259844547132	3.23347977400288	0.00122291995286489	0.00702065348832085	ME1	protein_coding
ENSG00000173376	48.7264019023567	2.1454606983979	0.663615382297866	3.23298819712245	0.00122502623861263	0.00703010553149771	NDNF	protein_coding
ENSG00000156687	1231.13471569858	-1.82125207083321	0.563402127604565	-3.23259707693452	0.00122670448509755	0.00703445542692098	UNC5D	protein_coding
ENSG00000221963	62.2938291855764	3.03032498843386	0.937402906633804	3.23268145104831	0.00122634226708707	0.00703445542692098	APOL6	protein_coding
ENSG00000146250	88.7960973182691	-1.84082769380478	0.570173190536984	-3.22854130000589	0.00124423291309992	0.00711093070067074	PRSS35	protein_coding
ENSG00000161921	14.0105734790967	1.79915706582924	0.557825612453727	3.22530379685369	0.00125839057381872	0.00716776270213882	CXCL16	protein_coding
ENSG00000183160	78.0460088536189	2.85605241882485	0.885886524462094	3.22394837257405	0.00126436192051646	0.00719641289681891	TMEM119	protein_coding
ENSG00000125084	95.9736144747075	-1.86156817493855	0.577675856199477	-3.22251337832567	0.00127071231500281	0.00722180292630592	WNT1	protein_coding
ENSG00000101384	1958.62417805943	1.23038657304062	0.383538466696554	3.20798741163574	0.00133667349080287	0.00755455243156905	JAG1	protein_coding
ENSG00000134996	95.5734703562933	1.23942234457996	0.386598451031887	3.20596821138771	0.00134608858039618	0.00759933612152762	OSTF1	protein_coding
ENSG00000141526	589.192014254359	2.13218817096194	0.665345846475788	3.20463136916799	0.00135235560391859	0.00762345592651451	SLC16A3	protein_coding
ENSG00000159216	94.4693726075826	2.56745414585318	0.801535903909065	3.20316798453043	0.00135924670017721	0.00765549930603967	RUNX1	protein_coding
ENSG00000214562	13.0700545675112	-1.02074992229327	0.318730539970671	-3.2025482163937	0.00136217494798044	0.00766467817619614	NUTM2D	protein_coding
ENSG00000130054	94.7108160746034	1.32028493214755	0.412922630646487	3.19741480402869	0.0013866536603072	0.00776810595777813	FAM155B	protein_coding
ENSG00000162542	10.6693732445818	1.32101221905174	0.414334697441553	3.18827321778448	0.00143125230282408	0.00797702705270672	TMCO4	protein_coding
ENSG00000112280	315.402561004571	-1.21970021975641	0.382601926016033	-3.18790925193957	0.00143305503946717	0.0079841637913171	COL9A1	protein_coding
ENSG00000198157	125.644888347191	-1.12644601362036	0.353751735916706	-3.18428405927482	0.00145112535242674	0.0080701361905784	HMGN5	protein_coding
ENSG00000165985	9.89826476622613	-1.18164792966877	0.371419398922292	-3.181438376933	0.0014654569557023	0.00813799707184046	C1QL3	protein_coding
ENSG00000213967	60.7114747478138	-1.04712356755066	0.329412358131121	-3.1787622464785	0.00147905355269533	0.00820753927898591	ZNF726	protein_coding
ENSG00000131981	107.839339679043	1.65456810915779	0.521733808480382	3.1712878909974	0.00151764655075947	0.00838095580072665	LGALS3	protein_coding
ENSG00000156966	15.8573490333048	1.04014876780498	0.328017664591124	3.17101449125167	0.00151907564912438	0.00838095580072665	B3GNT7	protein_coding
ENSG00000110876	10.8034543833296	-1.45438347097881	0.458677488394429	-3.1708193835058	0.00152009626219738	0.00838329773456017	SELPLG	protein_coding
ENSG00000172361	13.6525991542972	-1.02111492896995	0.32204498881894	-3.17072137254725	0.0015206091980682	0.00838329773456017	CFAP53	protein_coding
ENSG00000185737	19.1573940457105	1.19510452221928	0.377163225482813	3.16866661825103	0.00153139943548607	0.00842870166250877	NRG3	protein_coding
ENSG00000186976	19.1617635192284	-1.2104880393581	0.382022450677865	-3.16863063207462	0.00153158903836011	0.00842870166250877	EFCAB6	protein_coding
ENSG00000221968	159.348356544389	1.37963715560014	0.4356430729648	3.16689795205721	0.00154074375388354	0.0084699354582422	FADS3	protein_coding
ENSG00000078081	23.8894362979498	1.61260091690247	0.509522960628491	3.16492296031831	0.00155124018284078	0.00851233306362878	LAMP3	protein_coding
ENSG00000149218	570.664479738461	1.07517011259557	0.339738656327377	3.16469760673781	0.00155244203909331	0.00851587150830947	ENDOD1	protein_coding
ENSG00000173846	113.106467851467	1.01813446209733	0.322680494528184	3.15524018142474	0.00160366028773077	0.00874973536003853	PLK3	protein_coding
ENSG00000102904	22.8027780286366	-1.15362159815171	0.366074728755371	-3.15132815115084	0.00162529773759208	0.00885199565810748	TSNAXIP1	protein_coding
ENSG00000137507	164.521457079789	2.42768382963601	0.770859055501681	3.14932258019082	0.0016364944394233	0.00890029419776	LRRC32	protein_coding
ENSG00000166682	15.489941653517	-1.34590817359629	0.428360305492892	-3.14200021882893	0.00167797910457778	0.00910647658884813	TMPRSS5	protein_coding
ENSG00000188643	146.897049646627	1.07930422579819	0.34372816022478	3.13999360742623	0.0016895152136993	0.00915317179559355	S100A16	protein_coding
ENSG00000213694	458.091681387779	1.0528349257806	0.335321735692554	3.1397753670997	0.00169077427726035	0.00915317179559355	S1PR3	protein_coding
ENSG00000124493	23.153127696481	1.55535775283094	0.495500450595691	3.13896334697797	0.0016954665357977	0.00917207798983553	GRM4	protein_coding
ENSG00000091656	2270.68860006791	-1.41517700422735	0.451038767822331	-3.13759504767184	0.00170340035903537	0.00920610134971142	ZFHX4	protein_coding
ENSG00000176204	22.5326437113084	-1.44984653379831	0.462215645804094	-3.13673184142455	0.00170842304746571	0.00922574957800304	LRRTM4	protein_coding
ENSG00000127903	23.7618360299092	-1.53678744747781	0.490393053662411	-3.1337871448231	0.00172565985141331	0.0092934707671748	ZNF835	protein_coding
ENSG00000136997	430.45592180714	1.43891236016944	0.459853421868635	3.12906741961897	0.00175362067201446	0.00941670278670781	MYC	protein_coding
ENSG00000183145	39.5620974642212	-1.30142725242118	0.415988290376469	-3.12851895721244	0.00175689677331736	0.00943098239834122	RIPPLY3	protein_coding
ENSG00000145506	40.3312037007139	1.96083657944525	0.62944849262739	3.11516605792555	0.00183841381631233	0.00976569507428177	NKD2	protein_coding
ENSG00000164741	1233.6704213765	1.74924617605016	0.562064620418371	3.11217983218391	0.00185711333619787	0.00984791837800659	DLC1	protein_coding
ENSG00000102359	60.3148372334467	2.20365257633886	0.708993700706561	3.10814126295165	0.00188268055418296	0.00995242749389666	SRPX2	protein_coding
ENSG00000109854	83.8662164775643	1.39199131208961	0.447945356800841	3.10750249099801	0.00188675395362947	0.00996875075309006	HTATIP2	protein_coding
ENSG00000166825	30.1086198090762	2.00060476296015	0.645192546842017	3.10078715687648	0.00193006969863423	0.0101642802455116	ANPEP	protein_coding
ENSG00000167785	163.725287683883	1.61199735093353	0.520992806148606	3.09408754191844	0.00197419224856472	0.0103538425715463	ZNF558	protein_coding
ENSG00000196371	97.2015472984425	1.059247057676	0.342526521041266	3.09245267915588	0.00198509880106831	0.0103940437627835	FUT4	protein_coding
ENSG00000012211	85.9149444210167	1.05288319932644	0.340927424024464	3.08829130522186	0.00201311032131943	0.0105218566127629	PRICKLE3	protein_coding
ENSG00000175592	198.158854922993	2.53737876065734	0.822706217527038	3.08418571125476	0.0020411014121446	0.0106520602242495	FOSL1	protein_coding
ENSG00000203685	12.1666779833069	-1.12687302239301	0.365620765200399	-3.08208157098343	0.00205558499704728	0.010721864017352	STUM	protein_coding
ENSG00000004399	1653.44676541833	1.37194723881347	0.445243610769785	3.0813406540332	0.00206070741043243	0.0107449164020092	PLXND1	protein_coding
ENSG00000154914	17.3374419952105	1.35480066361382	0.439784529421413	3.08060100567025	0.00206583273114841	0.0107578190678207	USP43	protein_coding
ENSG00000116096	27.5302334379803	1.05188260500266	0.341487415926907	3.08029683069728	0.00206794387311215	0.0107606282954862	SPR	protein_coding
ENSG00000101331	13.3540420999445	1.20628924140558	0.392499721119455	3.07335056943505	0.0021166966654544	0.0109695113971074	CCM2L	protein_coding
ENSG00000107249	465.639721390851	-1.58381841979506	0.515481258556979	-3.07250437043773	0.00212270724897158	0.0109932074601211	GLIS3	protein_coding
ENSG00000134548	140.618792222565	2.10312623370325	0.684531807262887	3.07235721026994	0.0021237541294243	0.0109949045481336	SPX	protein_coding
ENSG00000154102	19.0398035531106	2.27838726722312	0.742815619851162	3.06723122984361	0.0021605165697762	0.0111638757348769	C16orf74	protein_coding
ENSG00000065054	148.327898212779	1.30357051180532	0.425317098549171	3.06493793983834	0.00217715168600729	0.0112300774128128	SLC9A3R2	protein_coding
ENSG00000183023	76.1139284938974	1.84013041331497	0.600416534260598	3.06475639545978	0.00217847357889089	0.0112325477484263	SLC8A1	protein_coding
ENSG00000118557	37.1203690904759	-1.05041754299165	0.343670190606319	-3.05646975415136	0.00223960074638068	0.0114742011429852	PMFBP1	protein_coding
ENSG00000111077	195.383740428971	1.2823460625078	0.419599255916929	3.05612091638616	0.00224220812422612	0.0114837111568405	TNS2	protein_coding
ENSG00000170545	70.4225836674323	1.14640850661861	0.375543934790471	3.05266148755199	0.00226821650363453	0.0115974896011922	SMAGP	protein_coding
ENSG00000165194	99.9852840678994	1.40247831581888	0.459849292798915	3.04986511403022	0.00228944164039455	0.011694281255714	PCDH19	protein_coding
ENSG00000130052	102.654903316195	1.63368561329	0.53572525824672	3.04948401842504	0.00229234829120326	0.0117052173266251	STARD8	protein_coding
ENSG00000134115	110.081508071668	-1.54318944198369	0.50634433333716	-3.04770753888565	0.00230594231847618	0.0117550003884174	CNTN6	protein_coding
ENSG00000163191	997.536340250242	1.90923711740119	0.626571184751559	3.04711924816367	0.00231046030223012	0.0117701823060627	S100A11	protein_coding
ENSG00000096433	279.008281691784	2.18161652953499	0.71878374082413	3.03515008148853	0.00240416019426834	0.012198739147021	ITPR3	protein_coding
ENSG00000163931	4896.37954045385	1.06686150886909	0.351747438299551	3.03303277495526	0.00242109303270696	0.0122724370968249	TKT	protein_coding
ENSG00000182809	183.372264938286	-1.3872427691586	0.457454458204771	-3.03252650461135	0.00242515799052576	0.0122789156797172	CRIP2	protein_coding
ENSG00000176273	243.914611934009	-1.07640798706793	0.355028106957899	-3.03189512596978	0.00243023622327844	0.0122943254075052	SLC35G1	protein_coding
ENSG00000134508	35.4555970718386	1.54428738673197	0.509402277751336	3.03156749425807	0.00243287522698756	0.0123036045220595	CABLES1	protein_coding
ENSG00000170542	757.028470655172	-1.3384245458179	0.441535060781073	-3.03129845102274	0.00243504427383681	0.0123105016066194	SERPINB9	protein_coding
ENSG00000157399	18.7447324963879	-1.22508135328566	0.40423496386492	-3.0306169995108	0.00244054610810073	0.0123301615666371	ARSE	protein_coding
ENSG00000196154	23.9005696607229	1.98806146015653	0.655972975706953	3.03070634581244	0.00243982410553612	0.0123301615666371	S100A4	protein_coding
ENSG00000106536	64.3991905064516	-1.3839828170674	0.456951767453519	-3.02872844716194	0.00245585321645967	0.0123952076504574	POU6F2	protein_coding
ENSG00000198286	64.2074467019763	1.83268767043007	0.606000161655061	3.02423627317983	0.00249261687496119	0.0125600286039574	CARD11	protein_coding
ENSG00000132429	20.809296580269	1.63079295148702	0.540476198537885	3.01732612074075	0.0025501529573123	0.0128025745763286	POPDC3	protein_coding
ENSG00000115107	43.236197676879	1.86489028637252	0.618940688693899	3.01303553060608	0.00258648633124623	0.0129519171412029	STEAP3	protein_coding
ENSG00000153404	1125.97176237921	-1.30477857355431	0.433041773445313	-3.01305475260133	0.00258632250627278	0.0129519171412029	PLEKHG4B	protein_coding
ENSG00000151690	28.6141541719815	1.17669857225075	0.390594903066092	3.01258045871541	0.00259036758455286	0.0129638479601612	MFSD6	protein_coding
ENSG00000170006	44.2702660110437	1.65652626647888	0.55095585820278	3.00664062613378	0.0026415184243845	0.0131886132175017	TMEM154	protein_coding
ENSG00000162722	27.0912257921589	1.89518487127412	0.630873223807703	3.00406610988422	0.0026639743238818	0.0132703940904219	TRIM58	protein_coding
ENSG00000103253	70.8429471523576	1.03366490500725	0.344187374508292	3.00320401491759	0.00267153274662387	0.0132863996845757	HAGHL	protein_coding
ENSG00000205129	10.4739748736467	-1.14135883491839	0.381146967765823	-2.9945373607685	0.00274861391841398	0.0136298441727905	C4orf47	protein_coding
ENSG00000126778	295.275385680545	2.85154754666857	0.956409471186172	2.9815132875378	0.00286827599282374	0.0140861559197846	SIX1	protein_coding
ENSG00000205085	26.5067743689438	-1.68939069474717	0.567771001795374	-2.97547900369176	0.00292531374712744	0.0143202678725854	FAM71F2	protein_coding
ENSG00000169436	90.9974011632749	-1.41060628741369	0.474188913642486	-2.97477702837485	0.00293201579877098	0.0143393018335287	COL22A1	protein_coding
ENSG00000148704	36.0285778574154	-1.18954159322457	0.399979830416353	-2.97400394411473	0.00293941296886331	0.0143708811857954	VAX1	protein_coding
ENSG00000160460	22.8350801058587	-1.1005450587735	0.371554459343116	-2.96200201908272	0.00305645779627514	0.0148104997747874	SPTBN4	protein_coding
ENSG00000130066	929.089283186356	2.03981806939771	0.691191082936423	2.95116375160953	0.00316579030670189	0.0152466800670844	SAT1	protein_coding
ENSG00000023909	232.902997554595	1.19086484388555	0.406078297705683	2.93259908400392	0.00336137644549029	0.0160089480058117	GCLM	protein_coding
ENSG00000206538	299.323020245384	1.81871340660974	0.621179878636879	2.92783695859682	0.00341328981462291	0.0162208189884846	VGLL3	protein_coding
ENSG00000227051	474.539672144007	-1.1585311777182	0.396146812871772	-2.92449955439425	0.00345010573694272	0.0163601788171155	C14orf132	protein_coding
ENSG00000132692	13.4896950221277	-1.16832562084488	0.400195494451062	-2.91938724209638	0.00350720249451127	0.0165743776618511	BCAN	protein_coding
ENSG00000128016	208.08808023056	1.73931212109888	0.595822150624814	2.91918002591031	0.00350953481296732	0.0165802744810397	ZFP36	protein_coding
ENSG00000100234	1836.57125288577	1.73172975562657	0.595177583023393	2.90960178108473	0.00361889531303839	0.0169971341154319	TIMP3	protein_coding
ENSG00000243232	53.7053567697356	1.02702942886291	0.353051846317952	2.90900455435654	0.00362581577910436	0.017020291814377	PCDHAC2	protein_coding
ENSG00000180801	35.0711869783128	2.37775813812434	0.817448517105676	2.90875582788164	0.00362870148769479	0.0170268000408122	ARSJ	protein_coding
ENSG00000181322	10.1027615274182	-1.22267892291856	0.420416243163731	-2.90825804854164	0.00363448296538651	0.0170389376187762	NME9	protein_coding
ENSG00000151012	750.648371310567	1.58287907895203	0.544423483229511	2.90744085755159	0.00364399242898963	0.0170678174799	SLC7A11	protein_coding
ENSG00000015475	145.541043969511	1.20653484401887	0.415451539640705	2.90415302122197	0.00368248129675088	0.0172006642422021	BID	protein_coding
ENSG00000011422	193.758324557615	1.88362420708922	0.648806910637076	2.903212305861	0.00369356153323286	0.0172418835786455	PLAUR	protein_coding
ENSG00000198001	76.635030962907	-3.10927358294016	1.07393190005982	-2.89522415971344	0.00378887862544592	0.017595497091682	IRAK4	protein_coding
ENSG00000183439	11.6393044108321	-2.59919363668299	0.899002373474768	-2.89119774693892	0.0038377655487761	0.0177552947491767	TRIM61	protein_coding
ENSG00000102554	45.3126732307714	1.33588237999157	0.462563664711676	2.88799679245072	0.00387703826038061	0.0179014550378607	KLF5	protein_coding
ENSG00000120708	509.374887332927	2.36931771578548	0.820509034878955	2.88761928884185	0.00388169386216646	0.0179042802813033	TGFBI	protein_coding
ENSG00000198003	8.27942324782327	-1.07594314593929	0.372612007304048	-2.88756971017665	0.00388230567324179	0.0179042802813033	CCDC151	protein_coding
ENSG00000108439	78.4028503242541	-1.10549680258636	0.383245599899115	-2.8845648922711	0.00391954969413803	0.0180544615544634	PNPO	protein_coding
ENSG00000105971	83.0344317282336	2.60268347604308	0.902914769132598	2.88253505759286	0.00394489235823959	0.0181655163773394	CAV2	protein_coding
ENSG00000113319	41.2840359833999	-1.33549435042463	0.46380945025458	-2.87940306022569	0.00398428765699798	0.018319335248176	RASGRF2	protein_coding
ENSG00000066032	278.298083928786	-1.43889825839662	0.49984965268094	-2.8786621150562	0.00399365960639272	0.018356905611104	CTNNA2	protein_coding
ENSG00000198785	12.609422217629	-1.16517979835006	0.405216388188772	-2.87545082655259	0.00403450983202892	0.0185112804057797	GRIN3A	protein_coding
ENSG00000221818	109.115830958843	2.81649827417868	0.982840569110118	2.86567156739245	0.00416125717936912	0.0189902387337896	EBF2	protein_coding
ENSG00000198873	427.18676322766	1.16529728094122	0.407286151776681	2.86112669399122	0.00422138320004458	0.0191901594892303	GRK5	protein_coding
ENSG00000162733	329.672748852654	1.90522958299445	0.666452909970137	2.85876099345087	0.00425299088846668	0.0193051439141563	DDR2	protein_coding
ENSG00000183696	333.28393415494	1.2633742230758	0.444867414261437	2.83988933011251	0.00451291874583155	0.02028623986659	UPP1	protein_coding
ENSG00000114115	268.715975549649	-1.04332537809322	0.367466670340656	-2.83923811954432	0.00452213972047634	0.0203217142994246	RBP1	protein_coding
ENSG00000150938	1770.31145255773	1.4717133075211	0.52056222384394	2.82716117326698	0.00469626845529561	0.0209747450027927	CRIM1	protein_coding
ENSG00000164627	19.8210014661115	-1.00109634667711	0.354182342168116	-2.82649987729183	0.00470597620857894	0.020999697687319	KIF6	protein_coding
ENSG00000020181	302.901623946616	1.9876494774967	0.703833577197446	2.82403332533695	0.00474234537057675	0.021149642947893	ADGRA2	protein_coding
ENSG00000138080	452.420299808919	1.8099024161005	0.641379438807086	2.82189029861446	0.00477415050542815	0.0212604756559818	EMILIN1	protein_coding
ENSG00000184470	63.8268270655114	1.32773722467064	0.471721292842091	2.8146646013605	0.00488281649613797	0.0216812368843907	TXNRD2	protein_coding
ENSG00000136068	5258.72346659543	1.09633845042816	0.389638830285032	2.81372996019457	0.00489703463320031	0.0217317461458248	FLNB	protein_coding
ENSG00000198363	1883.1232463653	1.09667809349026	0.389999613066674	2.81199790139991	0.0049234824548985	0.0218364374152852	ASPH	protein_coding
ENSG00000135502	10.9635158374725	-1.12816455203157	0.401816863911878	-2.80765854635454	0.00499031082832774	0.0220751944280887	SLC26A10	protein_coding
ENSG00000150672	56.5190457628461	-1.26701809196118	0.451341089368011	-2.80722965802941	0.00499696027788103	0.0220918243864214	DLG2	protein_coding
ENSG00000111834	26.3411139036383	-1.90461339530797	0.68035638437247	-2.79943488303516	0.00511921405405931	0.022521595527614	RSPH4A	protein_coding
ENSG00000198225	11.1211294219391	1.09981458043243	0.393428317451614	2.79546370112947	0.00518253213328995	0.0227199806831417	FKBP1C	protein_coding
ENSG00000164211	727.907470205054	1.02798792638896	0.368167898355014	2.79217153636166	0.00523555927492421	0.0229016395407844	STARD4	protein_coding
ENSG00000175197	114.430262947028	1.76468157360447	0.632762534986042	2.7888528097565	0.00528950989060275	0.0230716197453737	DDIT3	protein_coding
ENSG00000184922	39.2686412798442	1.19837294918094	0.430224418115635	2.78546009645331	0.00534518185071405	0.0232812365053323	FMNL1	protein_coding
ENSG00000130055	45.994357910619	-1.85479851846207	0.666425731450461	-2.78320363534754	0.00538250116839041	0.0234052336551112	GDPD2	protein_coding
ENSG00000139209	30.1594233115307	1.53901643719098	0.553466981660309	2.7806833798363	0.0054244613520238	0.0235393599630258	SLC38A4	protein_coding
ENSG00000171873	10.2557388367765	1.50588551413383	0.541706598755703	2.77989139802402	0.00543770804941632	0.0235834555062345	ADRA1D	protein_coding
ENSG00000271303	63.6870623075065	1.66932502403027	0.60057117681707	2.77956233743588	0.00544322050310952	0.0236006679102491	SRXN1	protein_coding
ENSG00000111252	314.45519740631	1.04757561828119	0.377061568913806	2.77826144228625	0.00546506264807368	0.0236752274762682	SH2B3	protein_coding
ENSG00000139899	13.5343453011196	-1.3255522692212	0.477882297770776	-2.77380492101222	0.00554048908541878	0.0239138896493174	CBLN3	protein_coding
ENSG00000153993	55.0514133067071	-1.66755194260294	0.60159567825838	-2.77188151921322	0.00557333182109588	0.0240081986139515	SEMA3D	protein_coding
ENSG00000156711	46.7747410016735	1.1931010131331	0.431771520951893	2.76326935714233	0.00572255201135262	0.0245403576857107	MAPK13	protein_coding
ENSG00000154678	149.749191547289	1.35609889660816	0.491213263752902	2.76071310910352	0.00576753158729307	0.0246959644590548	PDE1C	protein_coding
ENSG00000139629	22.6543362158295	2.67267890735377	0.968365141207058	2.75999082744996	0.00578029844359784	0.0247255743160951	GALNT6	protein_coding
ENSG00000266094	14.9594080729742	1.32708824650522	0.48262779232949	2.74971368743558	0.00596473572294535	0.0253559461545321	RASSF5	protein_coding
ENSG00000182674	6.63421665186267	-1.38789153256835	0.505380995358026	-2.74622818292786	0.00602848181694246	0.0255725388505595	KCNB2	protein_coding
ENSG00000166546	45.8129457559394	1.94262649838499	0.707781073785263	2.74467143914386	0.00605715073598773	0.0256656653136864	BEAN1	protein_coding
ENSG00000158258	1678.94194973673	1.30918473234343	0.47718410518213	2.74356316173554	0.00607763549827637	0.0257239455973558	CLSTN2	protein_coding
ENSG00000129667	124.574936198362	1.79172232301719	0.655645430099483	2.73276109427824	0.00628058702044072	0.0263929671161346	RHBDF2	protein_coding
ENSG00000109107	72.5172520030234	1.28088091061185	0.468791811721559	2.73230222581754	0.00628934186891715	0.0264224947765885	ALDOC	protein_coding
ENSG00000107562	50.1339519180245	2.22028322316926	0.813934192231735	2.72784119939898	0.00637502897649622	0.0266944516550737	CXCL12	protein_coding
ENSG00000134107	138.274258584483	1.96957985642739	0.723185162403276	2.72347935054712	0.00645982537503269	0.0269535508552128	BHLHE40	protein_coding
ENSG00000105605	53.9077305505611	1.37406733742335	0.505193117102336	2.7198853090174	0.00653045624965011	0.027174092309377	CACNG7	protein_coding
ENSG00000150630	26.8142706688544	1.84747092872589	0.679816796068432	2.71760118227488	0.00657570462110797	0.0273177641976899	VEGFC	protein_coding
ENSG00000176678	60.9127277328593	1.81125681845382	0.667086728360516	2.71517441653397	0.00662408738116999	0.0274752355059473	FOXL1	protein_coding
ENSG00000125895	17.9432904255806	1.02588631730638	0.378999344204303	2.70682873992882	0.00679292901666033	0.0279995413337027	TMEM74B	protein_coding
ENSG00000137819	16.1849903907776	1.1406227647236	0.423458111490605	2.69359054360423	0.00706869431097939	0.028933386513053	PAQR5	protein_coding
ENSG00000023839	80.9830879279526	-2.10213445844231	0.781199313968632	-2.69090668777356	0.00712581229368154	0.0291126184783013	ABCC2	protein_coding
ENSG00000174749	40.3638178325355	1.98350724465143	0.738556690303174	2.68565334346536	0.00723881494147896	0.0294797556806954	FAM241A	protein_coding
ENSG00000134802	99.5464802567767	1.11561035972999	0.417095580238725	2.67471153516291	0.00747935746660667	0.0302338490083244	SLC43A3	protein_coding
ENSG00000196074	28.0513650312822	-1.16588189715804	0.436371549743366	-2.67176422900096	0.00754536423918121	0.0304362872001589	SYCP2	protein_coding
ENSG00000113594	284.824031921993	1.16000608804314	0.434846559082044	2.66762163300061	0.00763902326282536	0.0307329967479143	LIFR	protein_coding
ENSG00000126803	119.916687446293	1.27980683280341	0.480071676821489	2.66586614998179	0.00767902597527792	0.0308562585556693	HSPA2	protein_coding
ENSG00000120875	368.581880258978	1.23770944440441	0.464441894106575	2.664939274665	0.00770022260325021	0.030906012905878	DUSP4	protein_coding
ENSG00000166106	432.304414458737	-1.52592076636524	0.573845385780986	-2.65911481415593	0.00783462589441339	0.031297559622104	ADAMTS15	protein_coding
ENSG00000068831	25.3314015583584	1.14124791887921	0.429615344483036	2.65644124106529	0.00789702116772358	0.0314974327190603	RASGRP2	protein_coding
ENSG00000112902	471.716028655047	1.47617345184893	0.556333823782902	2.65339511772158	0.00796865308470369	0.0317169404735616	SEMA5A	protein_coding
ENSG00000076706	1489.08955236652	1.58962213101524	0.602976692730106	2.63629117042299	0.00838177743852047	0.0329834268932049	MCAM	protein_coding
ENSG00000041353	12.5395776249698	1.33597356037589	0.507283468351102	2.63358387120006	0.0084488965895297	0.0331877520711023	RAB27B	protein_coding
ENSG00000188763	23.8312535947223	1.10981803035352	0.421550761609382	2.63270317936681	0.00847083401709772	0.0332312318330485	FZD9	protein_coding
ENSG00000141934	22.4594194967071	1.63258981999093	0.620309125233999	2.63189715188386	0.00849095623487694	0.0332674881903636	PLPP2	protein_coding
ENSG00000170345	68.2167314123043	1.05157736368409	0.399596783321588	2.63159616787456	0.00849848115779358	0.0332884396465151	FOS	protein_coding
ENSG00000111186	193.416280738328	1.20582091724658	0.459242795339155	2.62567193102304	0.00864781225398272	0.0336920881087889	WNT5B	protein_coding
ENSG00000105329	346.103294910122	1.51718860704743	0.578263915667673	2.62369580037804	0.00869814334008319	0.0338536699040712	TGFB1	protein_coding
ENSG00000113070	388.161606551623	1.96319877651985	0.749824014934718	2.61821272380929	0.00883916831726656	0.0343239027773358	HBEGF	protein_coding
ENSG00000110446	18.8019065940548	1.7607768219085	0.673007075706167	2.6162827783957	0.00888929049895137	0.0344922520680123	SLC15A3	protein_coding
ENSG00000128342	114.715830603552	1.44055935874124	0.550915643051088	2.61484562457351	0.00892677925421298	0.0345938152695584	LIF	protein_coding
ENSG00000124813	32.9382536116199	1.521320593291	0.582708253045143	2.61077577902975	0.00903371018450785	0.0348579912419879	RUNX2	protein_coding
ENSG00000138623	204.910675837312	1.27915892438669	0.492334015328782	2.59815264548085	0.00937268185379668	0.0358883548115475	SEMA7A	protein_coding
ENSG00000121743	11.099777363885	1.05515778473232	0.406600599466759	2.59507188655431	0.00945711369015973	0.036090952095647	GJA3	protein_coding
ENSG00000135678	15.8962078741322	1.7225203017582	0.666915259120082	2.58281734928493	0.00979971888506254	0.0371296412180511	CPM	protein_coding
ENSG00000163251	297.719081337325	1.23288331899409	0.477800196722146	2.58033238046373	0.00987052611441492	0.0373516344646474	FZD5	protein_coding
ENSG00000128594	601.97910087515	-1.46504601681123	0.570745689151465	-2.56689808553672	0.0102612766308409	0.0385346099563489	LRRC4	protein_coding
ENSG00000111249	127.497332078337	-1.74620396942046	0.683203026862359	-2.55590783524479	0.0105911166979532	0.0394622290641474	CUX2	protein_coding
ENSG00000224383	8.60247132843084	-1.09135029747822	0.427327249599826	-2.5538982091599	0.0106524393196475	0.0396496504092894	PRR29	protein_coding
ENSG00000112139	414.734160073501	-1.42090548470229	0.560590429724457	-2.53465883354573	0.0112556887343166	0.041298432341239	MDGA1	protein_coding
ENSG00000138061	844.560904818975	1.20490826519675	0.476621759352912	2.52801774478908	0.0114708554213188	0.0419135845318168	CYP1B1	protein_coding
ENSG00000100767	33.9429289079608	1.19492683273139	0.47348543620152	2.52368233818878	0.0116132816716494	0.0423723248080825	PAPLN	protein_coding
ENSG00000105974	278.22649828073	2.43230472993864	0.964478525524801	2.52188583319173	0.0116727585706657	0.0425293453356382	CAV1	protein_coding
ENSG00000100292	338.340445617718	2.08548996831216	0.8276973806865	2.51962857074942	0.011747872753812	0.0427317341566209	HMOX1	protein_coding
ENSG00000119508	17.2830088398265	1.03052500053516	0.412553630840797	2.49791766087459	0.0124925206733317	0.0448323136276748	NR4A3	protein_coding
ENSG00000092969	253.118989907939	1.85987437563169	0.744972306700346	2.49656847496722	0.0125401455018285	0.0449715562824195	TGFB2	protein_coding
ENSG00000164683	70.7449521822997	1.22845958540952	0.493957365385819	2.48697493244179	0.0128834476673435	0.0459762250089513	HEY1	protein_coding
ENSG00000184564	52.1827302032153	-1.40358851328173	0.566647440783607	-2.47700494568674	0.0132490066074702	0.0469846469531443	SLITRK6	protein_coding
ENSG00000197106	10.4958467924747	1.40366083753041	0.566864413662391	2.47618443440762	0.0132794959079784	0.0470287499214834	SLC6A17	protein_coding
ENSG00000126368	62.9853303303961	1.13843612507545	0.460255794222322	2.4734856994012	0.0133802159014008	0.047285423185533	NR1D1	protein_coding
ENSG00000173530	651.666816395454	1.18183521978489	0.478333210355443	2.47073628633623	0.0134835209877672	0.0475479543242283	TNFRSF10D	protein_coding
ENSG00000198108	48.2253360362913	1.20685225399632	0.488768972629309	2.46916707397386	0.0135427971720952	0.0476836211807904	CHSY3	protein_coding
ENSG00000111321	51.9577483185204	1.48820244767308	0.602822178145286	2.46872544114396	0.0135595210867895	0.0477315124049821	LTBR	protein_coding
ENSG00000005884	892.946957483841	1.59723985016709	0.647623384133362	2.46630972460096	0.0136513235932768	0.0479552929903527	ITGA3	protein_coding
ENSG00000105639	82.9766538601822	1.60505815109007	0.650931848436018	2.46578525070867	0.0136713271331215	0.0480145300278339	JAK3	protein_coding
ENSG00000148154	2019.84494830123	1.50752484567785	0.613392242680923	2.45768488869208	0.0139835810640699	0.048908942417639	UGCG	protein_coding
