Geneid	gene_name	stat	ENTREZID	SYMBOL	Database	Pathway_ID	Pathway	NES	p_adjust	Direction
ENSG00000065183	WDR3	10.8523932320542	10885	WDR3	GO_BP	GO:0042254	ribosome biogenesis	2.76957989271065	2.03838853633683e-28	PD_enriched
ENSG00000166197	NOLC1	10.1717473643758	9221	NOLC1	GO_BP	GO:0042254	ribosome biogenesis	2.76957989271065	2.03838853633683e-28	PD_enriched
ENSG00000261236	BOP1	8.5723101438811	23246	BOP1	GO_BP	GO:0042254	ribosome biogenesis	2.76957989271065	2.03838853633683e-28	PD_enriched
ENSG00000108651	UTP6	8.46758169497542	55813	UTP6	GO_BP	GO:0042254	ribosome biogenesis	2.76957989271065	2.03838853633683e-28	PD_enriched
ENSG00000275700	AATF	8.12348422986244	26574	AATF	GO_BP	GO:0042254	ribosome biogenesis	2.76957989271065	2.03838853633683e-28	PD_enriched
ENSG00000086189	DIMT1	8.00583305806857	27292	DIMT1	GO_BP	GO:0042254	ribosome biogenesis	2.76957989271065	2.03838853633683e-28	PD_enriched
ENSG00000115368	WDR75	7.74207739970812	84128	WDR75	GO_BP	GO:0042254	ribosome biogenesis	2.76957989271065	2.03838853633683e-28	PD_enriched
ENSG00000077348	EXOSC5	7.55407131077948	56915	EXOSC5	GO_BP	GO:0042254	ribosome biogenesis	2.76957989271065	2.03838853633683e-28	PD_enriched
ENSG00000117174	ZNHIT6	7.45787083751403	54680	ZNHIT6	GO_BP	GO:0042254	ribosome biogenesis	2.76957989271065	2.03838853633683e-28	PD_enriched
ENSG00000148843	PDCD11	7.37842030103843	22984	PDCD11	GO_BP	GO:0042254	ribosome biogenesis	2.76957989271065	2.03838853633683e-28	PD_enriched
ENSG00000114767	RRP9	7.20914680954931	9136	RRP9	GO_BP	GO:0042254	ribosome biogenesis	2.76957989271065	2.03838853633683e-28	PD_enriched
ENSG00000138442	WDR12	7.19195591986127	55759	WDR12	GO_BP	GO:0042254	ribosome biogenesis	2.76957989271065	2.03838853633683e-28	PD_enriched
ENSG00000165732	DDX21	7.18652192335069	9188	DDX21	GO_BP	GO:0042254	ribosome biogenesis	2.76957989271065	2.03838853633683e-28	PD_enriched
ENSG00000197498	RPF2	6.97531933957432	84154	RPF2	GO_BP	GO:0042254	ribosome biogenesis	2.76957989271065	2.03838853633683e-28	PD_enriched
ENSG00000134987	WDR36	6.82918335172519	134430	WDR36	GO_BP	GO:0042254	ribosome biogenesis	2.76957989271065	2.03838853633683e-28	PD_enriched
ENSG00000100138	SNU13	6.68247181347062	4809	SNU13	GO_BP	GO:0042254	ribosome biogenesis	2.76957989271065	2.03838853633683e-28	PD_enriched
ENSG00000136718	IMP4	6.55399687887228	92856	IMP4	GO_BP	GO:0042254	ribosome biogenesis	2.76957989271065	2.03838853633683e-28	PD_enriched
ENSG00000108561	C1QBP	6.43742657892867	708	C1QBP	GO_BP	GO:0042254	ribosome biogenesis	2.76957989271065	2.03838853633683e-28	PD_enriched
ENSG00000137876	RSL24D1	6.26402190556856	51187	RSL24D1	GO_BP	GO:0042254	ribosome biogenesis	2.76957989271065	2.03838853633683e-28	PD_enriched
ENSG00000163811	WDR43	6.2542793485363	23160	WDR43	GO_BP	GO:0042254	ribosome biogenesis	2.76957989271065	2.03838853633683e-28	PD_enriched
ENSG00000141456	PELP1	6.13482677127779	27043	PELP1	GO_BP	GO:0042254	ribosome biogenesis	2.76957989271065	2.03838853633683e-28	PD_enriched
ENSG00000130119	GNL3L	6.1033090637776	54552	GNL3L	GO_BP	GO:0042254	ribosome biogenesis	2.76957989271065	2.03838853633683e-28	PD_enriched
ENSG00000111845	PAK1IP1	6.05987071700376	55003	PAK1IP1	GO_BP	GO:0042254	ribosome biogenesis	2.76957989271065	2.03838853633683e-28	PD_enriched
ENSG00000142207	URB1	6.03522458488886	9875	URB1	GO_BP	GO:0042254	ribosome biogenesis	2.76957989271065	2.03838853633683e-28	PD_enriched
ENSG00000131469	RPL27	6.0282591383798	6155	RPL27	GO_BP	GO:0042254	ribosome biogenesis	2.76957989271065	2.03838853633683e-28	PD_enriched
ENSG00000082898	XPO1	6.00684802361752	7514	XPO1	GO_BP	GO:0042254	ribosome biogenesis	2.76957989271065	2.03838853633683e-28	PD_enriched
ENSG00000161970	RPL26	5.9926836022446	6154	RPL26	GO_BP	GO:0042254	ribosome biogenesis	2.76957989271065	2.03838853633683e-28	PD_enriched
ENSG00000198042	MAK16	5.91554699958831	84549	MAK16	GO_BP	GO:0042254	ribosome biogenesis	2.76957989271065	2.03838853633683e-28	PD_enriched
ENSG00000100029	PES1	5.8815587239032	23481	PES1	GO_BP	GO:0042254	ribosome biogenesis	2.76957989271065	2.03838853633683e-28	PD_enriched
ENSG00000130826	DKC1	5.87169817603959	1736	DKC1	GO_BP	GO:0042254	ribosome biogenesis	2.76957989271065	2.03838853633683e-28	PD_enriched
ENSG00000124784	RIOK1	5.84341898785887	83732	RIOK1	GO_BP	GO:0042254	ribosome biogenesis	2.76957989271065	2.03838853633683e-28	PD_enriched
ENSG00000188976	NOC2L	5.83516800192666	26155	NOC2L	GO_BP	GO:0042254	ribosome biogenesis	2.76957989271065	2.03838853633683e-28	PD_enriched
ENSG00000164934	DCAF13	5.81951108162652	25879	DCAF13	GO_BP	GO:0042254	ribosome biogenesis	2.76957989271065	2.03838853633683e-28	PD_enriched
ENSG00000143947	RPS27A	5.72693872847809	6233	RPS27A	GO_BP	GO:0042254	ribosome biogenesis	2.76957989271065	2.03838853633683e-28	PD_enriched
ENSG00000181163	NPM1	5.65166277073346	4869	NPM1	GO_BP	GO:0042254	ribosome biogenesis	2.76957989271065	2.03838853633683e-28	PD_enriched
ENSG00000134697	GNL2	5.62795304964314	29889	GNL2	GO_BP	GO:0042254	ribosome biogenesis	2.76957989271065	2.03838853633683e-28	PD_enriched
ENSG00000122034	GTF3A	5.5943233690385	2971	GTF3A	GO_BP	GO:0042254	ribosome biogenesis	2.76957989271065	2.03838853633683e-28	PD_enriched
ENSG00000115268	RPS15	5.497090115136	6209	RPS15	GO_BP	GO:0042254	ribosome biogenesis	2.76957989271065	2.03838853633683e-28	PD_enriched
ENSG00000039123	MTREX	5.49669484876156	23517	MTREX	GO_BP	GO:0042254	ribosome biogenesis	2.76957989271065	2.03838853633683e-28	PD_enriched
ENSG00000048162	NOP16	5.49453372417211	51491	NOP16	GO_BP	GO:0042254	ribosome biogenesis	2.76957989271065	2.03838853633683e-28	PD_enriched
ENSG00000198498	TMA16	5.42788958949122	55319	TMA16	GO_BP	GO:0042254	ribosome biogenesis	2.76957989271065	2.03838853633683e-28	PD_enriched
ENSG00000119285	HEATR1	5.299573918899	55127	HEATR1	GO_BP	GO:0042254	ribosome biogenesis	2.76957989271065	2.03838853633683e-28	PD_enriched
ENSG00000124787	RPP40	5.22004374487478	10799	RPP40	GO_BP	GO:0042254	ribosome biogenesis	2.76957989271065	2.03838853633683e-28	PD_enriched
ENSG00000158417	EIF5B	5.19227429606863	9669	EIF5B	GO_BP	GO:0042254	ribosome biogenesis	2.76957989271065	2.03838853633683e-28	PD_enriched
ENSG00000107937	GTPBP4	5.14103409929763	23560	GTPBP4	GO_BP	GO:0042254	ribosome biogenesis	2.76957989271065	2.03838853633683e-28	PD_enriched
ENSG00000114391	RPL24	5.06410093998618	6152	RPL24	GO_BP	GO:0042254	ribosome biogenesis	2.76957989271065	2.03838853633683e-28	PD_enriched
ENSG00000182899	RPL35A	5.06210038596187	6165	RPL35A	GO_BP	GO:0042254	ribosome biogenesis	2.76957989271065	2.03838853633683e-28	PD_enriched
ENSG00000178105	DDX10	4.99272521021547	1662	DDX10	GO_BP	GO:0042254	ribosome biogenesis	2.76957989271065	2.03838853633683e-28	PD_enriched
ENSG00000182774	RPS17	4.98049030216115	6218	RPS17	GO_BP	GO:0042254	ribosome biogenesis	2.76957989271065	2.03838853633683e-28	PD_enriched
ENSG00000088205	DDX18	4.94841698484077	8886	DDX18	GO_BP	GO:0042254	ribosome biogenesis	2.76957989271065	2.03838853633683e-28	PD_enriched
ENSG00000112578	BYSL	4.81594983157168	705	BYSL	GO_BP	GO:0042254	ribosome biogenesis	2.76957989271065	2.03838853633683e-28	PD_enriched
ENSG00000169251	NMD3	4.77521597656675	51068	NMD3	GO_BP	GO:0042254	ribosome biogenesis	2.76957989271065	2.03838853633683e-28	PD_enriched
ENSG00000136942	RPL35	4.65515105624381	11224	RPL35	GO_BP	GO:0042254	ribosome biogenesis	2.76957989271065	2.03838853633683e-28	PD_enriched
ENSG00000160208	RRP1B	4.63707114255305	23076	RRP1B	GO_BP	GO:0042254	ribosome biogenesis	2.76957989271065	2.03838853633683e-28	PD_enriched
ENSG00000146909	NOM1	4.6302888179874	64434	NOM1	GO_BP	GO:0042254	ribosome biogenesis	2.76957989271065	2.03838853633683e-28	PD_enriched
ENSG00000147604	RPL7	4.62540956383952	6129	RPL7	GO_BP	GO:0042254	ribosome biogenesis	2.76957989271065	2.03838853633683e-28	PD_enriched
ENSG00000132603	NIP7	4.62260813093055	51388	NIP7	GO_BP	GO:0042254	ribosome biogenesis	2.76957989271065	2.03838853633683e-28	PD_enriched
ENSG00000179041	RRS1	4.6070833445928	23212	RRS1	GO_BP	GO:0042254	ribosome biogenesis	2.76957989271065	2.03838853633683e-28	PD_enriched
ENSG00000145414	NAF1	4.57810539540162	92345	NAF1	GO_BP	GO:0042254	ribosome biogenesis	2.76957989271065	2.03838853633683e-28	PD_enriched
ENSG00000145220	LYAR	4.57253237433279	55646	LYAR	GO_BP	GO:0042254	ribosome biogenesis	2.76957989271065	2.03838853633683e-28	PD_enriched
ENSG00000160256	FAM207A	4.55189815155304	85395	SLX9	GO_BP	GO:0042254	ribosome biogenesis	2.76957989271065	2.03838853633683e-28	PD_enriched
ENSG00000117597	DIEXF	4.50952902507387	27042	UTP25	GO_BP	GO:0042254	ribosome biogenesis	2.76957989271065	2.03838853633683e-28	PD_enriched
ENSG00000189306	RRP7A	4.45795959135013	27341	RRP7A	GO_BP	GO:0042254	ribosome biogenesis	2.76957989271065	2.03838853633683e-28	PD_enriched
ENSG00000073536	NLE1	4.45759584710964	54475	NLE1	GO_BP	GO:0042254	ribosome biogenesis	2.76957989271065	2.03838853633683e-28	PD_enriched
ENSG00000149806	FAU	4.43981542760069	2197	FAU	GO_BP	GO:0042254	ribosome biogenesis	2.76957989271065	2.03838853633683e-28	PD_enriched
ENSG00000227057	WDR46	4.43325104043548	9277	WDR46	GO_BP	GO:0042254	ribosome biogenesis	2.76957989271065	2.03838853633683e-28	PD_enriched
ENSG00000196943	NOP9	4.39706656270495	161424	NOP9	GO_BP	GO:0042254	ribosome biogenesis	2.76957989271065	2.03838853633683e-28	PD_enriched
ENSG00000011260	UTP18	4.38487889493384	51096	UTP18	GO_BP	GO:0042254	ribosome biogenesis	2.76957989271065	2.03838853633683e-28	PD_enriched
ENSG00000146223	RPL7L1	4.28288126180649	285855	RPL7L1	GO_BP	GO:0042254	ribosome biogenesis	2.76957989271065	2.03838853633683e-28	PD_enriched
ENSG00000141101	NOB1	4.27953262398832	28987	NOB1	GO_BP	GO:0042254	ribosome biogenesis	2.76957989271065	2.03838853633683e-28	PD_enriched
ENSG00000138382	METTL5	4.26285471275173	29081	METTL5	GO_BP	GO:0042254	ribosome biogenesis	2.76957989271065	2.03838853633683e-28	PD_enriched
ENSG00000242372	EIF6	4.26101370856244	3692	EIF6	GO_BP	GO:0042254	ribosome biogenesis	2.76957989271065	2.03838853633683e-28	PD_enriched
ENSG00000171858	RPS21	4.21994868261035	6227	RPS21	GO_BP	GO:0042254	ribosome biogenesis	2.76957989271065	2.03838853633683e-28	PD_enriched
ENSG00000164587	RPS14	4.21552823045982	6208	RPS14	GO_BP	GO:0042254	ribosome biogenesis	2.76957989271065	2.03838853633683e-28	PD_enriched
ENSG00000115946	PNO1	4.20810305828852	56902	PNO1	GO_BP	GO:0042254	ribosome biogenesis	2.76957989271065	2.03838853633683e-28	PD_enriched
ENSG00000132382	MYBBP1A	4.19726160732141	10514	MYBBP1A	GO_BP	GO:0042254	ribosome biogenesis	2.76957989271065	2.03838853633683e-28	PD_enriched
ENSG00000105202	FBL	4.16067853836294	2091	FBL	GO_BP	GO:0042254	ribosome biogenesis	2.76957989271065	2.03838853633683e-28	PD_enriched
ENSG00000101361	NOP56	4.11118801935396	10528	NOP56	GO_BP	GO:0042254	ribosome biogenesis	2.76957989271065	2.03838853633683e-28	PD_enriched
ENSG00000183751	TBL3	4.08226460734967	10607	TBL3	GO_BP	GO:0042254	ribosome biogenesis	2.76957989271065	2.03838853633683e-28	PD_enriched
ENSG00000145425	RPS3A	3.91421752049514	6189	RPS3A	GO_BP	GO:0042254	ribosome biogenesis	2.76957989271065	2.03838853633683e-28	PD_enriched
ENSG00000075914	EXOSC7	3.89389392252037	23016	EXOSC7	GO_BP	GO:0042254	ribosome biogenesis	2.76957989271065	2.03838853633683e-28	PD_enriched
ENSG00000188846	RPL14	3.88516881061925	9045	RPL14	GO_BP	GO:0042254	ribosome biogenesis	2.76957989271065	2.03838853633683e-28	PD_enriched
ENSG00000151304	SRFBP1	3.8730227731204	153443	SRFBP1	GO_BP	GO:0042254	ribosome biogenesis	2.76957989271065	2.03838853633683e-28	PD_enriched
ENSG00000254858	MPV17L2	3.82598765207526	84769	MPV17L2	GO_BP	GO:0042254	ribosome biogenesis	2.76957989271065	2.03838853633683e-28	PD_enriched
ENSG00000144895	EIF2A	3.81663275449279	83939	EIF2A	GO_BP	GO:0042254	ribosome biogenesis	2.76957989271065	2.03838853633683e-28	PD_enriched
ENSG00000183520	UTP11	3.81659752730615	51118	UTP11	GO_BP	GO:0042254	ribosome biogenesis	2.76957989271065	2.03838853633683e-28	PD_enriched
ENSG00000177971	IMP3	3.78823204010389	55272	IMP3	GO_BP	GO:0042254	ribosome biogenesis	2.76957989271065	2.03838853633683e-28	PD_enriched
ENSG00000083845	RPS5	3.72429866902765	6193	RPS5	GO_BP	GO:0042254	ribosome biogenesis	2.76957989271065	2.03838853633683e-28	PD_enriched
ENSG00000178718	RPP25	3.71385695355677	54913	RPP25	GO_BP	GO:0042254	ribosome biogenesis	2.76957989271065	2.03838853633683e-28	PD_enriched
ENSG00000170515	PA2G4	3.71204919019425	5036	PA2G4	GO_BP	GO:0042254	ribosome biogenesis	2.76957989271065	2.03838853633683e-28	PD_enriched
ENSG00000145912	NHP2	3.67063062630571	55651	NHP2	GO_BP	GO:0042254	ribosome biogenesis	2.76957989271065	2.03838853633683e-28	PD_enriched
ENSG00000138326	RPS24	3.66839599628638	6229	RPS24	GO_BP	GO:0042254	ribosome biogenesis	2.76957989271065	2.03838853633683e-28	PD_enriched
ENSG00000164167	LSM6	3.64384276383066	11157	LSM6	GO_BP	GO:0042254	ribosome biogenesis	2.76957989271065	2.03838853633683e-28	PD_enriched
ENSG00000164338	UTP15	3.57725209571449	84135	UTP15	GO_BP	GO:0042254	ribosome biogenesis	2.76957989271065	2.03838853633683e-28	PD_enriched
ENSG00000171863	RPS7	3.56411820875591	6201	RPS7	GO_BP	GO:0042254	ribosome biogenesis	2.76957989271065	2.03838853633683e-28	PD_enriched
ENSG00000133316	WDR74	3.55999285957579	54663	WDR74	GO_BP	GO:0042254	ribosome biogenesis	2.76957989271065	2.03838853633683e-28	PD_enriched
ENSG00000186468	RPS23	3.53890392658381	6228	RPS23	GO_BP	GO:0042254	ribosome biogenesis	2.76957989271065	2.03838853633683e-28	PD_enriched
ENSG00000136045	PWP1	3.45418815904556	11137	PWP1	GO_BP	GO:0042254	ribosome biogenesis	2.76957989271065	2.03838853633683e-28	PD_enriched
ENSG00000278619	MRM1	3.35335496699435	79922	MRM1	GO_BP	GO:0042254	ribosome biogenesis	2.76957989271065	2.03838853633683e-28	PD_enriched
ENSG00000213553	RPLP0P6	3.3160239485359	220717	RPLP0P6	GO_BP	GO:0042254	ribosome biogenesis	2.76957989271065	2.03838853633683e-28	PD_enriched
ENSG00000113460	BRIX1	3.31094343358064	55299	BRIX1	GO_BP	GO:0042254	ribosome biogenesis	2.76957989271065	2.03838853633683e-28	PD_enriched
ENSG00000132275	RRP8	3.21488773051141	23378	RRP8	GO_BP	GO:0042254	ribosome biogenesis	2.76957989271065	2.03838853633683e-28	PD_enriched
ENSG00000112306	RPS12	3.13663136705567	6206	RPS12	GO_BP	GO:0042254	ribosome biogenesis	2.76957989271065	2.03838853633683e-28	PD_enriched
ENSG00000167721	TSR1	3.11908078086359	55720	TSR1	GO_BP	GO:0042254	ribosome biogenesis	2.76957989271065	2.03838853633683e-28	PD_enriched
ENSG00000120699	EXOSC8	3.070803678384	11340	EXOSC8	GO_BP	GO:0042254	ribosome biogenesis	2.76957989271065	2.03838853633683e-28	PD_enriched
ENSG00000130305	NSUN5	3.05850442055829	55695	NSUN5	GO_BP	GO:0042254	ribosome biogenesis	2.76957989271065	2.03838853633683e-28	PD_enriched
ENSG00000165271	NOL6	3.05202431776504	65083	NOL6	GO_BP	GO:0042254	ribosome biogenesis	2.76957989271065	2.03838853633683e-28	PD_enriched
ENSG00000110700	RPS13	3.02583697293991	6207	RPS13	GO_BP	GO:0042254	ribosome biogenesis	2.76957989271065	2.03838853633683e-28	PD_enriched
ENSG00000165733	BMS1	3.00363318550708	9790	BMS1	GO_BP	GO:0042254	ribosome biogenesis	2.76957989271065	2.03838853633683e-28	PD_enriched
ENSG00000143303	RRNAD1	3.00288779316421	51093	METTL25B	GO_BP	GO:0042254	ribosome biogenesis	2.76957989271065	2.03838853633683e-28	PD_enriched
ENSG00000141076	UTP4	2.98187084964938	84916	UTP4	GO_BP	GO:0042254	ribosome biogenesis	2.76957989271065	2.03838853633683e-28	PD_enriched
ENSG00000124383	MPHOSPH10	2.97813814602447	10199	MPHOSPH10	GO_BP	GO:0042254	ribosome biogenesis	2.76957989271065	2.03838853633683e-28	PD_enriched
ENSG00000124228	DDX27	2.93458700501263	55661	DDX27	GO_BP	GO:0042254	ribosome biogenesis	2.76957989271065	2.03838853633683e-28	PD_enriched
ENSG00000105193	RPS16	2.89427193801556	6217	RPS16	GO_BP	GO:0042254	ribosome biogenesis	2.76957989271065	2.03838853633683e-28	PD_enriched
ENSG00000089157	RPLP0	2.88770353222066	6175	RPLP0	GO_BP	GO:0042254	ribosome biogenesis	2.76957989271065	2.03838853633683e-28	PD_enriched
ENSG00000121274	PAPD5	2.86170269646387	64282	TENT4B	GO_BP	GO:0042254	ribosome biogenesis	2.76957989271065	2.03838853633683e-28	PD_enriched
ENSG00000117395	EBNA1BP2	2.84094561157788	10969	EBNA1BP2	GO_BP	GO:0042254	ribosome biogenesis	2.76957989271065	2.03838853633683e-28	PD_enriched
ENSG00000125485	DDX31	2.84094556715744	64794	DDX31	GO_BP	GO:0042254	ribosome biogenesis	2.76957989271065	2.03838853633683e-28	PD_enriched
ENSG00000225921	NOL7	2.82662189272966	51406	NOL7	GO_BP	GO:0042254	ribosome biogenesis	2.76957989271065	2.03838853633683e-28	PD_enriched
ENSG00000233927	RPS28	2.82283285353928	6234	RPS28	GO_BP	GO:0042254	ribosome biogenesis	2.76957989271065	2.03838853633683e-28	PD_enriched
ENSG00000142676	RPL11	2.81147700524007	6135	RPL11	GO_BP	GO:0042254	ribosome biogenesis	2.76957989271065	2.03838853633683e-28	PD_enriched
ENSG00000156469	MTERF3	2.80829546229187	51001	MTERF3	GO_BP	GO:0042254	ribosome biogenesis	2.76957989271065	2.03838853633683e-28	PD_enriched
ENSG00000118181	RPS25	2.75894048548326	6230	RPS25	GO_BP	GO:0042254	ribosome biogenesis	2.76957989271065	2.03838853633683e-28	PD_enriched
ENSG00000065268	WDR18	2.74825324429595	57418	WDR18	GO_BP	GO:0042254	ribosome biogenesis	2.76957989271065	2.03838853633683e-28	PD_enriched
ENSG00000067533	RRP15	2.73180029974469	51018	RRP15	GO_BP	GO:0042254	ribosome biogenesis	2.76957989271065	2.03838853633683e-28	PD_enriched
ENSG00000087269	NOP14	2.70944806550448	8602	NOP14	GO_BP	GO:0042254	ribosome biogenesis	2.76957989271065	2.03838853633683e-28	PD_enriched
ENSG00000150990	DHX37	2.70891900273841	57647	DHX37	GO_BP	GO:0042254	ribosome biogenesis	2.76957989271065	2.03838853633683e-28	PD_enriched
ENSG00000107371	EXOSC3	2.65931328869202	51010	EXOSC3	GO_BP	GO:0042254	ribosome biogenesis	2.76957989271065	2.03838853633683e-28	PD_enriched
ENSG00000122406	RPL5	2.65580101314655	6125	RPL5	GO_BP	GO:0042254	ribosome biogenesis	2.76957989271065	2.03838853633683e-28	PD_enriched
ENSG00000148303	RPL7A	2.65515936153934	6130	RPL7A	GO_BP	GO:0042254	ribosome biogenesis	2.76957989271065	2.03838853633683e-28	PD_enriched
ENSG00000123064	DDX54	2.64581367895283	79039	DDX54	GO_BP	GO:0042254	ribosome biogenesis	2.76957989271065	2.03838853633683e-28	PD_enriched
ENSG00000105372	RPS19	2.60464392046991	6223	RPS19	GO_BP	GO:0042254	ribosome biogenesis	2.76957989271065	2.03838853633683e-28	PD_enriched
ENSG00000168028	RPSA	2.57809039228859	3921	RPSA	GO_BP	GO:0042254	ribosome biogenesis	2.76957989271065	2.03838853633683e-28	PD_enriched
ENSG00000139842	CUL4A	2.57467354890194	8451	CUL4A	GO_BP	GO:0042254	ribosome biogenesis	2.76957989271065	2.03838853633683e-28	PD_enriched
ENSG00000134419	RPS15A	2.56238035987176	6210	RPS15A	GO_BP	GO:0042254	ribosome biogenesis	2.76957989271065	2.03838853633683e-28	PD_enriched
ENSG00000111364	DDX55	2.55727257279977	57696	DDX55	GO_BP	GO:0042254	ribosome biogenesis	2.76957989271065	2.03838853633683e-28	PD_enriched
ENSG00000055483	USP36	2.5120283872093	57602	USP36	GO_BP	GO:0042254	ribosome biogenesis	2.76957989271065	2.03838853633683e-28	PD_enriched
ENSG00000116922	C1orf109	2.49129574721285	54955	AIRIM	GO_BP	GO:0042254	ribosome biogenesis	2.76957989271065	2.03838853633683e-28	PD_enriched
ENSG00000120158	RCL1	2.4780482548799	10171	RCL1	GO_BP	GO:0042254	ribosome biogenesis	2.76957989271065	2.03838853633683e-28	PD_enriched
ENSG00000126749	EMG1	2.44403443416254	10436	EMG1	GO_BP	GO:0042254	ribosome biogenesis	2.76957989271065	2.03838853633683e-28	PD_enriched
ENSG00000101546	RBFA	2.43053935852796	79863	RBFA	GO_BP	GO:0042254	ribosome biogenesis	2.76957989271065	2.03838853633683e-28	PD_enriched
ENSG00000142937	RPS8	2.41244060131209	6202	RPS8	GO_BP	GO:0042254	ribosome biogenesis	2.76957989271065	2.03838853633683e-28	PD_enriched
ENSG00000117133	RPF1	2.4047030567372	80135	RPF1	GO_BP	GO:0042254	ribosome biogenesis	2.76957989271065	2.03838853633683e-28	PD_enriched
ENSG00000122140	MRPS2	2.40365970033216	51116	MRPS2	GO_BP	GO:0042254	ribosome biogenesis	2.76957989271065	2.03838853633683e-28	PD_enriched
ENSG00000135763	URB2	2.40128575201711	9816	URB2	GO_BP	GO:0042254	ribosome biogenesis	2.76957989271065	2.03838853633683e-28	PD_enriched
ENSG00000120314	WDR55	2.39676539686534	54853	WDR55	GO_BP	GO:0042254	ribosome biogenesis	2.76957989271065	2.03838853633683e-28	PD_enriched
ENSG00000067334	DNTTIP2	2.38977242914752	30836	DNTTIP2	GO_BP	GO:0042254	ribosome biogenesis	2.76957989271065	2.03838853633683e-28	PD_enriched
ENSG00000130713	EXOSC2	2.38670640163853	23404	EXOSC2	GO_BP	GO:0042254	ribosome biogenesis	2.76957989271065	2.03838853633683e-28	PD_enriched
ENSG00000120800	UTP20	2.34530698167233	27340	UTP20	GO_BP	GO:0042254	ribosome biogenesis	2.76957989271065	2.03838853633683e-28	PD_enriched
ENSG00000170889	RPS9	2.30474284431233	6203	RPS9	GO_BP	GO:0042254	ribosome biogenesis	2.76957989271065	2.03838853633683e-28	PD_enriched
ENSG00000029639	TFB1M	2.2874238762243	51106	TFB1M	GO_BP	GO:0042254	ribosome biogenesis	2.76957989271065	2.03838853633683e-28	PD_enriched
ENSG00000104884	ERCC2	2.28486928581415	2068	ERCC2	GO_BP	GO:0042254	ribosome biogenesis	2.76957989271065	2.03838853633683e-28	PD_enriched
ENSG00000137154	RPS6	2.27931016551899	6194	RPS6	GO_BP	GO:0042254	ribosome biogenesis	2.76957989271065	2.03838853633683e-28	PD_enriched
ENSG00000085721	RRN3	2.26568038280426	54700	RRN3	GO_BP	GO:0042254	ribosome biogenesis	2.76957989271065	2.03838853633683e-28	PD_enriched
ENSG00000135372	NAT10	2.26255459385087	55226	NAT10	GO_BP	GO:0042254	ribosome biogenesis	2.76957989271065	2.03838853633683e-28	PD_enriched
ENSG00000085231	AK6	2.25626338827761	102157402	AK6	GO_BP	GO:0042254	ribosome biogenesis	2.76957989271065	2.03838853633683e-28	PD_enriched
ENSG00000083520	DIS3	2.22080707568112	22894	DIS3	GO_BP	GO:0042254	ribosome biogenesis	2.76957989271065	2.03838853633683e-28	PD_enriched
ENSG00000071462	BUD23	2.20663489234277	114049	BUD23	GO_BP	GO:0042254	ribosome biogenesis	2.76957989271065	2.03838853633683e-28	PD_enriched
ENSG00000053372	MRTO4	2.18669212068539	51154	MRTO4	GO_BP	GO:0042254	ribosome biogenesis	2.76957989271065	2.03838853633683e-28	PD_enriched
ENSG00000126524	SBDS	2.15509629479635	51119	SBDS	GO_BP	GO:0042254	ribosome biogenesis	2.76957989271065	2.03838853633683e-28	PD_enriched
ENSG00000132467	UTP3	2.15503262561076	57050	UTP3	GO_BP	GO:0042254	ribosome biogenesis	2.76957989271065	2.03838853633683e-28	PD_enriched
ENSG00000188573	FBLL1	2.12833932793685	345630	FBLL1	GO_BP	GO:0042254	ribosome biogenesis	2.76957989271065	2.03838853633683e-28	PD_enriched
ENSG00000143319	ISG20L2	2.12320733559818	81875	ISG20L2	GO_BP	GO:0042254	ribosome biogenesis	2.76957989271065	2.03838853633683e-28	PD_enriched
ENSG00000166133	RPUSD2	2.09285475567585	27079	RPUSD2	GO_BP	GO:0042254	ribosome biogenesis	2.76957989271065	2.03838853633683e-28	PD_enriched
ENSG00000107833	NPM3	2.09257392853464	10360	NPM3	GO_BP	GO:0042254	ribosome biogenesis	2.76957989271065	2.03838853633683e-28	PD_enriched
ENSG00000055044	NOP58	2.09153512202051	51602	NOP58	GO_BP	GO:0042254	ribosome biogenesis	2.76957989271065	2.03838853633683e-28	PD_enriched
ENSG00000172336	POP7	2.05362711742811	10248	POP7	GO_BP	GO:0042254	ribosome biogenesis	2.76957989271065	2.03838853633683e-28	PD_enriched
ENSG00000168228	ZCCHC4	2.04887190920712	29063	ZCCHC4	GO_BP	GO:0042254	ribosome biogenesis	2.76957989271065	2.03838853633683e-28	PD_enriched
ENSG00000173545	ZNF622	2.01049365578277	90441	ZNF622	GO_BP	GO:0042254	ribosome biogenesis	2.76957989271065	2.03838853633683e-28	PD_enriched
ENSG00000089048	ESF1	1.99742821148754	51575	ESF1	GO_BP	GO:0042254	ribosome biogenesis	2.76957989271065	2.03838853633683e-28	PD_enriched
ENSG00000160214	RRP1	1.99160196428669	8568	RRP1	GO_BP	GO:0042254	ribosome biogenesis	2.76957989271065	2.03838853633683e-28	PD_enriched
ENSG00000104872	PIH1D1	1.97606947197508	55011	PIH1D1	GO_BP	GO:0042254	ribosome biogenesis	2.76957989271065	2.03838853633683e-28	PD_enriched
ENSG00000198034	RPS4X	1.9611127268614	6191	RPS4X	GO_BP	GO:0042254	ribosome biogenesis	2.76957989271065	2.03838853633683e-28	PD_enriched
ENSG00000163584	RPL22L1	11.497577287636	200916	RPL22L1	GO_BP	GO:0002181	cytoplasmic translation	2.74346361985468	7.36487506750977e-22	PD_enriched
ENSG00000169714	CNBP	10.6362194082076	7555	CNBP	GO_BP	GO:0002181	cytoplasmic translation	2.74346361985468	7.36487506750977e-22	PD_enriched
ENSG00000149100	EIF3M	9.38711873765472	10480	EIF3M	GO_BP	GO:0002181	cytoplasmic translation	2.74346361985468	7.36487506750977e-22	PD_enriched
ENSG00000122026	RPL21	8.44831519842166	6144	RPL21	GO_BP	GO:0002181	cytoplasmic translation	2.74346361985468	7.36487506750977e-22	PD_enriched
ENSG00000106263	EIF3B	8.05354955065372	8662	EIF3B	GO_BP	GO:0002181	cytoplasmic translation	2.74346361985468	7.36487506750977e-22	PD_enriched
ENSG00000107581	EIF3A	7.73911062132106	8661	EIF3A	GO_BP	GO:0002181	cytoplasmic translation	2.74346361985468	7.36487506750977e-22	PD_enriched
ENSG00000164163	ABCE1	7.40233187483407	6059	ABCE1	GO_BP	GO:0002181	cytoplasmic translation	2.74346361985468	7.36487506750977e-22	PD_enriched
ENSG00000125977	EIF2S2	6.49619338126409	8894	EIF2S2	GO_BP	GO:0002181	cytoplasmic translation	2.74346361985468	7.36487506750977e-22	PD_enriched
ENSG00000197728	RPS26	6.25641272086258	6231	RPS26	GO_BP	GO:0002181	cytoplasmic translation	2.74346361985468	7.36487506750977e-22	PD_enriched
ENSG00000100353	EIF3D	6.14229974622214	8664	EIF3D	GO_BP	GO:0002181	cytoplasmic translation	2.74346361985468	7.36487506750977e-22	PD_enriched
ENSG00000131469	RPL27	6.0282591383798	6155	RPL27	GO_BP	GO:0002181	cytoplasmic translation	2.74346361985468	7.36487506750977e-22	PD_enriched
ENSG00000161970	RPL26	5.9926836022446	6154	RPL26	GO_BP	GO:0002181	cytoplasmic translation	2.74346361985468	7.36487506750977e-22	PD_enriched
ENSG00000100226	GTPBP1	5.95190684769832	9567	GTPBP1	GO_BP	GO:0002181	cytoplasmic translation	2.74346361985468	7.36487506750977e-22	PD_enriched
ENSG00000156976	EIF4A2	5.91872728706665	1974	EIF4A2	GO_BP	GO:0002181	cytoplasmic translation	2.74346361985468	7.36487506750977e-22	PD_enriched
ENSG00000143947	RPS27A	5.72693872847809	6233	RPS27A	GO_BP	GO:0002181	cytoplasmic translation	2.74346361985468	7.36487506750977e-22	PD_enriched
ENSG00000115268	RPS15	5.497090115136	6209	RPS15	GO_BP	GO:0002181	cytoplasmic translation	2.74346361985468	7.36487506750977e-22	PD_enriched
ENSG00000161016	RPL8	5.44761137976038	6132	RPL8	GO_BP	GO:0002181	cytoplasmic translation	2.74346361985468	7.36487506750977e-22	PD_enriched
ENSG00000065548	ZC3H15	5.19304079195615	55854	ZC3H15	GO_BP	GO:0002181	cytoplasmic translation	2.74346361985468	7.36487506750977e-22	PD_enriched
ENSG00000090861	AARS	5.18799717958977	16	AARS1	GO_BP	GO:0002181	cytoplasmic translation	2.74346361985468	7.36487506750977e-22	PD_enriched
ENSG00000114391	RPL24	5.06410093998618	6152	RPL24	GO_BP	GO:0002181	cytoplasmic translation	2.74346361985468	7.36487506750977e-22	PD_enriched
ENSG00000182899	RPL35A	5.06210038596187	6165	RPL35A	GO_BP	GO:0002181	cytoplasmic translation	2.74346361985468	7.36487506750977e-22	PD_enriched
ENSG00000183735	TBK1	5.05336577182962	29110	TBK1	GO_BP	GO:0002181	cytoplasmic translation	2.74346361985468	7.36487506750977e-22	PD_enriched
ENSG00000182774	RPS17	4.98049030216115	6218	RPS17	GO_BP	GO:0002181	cytoplasmic translation	2.74346361985468	7.36487506750977e-22	PD_enriched
ENSG00000070785	EIF2B3	4.73366708968957	8891	EIF2B3	GO_BP	GO:0002181	cytoplasmic translation	2.74346361985468	7.36487506750977e-22	PD_enriched
ENSG00000197756	RPL37A	4.72736611738073	6168	RPL37A	GO_BP	GO:0002181	cytoplasmic translation	2.74346361985468	7.36487506750977e-22	PD_enriched
ENSG00000265681	RPL17	4.7211401561642	6139	RPL17	GO_BP	GO:0002181	cytoplasmic translation	2.74346361985468	7.36487506750977e-22	PD_enriched
ENSG00000136942	RPL35	4.65515105624381	11224	RPL35	GO_BP	GO:0002181	cytoplasmic translation	2.74346361985468	7.36487506750977e-22	PD_enriched
ENSG00000147604	RPL7	4.62540956383952	6129	RPL7	GO_BP	GO:0002181	cytoplasmic translation	2.74346361985468	7.36487506750977e-22	PD_enriched
ENSG00000149806	FAU	4.43981542760069	2197	FAU	GO_BP	GO:0002181	cytoplasmic translation	2.74346361985468	7.36487506750977e-22	PD_enriched
ENSG00000084623	EIF3I	4.40035916967744	8668	EIF3I	GO_BP	GO:0002181	cytoplasmic translation	2.74346361985468	7.36487506750977e-22	PD_enriched
ENSG00000114867	EIF4G1	4.37614160600964	1981	EIF4G1	GO_BP	GO:0002181	cytoplasmic translation	2.74346361985468	7.36487506750977e-22	PD_enriched
ENSG00000060138	YBX3	4.27820988148792	8531	YBX3	GO_BP	GO:0002181	cytoplasmic translation	2.74346361985468	7.36487506750977e-22	PD_enriched
ENSG00000171858	RPS21	4.21994868261035	6227	RPS21	GO_BP	GO:0002181	cytoplasmic translation	2.74346361985468	7.36487506750977e-22	PD_enriched
ENSG00000164587	RPS14	4.21552823045982	6208	RPS14	GO_BP	GO:0002181	cytoplasmic translation	2.74346361985468	7.36487506750977e-22	PD_enriched
ENSG00000241343	RPL36A	4.1938343570376	6173	RPL36A	GO_BP	GO:0002181	cytoplasmic translation	2.74346361985468	7.36487506750977e-22	PD_enriched
ENSG00000070756	PABPC1	4.14260780046817	26986	PABPC1	GO_BP	GO:0002181	cytoplasmic translation	2.74346361985468	7.36487506750977e-22	PD_enriched
ENSG00000120705	ETF1	4.1067556370507	2107	ETF1	GO_BP	GO:0002181	cytoplasmic translation	2.74346361985468	7.36487506750977e-22	PD_enriched
ENSG00000089009	RPL6	4.09788556182075	6128	RPL6	GO_BP	GO:0002181	cytoplasmic translation	2.74346361985468	7.36487506750977e-22	PD_enriched
ENSG00000161960	EIF4A1	3.99591789344392	1973	EIF4A1	GO_BP	GO:0002181	cytoplasmic translation	2.74346361985468	7.36487506750977e-22	PD_enriched
ENSG00000145425	RPS3A	3.91421752049514	6189	RPS3A	GO_BP	GO:0002181	cytoplasmic translation	2.74346361985468	7.36487506750977e-22	PD_enriched
ENSG00000205609	EIF3CL	3.89148867589039	728689	EIF3CL	GO_BP	GO:0002181	cytoplasmic translation	2.74346361985468	7.36487506750977e-22	PD_enriched
ENSG00000188846	RPL14	3.88516881061925	9045	RPL14	GO_BP	GO:0002181	cytoplasmic translation	2.74346361985468	7.36487506750977e-22	PD_enriched
ENSG00000231500	RPS18	3.81762255250731	6222	RPS18	GO_BP	GO:0002181	cytoplasmic translation	2.74346361985468	7.36487506750977e-22	PD_enriched
ENSG00000063177	RPL18	3.7459038360488	6141	RPL18	GO_BP	GO:0002181	cytoplasmic translation	2.74346361985468	7.36487506750977e-22	PD_enriched
ENSG00000109475	RPL34	3.7443558106102	6164	RPL34	GO_BP	GO:0002181	cytoplasmic translation	2.74346361985468	7.36487506750977e-22	PD_enriched
ENSG00000083845	RPS5	3.72429866902765	6193	RPS5	GO_BP	GO:0002181	cytoplasmic translation	2.74346361985468	7.36487506750977e-22	PD_enriched
ENSG00000071082	RPL31	3.71224210336757	6160	RPL31	GO_BP	GO:0002181	cytoplasmic translation	2.74346361985468	7.36487506750977e-22	PD_enriched
ENSG00000138326	RPS24	3.66839599628638	6229	RPS24	GO_BP	GO:0002181	cytoplasmic translation	2.74346361985468	7.36487506750977e-22	PD_enriched
ENSG00000104131	EIF3J	3.62607553806267	8669	EIF3J	GO_BP	GO:0002181	cytoplasmic translation	2.74346361985468	7.36487506750977e-22	PD_enriched
ENSG00000204628	RACK1	3.62417654096539	10399	RACK1	GO_BP	GO:0002181	cytoplasmic translation	2.74346361985468	7.36487506750977e-22	PD_enriched
ENSG00000104408	EIF3E	3.58631044924984	3646	EIF3E	GO_BP	GO:0002181	cytoplasmic translation	2.74346361985468	7.36487506750977e-22	PD_enriched
ENSG00000171863	RPS7	3.56411820875591	6201	RPS7	GO_BP	GO:0002181	cytoplasmic translation	2.74346361985468	7.36487506750977e-22	PD_enriched
ENSG00000139977	NAA30	3.55389496608894	122830	NAA30	GO_BP	GO:0002181	cytoplasmic translation	2.74346361985468	7.36487506750977e-22	PD_enriched
ENSG00000185721	DRG1	3.54969079673703	4733	DRG1	GO_BP	GO:0002181	cytoplasmic translation	2.74346361985468	7.36487506750977e-22	PD_enriched
ENSG00000186468	RPS23	3.53890392658381	6228	RPS23	GO_BP	GO:0002181	cytoplasmic translation	2.74346361985468	7.36487506750977e-22	PD_enriched
ENSG00000197958	RPL12	3.53426926461802	6136	RPL12	GO_BP	GO:0002181	cytoplasmic translation	2.74346361985468	7.36487506750977e-22	PD_enriched
ENSG00000130255	RPL36	3.52869053705794	25873	RPL36	GO_BP	GO:0002181	cytoplasmic translation	2.74346361985468	7.36487506750977e-22	PD_enriched
ENSG00000166441	RPL27A	3.52464966679619	6157	RPL27A	GO_BP	GO:0002181	cytoplasmic translation	2.74346361985468	7.36487506750977e-22	PD_enriched
ENSG00000124614	RPS10	3.46365209012209	6204	RPS10	GO_BP	GO:0002181	cytoplasmic translation	2.74346361985468	7.36487506750977e-22	PD_enriched
ENSG00000198755	RPL10A	3.39189329846884	4736	RPL10A	GO_BP	GO:0002181	cytoplasmic translation	2.74346361985468	7.36487506750977e-22	PD_enriched
ENSG00000031698	SARS	3.39025681182637	6301	SARS1	GO_BP	GO:0002181	cytoplasmic translation	2.74346361985468	7.36487506750977e-22	PD_enriched
ENSG00000112249	ASCC3	3.38883719918005	10973	ASCC3	GO_BP	GO:0002181	cytoplasmic translation	2.74346361985468	7.36487506750977e-22	PD_enriched
ENSG00000106682	EIF4H	3.35826593655234	7458	EIF4H	GO_BP	GO:0002181	cytoplasmic translation	2.74346361985468	7.36487506750977e-22	PD_enriched
ENSG00000163682	RPL9	3.33952666450631	6133	RPL9	GO_BP	GO:0002181	cytoplasmic translation	2.74346361985468	7.36487506750977e-22	PD_enriched
ENSG00000213553	RPLP0P6	3.3160239485359	220717	RPLP0P6	GO_BP	GO:0002181	cytoplasmic translation	2.74346361985468	7.36487506750977e-22	PD_enriched
ENSG00000115211	EIF2B4	3.21579260704361	8890	EIF2B4	GO_BP	GO:0002181	cytoplasmic translation	2.74346361985468	7.36487506750977e-22	PD_enriched
ENSG00000137818	RPLP1	3.15623145593988	6176	RPLP1	GO_BP	GO:0002181	cytoplasmic translation	2.74346361985468	7.36487506750977e-22	PD_enriched
ENSG00000112306	RPS12	3.13663136705567	6206	RPS12	GO_BP	GO:0002181	cytoplasmic translation	2.74346361985468	7.36487506750977e-22	PD_enriched
ENSG00000114316	USP4	3.13065605860635	7375	USP4	GO_BP	GO:0002181	cytoplasmic translation	2.74346361985468	7.36487506750977e-22	PD_enriched
ENSG00000127481	UBR4	3.11401363726613	23352	UBR4	GO_BP	GO:0002181	cytoplasmic translation	2.74346361985468	7.36487506750977e-22	PD_enriched
ENSG00000125691	RPL23	3.10710979483938	9349	RPL23	GO_BP	GO:0002181	cytoplasmic translation	2.74346361985468	7.36487506750977e-22	PD_enriched
ENSG00000149273	RPS3	3.09452942505344	6188	RPS3	GO_BP	GO:0002181	cytoplasmic translation	2.74346361985468	7.36487506750977e-22	PD_enriched
ENSG00000174444	RPL4	3.08118617141078	6124	RPL4	GO_BP	GO:0002181	cytoplasmic translation	2.74346361985468	7.36487506750977e-22	PD_enriched
ENSG00000156482	RPL30	3.07704682376806	6156	RPL30	GO_BP	GO:0002181	cytoplasmic translation	2.74346361985468	7.36487506750977e-22	PD_enriched
ENSG00000110700	RPS13	3.02583697293991	6207	RPS13	GO_BP	GO:0002181	cytoplasmic translation	2.74346361985468	7.36487506750977e-22	PD_enriched
ENSG00000162244	RPL29	3.02140783713942	6159	RPL29	GO_BP	GO:0002181	cytoplasmic translation	2.74346361985468	7.36487506750977e-22	PD_enriched
ENSG00000176407	KCMF1	3.00391611005746	56888	KCMF1	GO_BP	GO:0002181	cytoplasmic translation	2.74346361985468	7.36487506750977e-22	PD_enriched
ENSG00000139726	DENR	2.98194489333465	8562	DENR	GO_BP	GO:0002181	cytoplasmic translation	2.74346361985468	7.36487506750977e-22	PD_enriched
ENSG00000144713	RPL32	2.92390630458023	6161	RPL32	GO_BP	GO:0002181	cytoplasmic translation	2.74346361985468	7.36487506750977e-22	PD_enriched
ENSG00000105640	RPL18A	2.89739893140039	6142	RPL18A	GO_BP	GO:0002181	cytoplasmic translation	2.74346361985468	7.36487506750977e-22	PD_enriched
ENSG00000105193	RPS16	2.89427193801556	6217	RPS16	GO_BP	GO:0002181	cytoplasmic translation	2.74346361985468	7.36487506750977e-22	PD_enriched
ENSG00000178982	EIF3K	2.88790415816604	27335	EIF3K	GO_BP	GO:0002181	cytoplasmic translation	2.74346361985468	7.36487506750977e-22	PD_enriched
ENSG00000089157	RPLP0	2.88770353222066	6175	RPLP0	GO_BP	GO:0002181	cytoplasmic translation	2.74346361985468	7.36487506750977e-22	PD_enriched
ENSG00000147162	OGT	2.83520585847776	8473	OGT	GO_BP	GO:0002181	cytoplasmic translation	2.74346361985468	7.36487506750977e-22	PD_enriched
ENSG00000100316	RPL3	2.83170507520059	6122	RPL3	GO_BP	GO:0002181	cytoplasmic translation	2.74346361985468	7.36487506750977e-22	PD_enriched
ENSG00000233927	RPS28	2.82283285353928	6234	RPS28	GO_BP	GO:0002181	cytoplasmic translation	2.74346361985468	7.36487506750977e-22	PD_enriched
ENSG00000142676	RPL11	2.81147700524007	6135	RPL11	GO_BP	GO:0002181	cytoplasmic translation	2.74346361985468	7.36487506750977e-22	PD_enriched
ENSG00000198918	RPL39	2.80621164285664	6170	RPL39	GO_BP	GO:0002181	cytoplasmic translation	2.74346361985468	7.36487506750977e-22	PD_enriched
ENSG00000130811	EIF3G	2.80210813059998	8666	EIF3G	GO_BP	GO:0002181	cytoplasmic translation	2.74346361985468	7.36487506750977e-22	PD_enriched
ENSG00000177600	RPLP2	2.77510391072224	6181	RPLP2	GO_BP	GO:0002181	cytoplasmic translation	2.74346361985468	7.36487506750977e-22	PD_enriched
ENSG00000114416	FXR1	2.76312410481605	8087	FXR1	GO_BP	GO:0002181	cytoplasmic translation	2.74346361985468	7.36487506750977e-22	PD_enriched
ENSG00000118181	RPS25	2.75894048548326	6230	RPS25	GO_BP	GO:0002181	cytoplasmic translation	2.74346361985468	7.36487506750977e-22	PD_enriched
ENSG00000063046	EIF4B	2.74965454481839	1975	EIF4B	GO_BP	GO:0002181	cytoplasmic translation	2.74346361985468	7.36487506750977e-22	PD_enriched
ENSG00000167526	RPL13	2.72099778530917	6137	RPL13	GO_BP	GO:0002181	cytoplasmic translation	2.74346361985468	7.36487506750977e-22	PD_enriched
ENSG00000122406	RPL5	2.65580101314655	6125	RPL5	GO_BP	GO:0002181	cytoplasmic translation	2.74346361985468	7.36487506750977e-22	PD_enriched
ENSG00000148303	RPL7A	2.65515936153934	6130	RPL7A	GO_BP	GO:0002181	cytoplasmic translation	2.74346361985468	7.36487506750977e-22	PD_enriched
ENSG00000105372	RPS19	2.60464392046991	6223	RPS19	GO_BP	GO:0002181	cytoplasmic translation	2.74346361985468	7.36487506750977e-22	PD_enriched
ENSG00000170027	YWHAG	2.60420521205711	7532	YWHAG	GO_BP	GO:0002181	cytoplasmic translation	2.74346361985468	7.36487506750977e-22	PD_enriched
ENSG00000168028	RPSA	2.57809039228859	3921	RPSA	GO_BP	GO:0002181	cytoplasmic translation	2.74346361985468	7.36487506750977e-22	PD_enriched
ENSG00000134419	RPS15A	2.56238035987176	6210	RPS15A	GO_BP	GO:0002181	cytoplasmic translation	2.74346361985468	7.36487506750977e-22	PD_enriched
ENSG00000174748	RPL15	2.54791907458143	6138	RPL15	GO_BP	GO:0002181	cytoplasmic translation	2.74346361985468	7.36487506750977e-22	PD_enriched
ENSG00000147403	RPL10	2.53167558914681	6134	RPL10	GO_BP	GO:0002181	cytoplasmic translation	2.74346361985468	7.36487506750977e-22	PD_enriched
ENSG00000167658	EEF2	2.52898834073422	1938	EEF2	GO_BP	GO:0002181	cytoplasmic translation	2.74346361985468	7.36487506750977e-22	PD_enriched
ENSG00000158092	NCK1	2.52858373134355	4690	NCK1	GO_BP	GO:0002181	cytoplasmic translation	2.74346361985468	7.36487506750977e-22	PD_enriched
ENSG00000165502	RPL36AL	2.44312172555023	6166	RPL36AL	GO_BP	GO:0002181	cytoplasmic translation	2.74346361985468	7.36487506750977e-22	PD_enriched
ENSG00000106615	RHEB	2.44144116460191	6009	RHEB	GO_BP	GO:0002181	cytoplasmic translation	2.74346361985468	7.36487506750977e-22	PD_enriched
ENSG00000142937	RPS8	2.41244060131209	6202	RPS8	GO_BP	GO:0002181	cytoplasmic translation	2.74346361985468	7.36487506750977e-22	PD_enriched
ENSG00000140988	RPS2	2.39706702707651	6187	RPS2	GO_BP	GO:0002181	cytoplasmic translation	2.74346361985468	7.36487506750977e-22	PD_enriched
ENSG00000170889	RPS9	2.30474284431233	6203	RPS9	GO_BP	GO:0002181	cytoplasmic translation	2.74346361985468	7.36487506750977e-22	PD_enriched
ENSG00000108298	RPL19	2.29806119744242	6143	RPL19	GO_BP	GO:0002181	cytoplasmic translation	2.74346361985468	7.36487506750977e-22	PD_enriched
ENSG00000147677	EIF3H	2.28106939527899	8667	EIF3H	GO_BP	GO:0002181	cytoplasmic translation	2.74346361985468	7.36487506750977e-22	PD_enriched
ENSG00000137154	RPS6	2.27931016551899	6194	RPS6	GO_BP	GO:0002181	cytoplasmic translation	2.74346361985468	7.36487506750977e-22	PD_enriched
ENSG00000140463	BBS4	-7.94990301930473	585	BBS4	GO_BP	GO:0003341	cilium movement	-2.50881766271628	1.46435485092476e-11	Healthy_enriched
ENSG00000152582	SPEF2	-7.29477503060726	79925	SPEF2	GO_BP	GO:0003341	cilium movement	-2.50881766271628	1.46435485092476e-11	Healthy_enriched
ENSG00000118997	DNAH7	-6.35818418583416	56171	DNAH7	GO_BP	GO:0003341	cilium movement	-2.50881766271628	1.46435485092476e-11	Healthy_enriched
ENSG00000129295	LRRC6	-6.18045903783878	23639	DNAAF11	GO_BP	GO:0003341	cilium movement	-2.50881766271628	1.46435485092476e-11	Healthy_enriched
ENSG00000167552	TUBA1A	-5.93464682799774	7846	TUBA1A	GO_BP	GO:0003341	cilium movement	-2.50881766271628	1.46435485092476e-11	Healthy_enriched
ENSG00000141013	GAS8	-5.90215154246652	2622	DRC4	GO_BP	GO:0003341	cilium movement	-2.50881766271628	1.46435485092476e-11	Healthy_enriched
ENSG00000163879	DNALI1	-5.80343723164274	7802	DNALI1	GO_BP	GO:0003341	cilium movement	-2.50881766271628	1.46435485092476e-11	Healthy_enriched
ENSG00000165698	SPACA9	-5.44824044585463	11092	SPACA9	GO_BP	GO:0003341	cilium movement	-2.50881766271628	1.46435485092476e-11	Healthy_enriched
ENSG00000116539	ASH1L	-5.31950077061394	55870	ASH1L	GO_BP	GO:0003341	cilium movement	-2.50881766271628	1.46435485092476e-11	Healthy_enriched
ENSG00000131044	TTLL9	-5.24289726998715	164395	TTLL9	GO_BP	GO:0003341	cilium movement	-2.50881766271628	1.46435485092476e-11	Healthy_enriched
ENSG00000112981	NME5	-5.11492134090377	8382	NME5	GO_BP	GO:0003341	cilium movement	-2.50881766271628	1.46435485092476e-11	Healthy_enriched
ENSG00000064199	SPA17	-5.03528069256816	53340	SPA17	GO_BP	GO:0003341	cilium movement	-2.50881766271628	1.46435485092476e-11	Healthy_enriched
ENSG00000156042	CFAP70	-5.01166915585142	118491	CFAP70	GO_BP	GO:0003341	cilium movement	-2.50881766271628	1.46435485092476e-11	Healthy_enriched
ENSG00000080298	RFX3	-4.95255399428719	5991	RFX3	GO_BP	GO:0003341	cilium movement	-2.50881766271628	1.46435485092476e-11	Healthy_enriched
ENSG00000084674	APOB	-4.90705726326561	338	APOB	GO_BP	GO:0003341	cilium movement	-2.50881766271628	1.46435485092476e-11	Healthy_enriched
ENSG00000152763	WDR78	-4.68173963854548	79819	DNAI4	GO_BP	GO:0003341	cilium movement	-2.50881766271628	1.46435485092476e-11	Healthy_enriched
ENSG00000115423	DNAH6	-4.63735844750004	1768	DNAH6	GO_BP	GO:0003341	cilium movement	-2.50881766271628	1.46435485092476e-11	Healthy_enriched
ENSG00000213085	CFAP45	-4.56629922759998	25790	CFAP45	GO_BP	GO:0003341	cilium movement	-2.50881766271628	1.46435485092476e-11	Healthy_enriched
ENSG00000197748	CFAP43	-4.48950715823715	80217	CFAP43	GO_BP	GO:0003341	cilium movement	-2.50881766271628	1.46435485092476e-11	Healthy_enriched
ENSG00000139908	TSSK4	-4.42229555468898	283629	TSSK4	GO_BP	GO:0003341	cilium movement	-2.50881766271628	1.46435485092476e-11	Healthy_enriched
ENSG00000183690	EFHC2	-4.3005766966278	80258	EFHC2	GO_BP	GO:0003341	cilium movement	-2.50881766271628	1.46435485092476e-11	Healthy_enriched
ENSG00000165309	ARMC3	-4.27306254570693	219681	ARMC3	GO_BP	GO:0003341	cilium movement	-2.50881766271628	1.46435485092476e-11	Healthy_enriched
ENSG00000162643	WDR63	-4.26475142510359	126820	DNAI3	GO_BP	GO:0003341	cilium movement	-2.50881766271628	1.46435485092476e-11	Healthy_enriched
ENSG00000158423	RIBC1	-4.15693886882437	158787	RIBC1	GO_BP	GO:0003341	cilium movement	-2.50881766271628	1.46435485092476e-11	Healthy_enriched
ENSG00000155761	SPAG17	-4.1395564493183	200162	SPAG17	GO_BP	GO:0003341	cilium movement	-2.50881766271628	1.46435485092476e-11	Healthy_enriched
ENSG00000163491	NEK10	-4.1092414241269	152110	NEK10	GO_BP	GO:0003341	cilium movement	-2.50881766271628	1.46435485092476e-11	Healthy_enriched
ENSG00000141294	LRRC46	-3.98339417992095	90506	LRRC46	GO_BP	GO:0003341	cilium movement	-2.50881766271628	1.46435485092476e-11	Healthy_enriched
ENSG00000215217	C5orf49	-3.9140208999931	134121	CFAP90	GO_BP	GO:0003341	cilium movement	-2.50881766271628	1.46435485092476e-11	Healthy_enriched
ENSG00000092850	TEKT2	-3.84562154017564	27285	TEKT2	GO_BP	GO:0003341	cilium movement	-2.50881766271628	1.46435485092476e-11	Healthy_enriched
ENSG00000129646	QRICH2	-3.76241015547635	84074	QRICH2	GO_BP	GO:0003341	cilium movement	-2.50881766271628	1.46435485092476e-11	Healthy_enriched
ENSG00000188596	CFAP54	-3.6265095790372	144535	CFAP54	GO_BP	GO:0003341	cilium movement	-2.50881766271628	1.46435485092476e-11	Healthy_enriched
ENSG00000007174	DNAH9	-3.5524996051809	1770	DNAH9	GO_BP	GO:0003341	cilium movement	-2.50881766271628	1.46435485092476e-11	Healthy_enriched
ENSG00000141519	CCDC40	-3.47188445829847	55036	CCDC40	GO_BP	GO:0003341	cilium movement	-2.50881766271628	1.46435485092476e-11	Healthy_enriched
ENSG00000164675	IQUB	-3.4069951245935	154865	IQUB	GO_BP	GO:0003341	cilium movement	-2.50881766271628	1.46435485092476e-11	Healthy_enriched
ENSG00000214021	TTLL3	-3.39600678486694	26140	TTLL3	GO_BP	GO:0003341	cilium movement	-2.50881766271628	1.46435485092476e-11	Healthy_enriched
ENSG00000119636	BBOF1	-3.37884988813278	80127	BBOF1	GO_BP	GO:0003341	cilium movement	-2.50881766271628	1.46435485092476e-11	Healthy_enriched
ENSG00000188738	FSIP2	-3.37822035731295	401024	FSIP2	GO_BP	GO:0003341	cilium movement	-2.50881766271628	1.46435485092476e-11	Healthy_enriched
ENSG00000141577	CEP131	-3.34316216628023	22994	CEP131	GO_BP	GO:0003341	cilium movement	-2.50881766271628	1.46435485092476e-11	Healthy_enriched
ENSG00000139537	CCDC65	-3.31677505749495	85478	DRC2	GO_BP	GO:0003341	cilium movement	-2.50881766271628	1.46435485092476e-11	Healthy_enriched
ENSG00000114473	IQCG	-3.28826988585894	84223	DRC9	GO_BP	GO:0003341	cilium movement	-2.50881766271628	1.46435485092476e-11	Healthy_enriched
ENSG00000135205	CCDC146	-3.17948760103416	57639	CCDC146	GO_BP	GO:0003341	cilium movement	-2.50881766271628	1.46435485092476e-11	Healthy_enriched
ENSG00000172361	CFAP53	-3.17072137254725	220136	CFAP53	GO_BP	GO:0003341	cilium movement	-2.50881766271628	1.46435485092476e-11	Healthy_enriched
ENSG00000186976	EFCAB6	-3.16863063207462	64800	EFCAB6	GO_BP	GO:0003341	cilium movement	-2.50881766271628	1.46435485092476e-11	Healthy_enriched
ENSG00000141933	TPGS1	-3.16209597077846	91978	TPGS1	GO_BP	GO:0003341	cilium movement	-2.50881766271628	1.46435485092476e-11	Healthy_enriched
ENSG00000111254	AKAP3	-3.14129290905441	10566	AKAP3	GO_BP	GO:0003341	cilium movement	-2.50881766271628	1.46435485092476e-11	Healthy_enriched
ENSG00000163818	LZTFL1	-3.13993676197012	54585	LZTFL1	GO_BP	GO:0003341	cilium movement	-2.50881766271628	1.46435485092476e-11	Healthy_enriched
ENSG00000109944	JHY	-3.08037699997689	79864	JHY	GO_BP	GO:0003341	cilium movement	-2.50881766271628	1.46435485092476e-11	Healthy_enriched
ENSG00000188523	CFAP77	-3.00987754893587	389799	CFAP77	GO_BP	GO:0003341	cilium movement	-2.50881766271628	1.46435485092476e-11	Healthy_enriched
ENSG00000100629	CEP128	-2.99569114241637	145508	CEP128	GO_BP	GO:0003341	cilium movement	-2.50881766271628	1.46435485092476e-11	Healthy_enriched
ENSG00000100271	TTLL1	-2.93094099270048	25809	TTLL1	GO_BP	GO:0003341	cilium movement	-2.50881766271628	1.46435485092476e-11	Healthy_enriched
ENSG00000198003	CCDC151	-2.88756971017665	115948	ODAD3	GO_BP	GO:0003341	cilium movement	-2.50881766271628	1.46435485092476e-11	Healthy_enriched
ENSG00000186952	TMEM232	-2.80054407244225	642987	TMEM232	GO_BP	GO:0003341	cilium movement	-2.50881766271628	1.46435485092476e-11	Healthy_enriched
ENSG00000111834	RSPH4A	-2.79943488303516	345895	RSPH4A	GO_BP	GO:0003341	cilium movement	-2.50881766271628	1.46435485092476e-11	Healthy_enriched
ENSG00000157423	HYDIN	-2.77388741511405	54768	HYDIN	GO_BP	GO:0003341	cilium movement	-2.50881766271628	1.46435485092476e-11	Healthy_enriched
ENSG00000163075	CFAP221	-2.6216295976055	200373	CFAP221	GO_BP	GO:0003341	cilium movement	-2.50881766271628	1.46435485092476e-11	Healthy_enriched
ENSG00000171811	CFAP46	-2.59716103512578	54777	CFAP46	GO_BP	GO:0003341	cilium movement	-2.50881766271628	1.46435485092476e-11	Healthy_enriched
ENSG00000174483	BBS1	-2.57166195493569	582	BBS1	GO_BP	GO:0003341	cilium movement	-2.50881766271628	1.46435485092476e-11	Healthy_enriched
ENSG00000167646	DNAAF3	-2.52202791134395	352909	DNAAF3	GO_BP	GO:0003341	cilium movement	-2.50881766271628	1.46435485092476e-11	Healthy_enriched
ENSG00000187775	DNAH17	-2.51353638782146	8632	DNAH17	GO_BP	GO:0003341	cilium movement	-2.50881766271628	1.46435485092476e-11	Healthy_enriched
ENSG00000144451	SPAG16	-2.47902825869531	79582	SPAG16	GO_BP	GO:0003341	cilium movement	-2.50881766271628	1.46435485092476e-11	Healthy_enriched
ENSG00000149292	TTC12	-2.44859493343277	54970	TTC12	GO_BP	GO:0003341	cilium movement	-2.50881766271628	1.46435485092476e-11	Healthy_enriched
ENSG00000172426	RSPH9	-2.43356780892909	221421	RSPH9	GO_BP	GO:0003341	cilium movement	-2.50881766271628	1.46435485092476e-11	Healthy_enriched
ENSG00000206530	CFAP44	-2.43240141049191	55779	CFAP44	GO_BP	GO:0003341	cilium movement	-2.50881766271628	1.46435485092476e-11	Healthy_enriched
ENSG00000118690	ARMC2	-2.3805995784544	84071	ARMC2	GO_BP	GO:0003341	cilium movement	-2.50881766271628	1.46435485092476e-11	Healthy_enriched
ENSG00000154479	CCDC173	-2.37148086982305	129881	CFAP210	GO_BP	GO:0003341	cilium movement	-2.50881766271628	1.46435485092476e-11	Healthy_enriched
ENSG00000183401	CCDC159	-2.33010631792547	126075	CCDC159	GO_BP	GO:0003341	cilium movement	-2.50881766271628	1.46435485092476e-11	Healthy_enriched
ENSG00000160345	C9orf116	-2.23593942627226	138162	PIERCE1	GO_BP	GO:0003341	cilium movement	-2.50881766271628	1.46435485092476e-11	Healthy_enriched
ENSG00000163482	STK36	-2.22263138357366	27148	STK36	GO_BP	GO:0003341	cilium movement	-2.50881766271628	1.46435485092476e-11	Healthy_enriched
ENSG00000077327	SPAG6	-2.2014659739944	9576	SPAG6	GO_BP	GO:0003341	cilium movement	-2.50881766271628	1.46435485092476e-11	Healthy_enriched
ENSG00000163576	EFHB	-2.17643624007182	151651	EFHB	GO_BP	GO:0003341	cilium movement	-2.50881766271628	1.46435485092476e-11	Healthy_enriched
ENSG00000117477	CCDC181	-2.17315819584415	57821	CCDC181	GO_BP	GO:0003341	cilium movement	-2.50881766271628	1.46435485092476e-11	Healthy_enriched
ENSG00000113971	NPHP3	-2.15873810134042	27031	NPHP3	GO_BP	GO:0003341	cilium movement	-2.50881766271628	1.46435485092476e-11	Healthy_enriched
ENSG00000159625	DRC7	-2.04957973320606	84229	DRC7	GO_BP	GO:0003341	cilium movement	-2.50881766271628	1.46435485092476e-11	Healthy_enriched
ENSG00000047578	KIAA0556	-2.03607070057818	23247	KATNIP	GO_BP	GO:0003341	cilium movement	-2.50881766271628	1.46435485092476e-11	Healthy_enriched
ENSG00000122970	IFT81	-2.00162475363277	28981	IFT81	GO_BP	GO:0003341	cilium movement	-2.50881766271628	1.46435485092476e-11	Healthy_enriched
ENSG00000183833	MAATS1	-1.96621327336679	89876	CFAP91	GO_BP	GO:0003341	cilium movement	-2.50881766271628	1.46435485092476e-11	Healthy_enriched
ENSG00000166171	DPCD	-1.93863547483403	25911	DPCD	GO_BP	GO:0003341	cilium movement	-2.50881766271628	1.46435485092476e-11	Healthy_enriched
ENSG00000157856	DRC1	-1.90617838314611	92749	DRC1	GO_BP	GO:0003341	cilium movement	-2.50881766271628	1.46435485092476e-11	Healthy_enriched
ENSG00000034239	EFCAB1	-1.87942293128227	79645	CLXN	GO_BP	GO:0003341	cilium movement	-2.50881766271628	1.46435485092476e-11	Healthy_enriched
ENSG00000143156	NME7	-1.82754169772382	29922	NME7	GO_BP	GO:0003341	cilium movement	-2.50881766271628	1.46435485092476e-11	Healthy_enriched
ENSG00000088727	KIF9	-1.81427141524537	64147	KIF9	GO_BP	GO:0003341	cilium movement	-2.50881766271628	1.46435485092476e-11	Healthy_enriched
ENSG00000105877	DNAH11	-1.78568849979912	8701	DNAH11	GO_BP	GO:0003341	cilium movement	-2.50881766271628	1.46435485092476e-11	Healthy_enriched
ENSG00000096093	EFHC1	-1.71924995054007	114327	EFHC1	GO_BP	GO:0003341	cilium movement	-2.50881766271628	1.46435485092476e-11	Healthy_enriched
ENSG00000256061	DNAAF4	-1.71409143072891	161582	DNAAF4	GO_BP	GO:0003341	cilium movement	-2.50881766271628	1.46435485092476e-11	Healthy_enriched
ENSG00000048342	CC2D2A	-7.76277921274899	57545	CC2D2A	GO_BP	GO:0035082	axoneme assembly	-2.65556228688443	4.75511741335502e-10	Healthy_enriched
ENSG00000152582	SPEF2	-7.29477503060726	79925	SPEF2	GO_BP	GO:0035082	axoneme assembly	-2.65556228688443	4.75511741335502e-10	Healthy_enriched
ENSG00000118997	DNAH7	-6.35818418583416	56171	DNAH7	GO_BP	GO:0035082	axoneme assembly	-2.65556228688443	4.75511741335502e-10	Healthy_enriched
ENSG00000129295	LRRC6	-6.18045903783878	23639	DNAAF11	GO_BP	GO:0035082	axoneme assembly	-2.65556228688443	4.75511741335502e-10	Healthy_enriched
ENSG00000141013	GAS8	-5.90215154246652	2622	DRC4	GO_BP	GO:0035082	axoneme assembly	-2.65556228688443	4.75511741335502e-10	Healthy_enriched
ENSG00000165698	SPACA9	-5.44824044585463	11092	SPACA9	GO_BP	GO:0035082	axoneme assembly	-2.65556228688443	4.75511741335502e-10	Healthy_enriched
ENSG00000152763	WDR78	-4.68173963854548	79819	DNAI4	GO_BP	GO:0035082	axoneme assembly	-2.65556228688443	4.75511741335502e-10	Healthy_enriched
ENSG00000197748	CFAP43	-4.48950715823715	80217	CFAP43	GO_BP	GO:0035082	axoneme assembly	-2.65556228688443	4.75511741335502e-10	Healthy_enriched
ENSG00000103351	CLUAP1	-4.37198522482856	23059	CLUAP1	GO_BP	GO:0035082	axoneme assembly	-2.65556228688443	4.75511741335502e-10	Healthy_enriched
ENSG00000162643	WDR63	-4.26475142510359	126820	DNAI3	GO_BP	GO:0035082	axoneme assembly	-2.65556228688443	4.75511741335502e-10	Healthy_enriched
ENSG00000155761	SPAG17	-4.1395564493183	200162	SPAG17	GO_BP	GO:0035082	axoneme assembly	-2.65556228688443	4.75511741335502e-10	Healthy_enriched
ENSG00000129654	FOXJ1	-4.09662928283819	2302	FOXJ1	GO_BP	GO:0035082	axoneme assembly	-2.65556228688443	4.75511741335502e-10	Healthy_enriched
ENSG00000155530	LRGUK	-4.09604388294008	136332	LRGUK	GO_BP	GO:0035082	axoneme assembly	-2.65556228688443	4.75511741335502e-10	Healthy_enriched
ENSG00000141294	LRRC46	-3.98339417992095	90506	LRRC46	GO_BP	GO:0035082	axoneme assembly	-2.65556228688443	4.75511741335502e-10	Healthy_enriched
ENSG00000092850	TEKT2	-3.84562154017564	27285	TEKT2	GO_BP	GO:0035082	axoneme assembly	-2.65556228688443	4.75511741335502e-10	Healthy_enriched
ENSG00000141519	CCDC40	-3.47188445829847	55036	CCDC40	GO_BP	GO:0035082	axoneme assembly	-2.65556228688443	4.75511741335502e-10	Healthy_enriched
ENSG00000214021	TTLL3	-3.39600678486694	26140	TTLL3	GO_BP	GO:0035082	axoneme assembly	-2.65556228688443	4.75511741335502e-10	Healthy_enriched
ENSG00000119636	BBOF1	-3.37884988813278	80127	BBOF1	GO_BP	GO:0035082	axoneme assembly	-2.65556228688443	4.75511741335502e-10	Healthy_enriched
ENSG00000188738	FSIP2	-3.37822035731295	401024	FSIP2	GO_BP	GO:0035082	axoneme assembly	-2.65556228688443	4.75511741335502e-10	Healthy_enriched
ENSG00000141577	CEP131	-3.34316216628023	22994	CEP131	GO_BP	GO:0035082	axoneme assembly	-2.65556228688443	4.75511741335502e-10	Healthy_enriched
ENSG00000139537	CCDC65	-3.31677505749495	85478	DRC2	GO_BP	GO:0035082	axoneme assembly	-2.65556228688443	4.75511741335502e-10	Healthy_enriched
ENSG00000114473	IQCG	-3.28826988585894	84223	DRC9	GO_BP	GO:0035082	axoneme assembly	-2.65556228688443	4.75511741335502e-10	Healthy_enriched
ENSG00000135205	CCDC146	-3.17948760103416	57639	CCDC146	GO_BP	GO:0035082	axoneme assembly	-2.65556228688443	4.75511741335502e-10	Healthy_enriched
ENSG00000141933	TPGS1	-3.16209597077846	91978	TPGS1	GO_BP	GO:0035082	axoneme assembly	-2.65556228688443	4.75511741335502e-10	Healthy_enriched
ENSG00000109944	JHY	-3.08037699997689	79864	JHY	GO_BP	GO:0035082	axoneme assembly	-2.65556228688443	4.75511741335502e-10	Healthy_enriched
ENSG00000100271	TTLL1	-2.93094099270048	25809	TTLL1	GO_BP	GO:0035082	axoneme assembly	-2.65556228688443	4.75511741335502e-10	Healthy_enriched
ENSG00000198003	CCDC151	-2.88756971017665	115948	ODAD3	GO_BP	GO:0035082	axoneme assembly	-2.65556228688443	4.75511741335502e-10	Healthy_enriched
ENSG00000111834	RSPH4A	-2.79943488303516	345895	RSPH4A	GO_BP	GO:0035082	axoneme assembly	-2.65556228688443	4.75511741335502e-10	Healthy_enriched
ENSG00000157423	HYDIN	-2.77388741511405	54768	HYDIN	GO_BP	GO:0035082	axoneme assembly	-2.65556228688443	4.75511741335502e-10	Healthy_enriched
ENSG00000171811	CFAP46	-2.59716103512578	54777	CFAP46	GO_BP	GO:0035082	axoneme assembly	-2.65556228688443	4.75511741335502e-10	Healthy_enriched
ENSG00000167646	DNAAF3	-2.52202791134395	352909	DNAAF3	GO_BP	GO:0035082	axoneme assembly	-2.65556228688443	4.75511741335502e-10	Healthy_enriched
ENSG00000187775	DNAH17	-2.51353638782146	8632	DNAH17	GO_BP	GO:0035082	axoneme assembly	-2.65556228688443	4.75511741335502e-10	Healthy_enriched
ENSG00000144451	SPAG16	-2.47902825869531	79582	SPAG16	GO_BP	GO:0035082	axoneme assembly	-2.65556228688443	4.75511741335502e-10	Healthy_enriched
ENSG00000149292	TTC12	-2.44859493343277	54970	TTC12	GO_BP	GO:0035082	axoneme assembly	-2.65556228688443	4.75511741335502e-10	Healthy_enriched
ENSG00000172426	RSPH9	-2.43356780892909	221421	RSPH9	GO_BP	GO:0035082	axoneme assembly	-2.65556228688443	4.75511741335502e-10	Healthy_enriched
ENSG00000206530	CFAP44	-2.43240141049191	55779	CFAP44	GO_BP	GO:0035082	axoneme assembly	-2.65556228688443	4.75511741335502e-10	Healthy_enriched
ENSG00000104450	SPAG1	-2.39810978533605	6674	SPAG1	GO_BP	GO:0035082	axoneme assembly	-2.65556228688443	4.75511741335502e-10	Healthy_enriched
ENSG00000118690	ARMC2	-2.3805995784544	84071	ARMC2	GO_BP	GO:0035082	axoneme assembly	-2.65556228688443	4.75511741335502e-10	Healthy_enriched
ENSG00000198718	TOGARAM1	-2.32506685558006	23116	TOGARAM1	GO_BP	GO:0035082	axoneme assembly	-2.65556228688443	4.75511741335502e-10	Healthy_enriched
ENSG00000160345	C9orf116	-2.23593942627226	138162	PIERCE1	GO_BP	GO:0035082	axoneme assembly	-2.65556228688443	4.75511741335502e-10	Healthy_enriched
ENSG00000163482	STK36	-2.22263138357366	27148	STK36	GO_BP	GO:0035082	axoneme assembly	-2.65556228688443	4.75511741335502e-10	Healthy_enriched
ENSG00000077327	SPAG6	-2.2014659739944	9576	SPAG6	GO_BP	GO:0035082	axoneme assembly	-2.65556228688443	4.75511741335502e-10	Healthy_enriched
ENSG00000159625	DRC7	-2.04957973320606	84229	DRC7	GO_BP	GO:0035082	axoneme assembly	-2.65556228688443	4.75511741335502e-10	Healthy_enriched
ENSG00000105948	TTC26	-2.0169427391568	79989	IFT56	GO_BP	GO:0035082	axoneme assembly	-2.65556228688443	4.75511741335502e-10	Healthy_enriched
ENSG00000183833	MAATS1	-1.96621327336679	89876	CFAP91	GO_BP	GO:0035082	axoneme assembly	-2.65556228688443	4.75511741335502e-10	Healthy_enriched
ENSG00000157856	DRC1	-1.90617838314611	92749	DRC1	GO_BP	GO:0035082	axoneme assembly	-2.65556228688443	4.75511741335502e-10	Healthy_enriched
ENSG00000077279	DCX	-1.90063376878697	1641	DCX	GO_BP	GO:0035082	axoneme assembly	-2.65556228688443	4.75511741335502e-10	Healthy_enriched
ENSG00000034239	EFCAB1	-1.87942293128227	79645	CLXN	GO_BP	GO:0035082	axoneme assembly	-2.65556228688443	4.75511741335502e-10	Healthy_enriched
ENSG00000160188	RSPH1	-1.83000000794513	89765	RSPH1	GO_BP	GO:0035082	axoneme assembly	-2.65556228688443	4.75511741335502e-10	Healthy_enriched
ENSG00000163584	RPL22L1	11.497577287636	200916	RPL22L1	Reactome	R-HSA-6791226	Major pathway of rRNA processing in the nucleolus and cytosol	3.16045778968193	4.48711857703167e-35	PD_enriched
ENSG00000065183	WDR3	10.8523932320542	10885	WDR3	Reactome	R-HSA-6791226	Major pathway of rRNA processing in the nucleolus and cytosol	3.16045778968193	4.48711857703167e-35	PD_enriched
ENSG00000163938	GNL3	10.1778617319614	26354	GNL3	Reactome	R-HSA-6791226	Major pathway of rRNA processing in the nucleolus and cytosol	3.16045778968193	4.48711857703167e-35	PD_enriched
ENSG00000261236	BOP1	8.5723101438811	23246	BOP1	Reactome	R-HSA-6791226	Major pathway of rRNA processing in the nucleolus and cytosol	3.16045778968193	4.48711857703167e-35	PD_enriched
ENSG00000108651	UTP6	8.46758169497542	55813	UTP6	Reactome	R-HSA-6791226	Major pathway of rRNA processing in the nucleolus and cytosol	3.16045778968193	4.48711857703167e-35	PD_enriched
ENSG00000122026	RPL21	8.44831519842166	6144	RPL21	Reactome	R-HSA-6791226	Major pathway of rRNA processing in the nucleolus and cytosol	3.16045778968193	4.48711857703167e-35	PD_enriched
ENSG00000115368	WDR75	7.74207739970812	84128	WDR75	Reactome	R-HSA-6791226	Major pathway of rRNA processing in the nucleolus and cytosol	3.16045778968193	4.48711857703167e-35	PD_enriched
ENSG00000077348	EXOSC5	7.55407131077948	56915	EXOSC5	Reactome	R-HSA-6791226	Major pathway of rRNA processing in the nucleolus and cytosol	3.16045778968193	4.48711857703167e-35	PD_enriched
ENSG00000148843	PDCD11	7.37842030103843	22984	PDCD11	Reactome	R-HSA-6791226	Major pathway of rRNA processing in the nucleolus and cytosol	3.16045778968193	4.48711857703167e-35	PD_enriched
ENSG00000114767	RRP9	7.20914680954931	9136	RRP9	Reactome	R-HSA-6791226	Major pathway of rRNA processing in the nucleolus and cytosol	3.16045778968193	4.48711857703167e-35	PD_enriched
ENSG00000138442	WDR12	7.19195591986127	55759	WDR12	Reactome	R-HSA-6791226	Major pathway of rRNA processing in the nucleolus and cytosol	3.16045778968193	4.48711857703167e-35	PD_enriched
ENSG00000165732	DDX21	7.18652192335069	9188	DDX21	Reactome	R-HSA-6791226	Major pathway of rRNA processing in the nucleolus and cytosol	3.16045778968193	4.48711857703167e-35	PD_enriched
ENSG00000134987	WDR36	6.82918335172519	134430	WDR36	Reactome	R-HSA-6791226	Major pathway of rRNA processing in the nucleolus and cytosol	3.16045778968193	4.48711857703167e-35	PD_enriched
ENSG00000100138	SNU13	6.68247181347062	4809	SNU13	Reactome	R-HSA-6791226	Major pathway of rRNA processing in the nucleolus and cytosol	3.16045778968193	4.48711857703167e-35	PD_enriched
ENSG00000136718	IMP4	6.55399687887228	92856	IMP4	Reactome	R-HSA-6791226	Major pathway of rRNA processing in the nucleolus and cytosol	3.16045778968193	4.48711857703167e-35	PD_enriched
ENSG00000197728	RPS26	6.25641272086258	6231	RPS26	Reactome	R-HSA-6791226	Major pathway of rRNA processing in the nucleolus and cytosol	3.16045778968193	4.48711857703167e-35	PD_enriched
ENSG00000163811	WDR43	6.2542793485363	23160	WDR43	Reactome	R-HSA-6791226	Major pathway of rRNA processing in the nucleolus and cytosol	3.16045778968193	4.48711857703167e-35	PD_enriched
ENSG00000141456	PELP1	6.13482677127779	27043	PELP1	Reactome	R-HSA-6791226	Major pathway of rRNA processing in the nucleolus and cytosol	3.16045778968193	4.48711857703167e-35	PD_enriched
ENSG00000131469	RPL27	6.0282591383798	6155	RPL27	Reactome	R-HSA-6791226	Major pathway of rRNA processing in the nucleolus and cytosol	3.16045778968193	4.48711857703167e-35	PD_enriched
ENSG00000161970	RPL26	5.9926836022446	6154	RPL26	Reactome	R-HSA-6791226	Major pathway of rRNA processing in the nucleolus and cytosol	3.16045778968193	4.48711857703167e-35	PD_enriched
ENSG00000100029	PES1	5.8815587239032	23481	PES1	Reactome	R-HSA-6791226	Major pathway of rRNA processing in the nucleolus and cytosol	3.16045778968193	4.48711857703167e-35	PD_enriched
ENSG00000124784	RIOK1	5.84341898785887	83732	RIOK1	Reactome	R-HSA-6791226	Major pathway of rRNA processing in the nucleolus and cytosol	3.16045778968193	4.48711857703167e-35	PD_enriched
ENSG00000164934	DCAF13	5.81951108162652	25879	DCAF13	Reactome	R-HSA-6791226	Major pathway of rRNA processing in the nucleolus and cytosol	3.16045778968193	4.48711857703167e-35	PD_enriched
ENSG00000143947	RPS27A	5.72693872847809	6233	RPS27A	Reactome	R-HSA-6791226	Major pathway of rRNA processing in the nucleolus and cytosol	3.16045778968193	4.48711857703167e-35	PD_enriched
ENSG00000115268	RPS15	5.497090115136	6209	RPS15	Reactome	R-HSA-6791226	Major pathway of rRNA processing in the nucleolus and cytosol	3.16045778968193	4.48711857703167e-35	PD_enriched
ENSG00000039123	MTREX	5.49669484876156	23517	MTREX	Reactome	R-HSA-6791226	Major pathway of rRNA processing in the nucleolus and cytosol	3.16045778968193	4.48711857703167e-35	PD_enriched
ENSG00000161016	RPL8	5.44761137976038	6132	RPL8	Reactome	R-HSA-6791226	Major pathway of rRNA processing in the nucleolus and cytosol	3.16045778968193	4.48711857703167e-35	PD_enriched
ENSG00000119285	HEATR1	5.299573918899	55127	HEATR1	Reactome	R-HSA-6791226	Major pathway of rRNA processing in the nucleolus and cytosol	3.16045778968193	4.48711857703167e-35	PD_enriched
ENSG00000124787	RPP40	5.22004374487478	10799	RPP40	Reactome	R-HSA-6791226	Major pathway of rRNA processing in the nucleolus and cytosol	3.16045778968193	4.48711857703167e-35	PD_enriched
ENSG00000114391	RPL24	5.06410093998618	6152	RPL24	Reactome	R-HSA-6791226	Major pathway of rRNA processing in the nucleolus and cytosol	3.16045778968193	4.48711857703167e-35	PD_enriched
ENSG00000182899	RPL35A	5.06210038596187	6165	RPL35A	Reactome	R-HSA-6791226	Major pathway of rRNA processing in the nucleolus and cytosol	3.16045778968193	4.48711857703167e-35	PD_enriched
ENSG00000182774	RPS17	4.98049030216115	6218	RPS17	Reactome	R-HSA-6791226	Major pathway of rRNA processing in the nucleolus and cytosol	3.16045778968193	4.48711857703167e-35	PD_enriched
ENSG00000112578	BYSL	4.81594983157168	705	BYSL	Reactome	R-HSA-6791226	Major pathway of rRNA processing in the nucleolus and cytosol	3.16045778968193	4.48711857703167e-35	PD_enriched
ENSG00000197756	RPL37A	4.72736611738073	6168	RPL37A	Reactome	R-HSA-6791226	Major pathway of rRNA processing in the nucleolus and cytosol	3.16045778968193	4.48711857703167e-35	PD_enriched
ENSG00000265681	RPL17	4.7211401561642	6139	RPL17	Reactome	R-HSA-6791226	Major pathway of rRNA processing in the nucleolus and cytosol	3.16045778968193	4.48711857703167e-35	PD_enriched
ENSG00000136942	RPL35	4.65515105624381	11224	RPL35	Reactome	R-HSA-6791226	Major pathway of rRNA processing in the nucleolus and cytosol	3.16045778968193	4.48711857703167e-35	PD_enriched
ENSG00000147604	RPL7	4.62540956383952	6129	RPL7	Reactome	R-HSA-6791226	Major pathway of rRNA processing in the nucleolus and cytosol	3.16045778968193	4.48711857703167e-35	PD_enriched
ENSG00000132603	NIP7	4.62260813093055	51388	NIP7	Reactome	R-HSA-6791226	Major pathway of rRNA processing in the nucleolus and cytosol	3.16045778968193	4.48711857703167e-35	PD_enriched
ENSG00000117597	DIEXF	4.50952902507387	27042	UTP25	Reactome	R-HSA-6791226	Major pathway of rRNA processing in the nucleolus and cytosol	3.16045778968193	4.48711857703167e-35	PD_enriched
ENSG00000189306	RRP7A	4.45795959135013	27341	RRP7A	Reactome	R-HSA-6791226	Major pathway of rRNA processing in the nucleolus and cytosol	3.16045778968193	4.48711857703167e-35	PD_enriched
ENSG00000149806	FAU	4.43981542760069	2197	FAU	Reactome	R-HSA-6791226	Major pathway of rRNA processing in the nucleolus and cytosol	3.16045778968193	4.48711857703167e-35	PD_enriched
ENSG00000227057	WDR46	4.43325104043548	9277	WDR46	Reactome	R-HSA-6791226	Major pathway of rRNA processing in the nucleolus and cytosol	3.16045778968193	4.48711857703167e-35	PD_enriched
ENSG00000011260	UTP18	4.38487889493384	51096	UTP18	Reactome	R-HSA-6791226	Major pathway of rRNA processing in the nucleolus and cytosol	3.16045778968193	4.48711857703167e-35	PD_enriched
ENSG00000141101	NOB1	4.27953262398832	28987	NOB1	Reactome	R-HSA-6791226	Major pathway of rRNA processing in the nucleolus and cytosol	3.16045778968193	4.48711857703167e-35	PD_enriched
ENSG00000171858	RPS21	4.21994868261035	6227	RPS21	Reactome	R-HSA-6791226	Major pathway of rRNA processing in the nucleolus and cytosol	3.16045778968193	4.48711857703167e-35	PD_enriched
ENSG00000164587	RPS14	4.21552823045982	6208	RPS14	Reactome	R-HSA-6791226	Major pathway of rRNA processing in the nucleolus and cytosol	3.16045778968193	4.48711857703167e-35	PD_enriched
ENSG00000115946	PNO1	4.20810305828852	56902	PNO1	Reactome	R-HSA-6791226	Major pathway of rRNA processing in the nucleolus and cytosol	3.16045778968193	4.48711857703167e-35	PD_enriched
ENSG00000241343	RPL36A	4.1938343570376	6173	RPL36A	Reactome	R-HSA-6791226	Major pathway of rRNA processing in the nucleolus and cytosol	3.16045778968193	4.48711857703167e-35	PD_enriched
ENSG00000105202	FBL	4.16067853836294	2091	FBL	Reactome	R-HSA-6791226	Major pathway of rRNA processing in the nucleolus and cytosol	3.16045778968193	4.48711857703167e-35	PD_enriched
ENSG00000101361	NOP56	4.11118801935396	10528	NOP56	Reactome	R-HSA-6791226	Major pathway of rRNA processing in the nucleolus and cytosol	3.16045778968193	4.48711857703167e-35	PD_enriched
ENSG00000089009	RPL6	4.09788556182075	6128	RPL6	Reactome	R-HSA-6791226	Major pathway of rRNA processing in the nucleolus and cytosol	3.16045778968193	4.48711857703167e-35	PD_enriched
ENSG00000183751	TBL3	4.08226460734967	10607	TBL3	Reactome	R-HSA-6791226	Major pathway of rRNA processing in the nucleolus and cytosol	3.16045778968193	4.48711857703167e-35	PD_enriched
ENSG00000145425	RPS3A	3.91421752049514	6189	RPS3A	Reactome	R-HSA-6791226	Major pathway of rRNA processing in the nucleolus and cytosol	3.16045778968193	4.48711857703167e-35	PD_enriched
ENSG00000075914	EXOSC7	3.89389392252037	23016	EXOSC7	Reactome	R-HSA-6791226	Major pathway of rRNA processing in the nucleolus and cytosol	3.16045778968193	4.48711857703167e-35	PD_enriched
ENSG00000188846	RPL14	3.88516881061925	9045	RPL14	Reactome	R-HSA-6791226	Major pathway of rRNA processing in the nucleolus and cytosol	3.16045778968193	4.48711857703167e-35	PD_enriched
ENSG00000231500	RPS18	3.81762255250731	6222	RPS18	Reactome	R-HSA-6791226	Major pathway of rRNA processing in the nucleolus and cytosol	3.16045778968193	4.48711857703167e-35	PD_enriched
ENSG00000183520	UTP11	3.81659752730615	51118	UTP11	Reactome	R-HSA-6791226	Major pathway of rRNA processing in the nucleolus and cytosol	3.16045778968193	4.48711857703167e-35	PD_enriched
ENSG00000177971	IMP3	3.78823204010389	55272	IMP3	Reactome	R-HSA-6791226	Major pathway of rRNA processing in the nucleolus and cytosol	3.16045778968193	4.48711857703167e-35	PD_enriched
ENSG00000063177	RPL18	3.7459038360488	6141	RPL18	Reactome	R-HSA-6791226	Major pathway of rRNA processing in the nucleolus and cytosol	3.16045778968193	4.48711857703167e-35	PD_enriched
ENSG00000109475	RPL34	3.7443558106102	6164	RPL34	Reactome	R-HSA-6791226	Major pathway of rRNA processing in the nucleolus and cytosol	3.16045778968193	4.48711857703167e-35	PD_enriched
ENSG00000083845	RPS5	3.72429866902765	6193	RPS5	Reactome	R-HSA-6791226	Major pathway of rRNA processing in the nucleolus and cytosol	3.16045778968193	4.48711857703167e-35	PD_enriched
ENSG00000178718	RPP25	3.71385695355677	54913	RPP25	Reactome	R-HSA-6791226	Major pathway of rRNA processing in the nucleolus and cytosol	3.16045778968193	4.48711857703167e-35	PD_enriched
ENSG00000071082	RPL31	3.71224210336757	6160	RPL31	Reactome	R-HSA-6791226	Major pathway of rRNA processing in the nucleolus and cytosol	3.16045778968193	4.48711857703167e-35	PD_enriched
ENSG00000138326	RPS24	3.66839599628638	6229	RPS24	Reactome	R-HSA-6791226	Major pathway of rRNA processing in the nucleolus and cytosol	3.16045778968193	4.48711857703167e-35	PD_enriched
ENSG00000164338	UTP15	3.57725209571449	84135	UTP15	Reactome	R-HSA-6791226	Major pathway of rRNA processing in the nucleolus and cytosol	3.16045778968193	4.48711857703167e-35	PD_enriched
ENSG00000171863	RPS7	3.56411820875591	6201	RPS7	Reactome	R-HSA-6791226	Major pathway of rRNA processing in the nucleolus and cytosol	3.16045778968193	4.48711857703167e-35	PD_enriched
ENSG00000186468	RPS23	3.53890392658381	6228	RPS23	Reactome	R-HSA-6791226	Major pathway of rRNA processing in the nucleolus and cytosol	3.16045778968193	4.48711857703167e-35	PD_enriched
ENSG00000197958	RPL12	3.53426926461802	6136	RPL12	Reactome	R-HSA-6791226	Major pathway of rRNA processing in the nucleolus and cytosol	3.16045778968193	4.48711857703167e-35	PD_enriched
ENSG00000130255	RPL36	3.52869053705794	25873	RPL36	Reactome	R-HSA-6791226	Major pathway of rRNA processing in the nucleolus and cytosol	3.16045778968193	4.48711857703167e-35	PD_enriched
ENSG00000166441	RPL27A	3.52464966679619	6157	RPL27A	Reactome	R-HSA-6791226	Major pathway of rRNA processing in the nucleolus and cytosol	3.16045778968193	4.48711857703167e-35	PD_enriched
ENSG00000124614	RPS10	3.46365209012209	6204	RPS10	Reactome	R-HSA-6791226	Major pathway of rRNA processing in the nucleolus and cytosol	3.16045778968193	4.48711857703167e-35	PD_enriched
ENSG00000198755	RPL10A	3.39189329846884	4736	RPL10A	Reactome	R-HSA-6791226	Major pathway of rRNA processing in the nucleolus and cytosol	3.16045778968193	4.48711857703167e-35	PD_enriched
ENSG00000163682	RPL9	3.33952666450631	6133	RPL9	Reactome	R-HSA-6791226	Major pathway of rRNA processing in the nucleolus and cytosol	3.16045778968193	4.48711857703167e-35	PD_enriched
ENSG00000213923	CSNK1E	3.29443263288769	1454	CSNK1E	Reactome	R-HSA-6791226	Major pathway of rRNA processing in the nucleolus and cytosol	3.16045778968193	4.48711857703167e-35	PD_enriched
ENSG00000163923	RPL39L	3.15918477858004	116832	RPL39L	Reactome	R-HSA-6791226	Major pathway of rRNA processing in the nucleolus and cytosol	3.16045778968193	4.48711857703167e-35	PD_enriched
ENSG00000137818	RPLP1	3.15623145593988	6176	RPLP1	Reactome	R-HSA-6791226	Major pathway of rRNA processing in the nucleolus and cytosol	3.16045778968193	4.48711857703167e-35	PD_enriched
ENSG00000112306	RPS12	3.13663136705567	6206	RPS12	Reactome	R-HSA-6791226	Major pathway of rRNA processing in the nucleolus and cytosol	3.16045778968193	4.48711857703167e-35	PD_enriched
ENSG00000167721	TSR1	3.11908078086359	55720	TSR1	Reactome	R-HSA-6791226	Major pathway of rRNA processing in the nucleolus and cytosol	3.16045778968193	4.48711857703167e-35	PD_enriched
ENSG00000125691	RPL23	3.10710979483938	9349	RPL23	Reactome	R-HSA-6791226	Major pathway of rRNA processing in the nucleolus and cytosol	3.16045778968193	4.48711857703167e-35	PD_enriched
ENSG00000149273	RPS3	3.09452942505344	6188	RPS3	Reactome	R-HSA-6791226	Major pathway of rRNA processing in the nucleolus and cytosol	3.16045778968193	4.48711857703167e-35	PD_enriched
ENSG00000174444	RPL4	3.08118617141078	6124	RPL4	Reactome	R-HSA-6791226	Major pathway of rRNA processing in the nucleolus and cytosol	3.16045778968193	4.48711857703167e-35	PD_enriched
ENSG00000156482	RPL30	3.07704682376806	6156	RPL30	Reactome	R-HSA-6791226	Major pathway of rRNA processing in the nucleolus and cytosol	3.16045778968193	4.48711857703167e-35	PD_enriched
ENSG00000161956	SENP3	3.07167597415448	26168	SENP3	Reactome	R-HSA-6791226	Major pathway of rRNA processing in the nucleolus and cytosol	3.16045778968193	4.48711857703167e-35	PD_enriched
ENSG00000120699	EXOSC8	3.070803678384	11340	EXOSC8	Reactome	R-HSA-6791226	Major pathway of rRNA processing in the nucleolus and cytosol	3.16045778968193	4.48711857703167e-35	PD_enriched
ENSG00000165271	NOL6	3.05202431776504	65083	NOL6	Reactome	R-HSA-6791226	Major pathway of rRNA processing in the nucleolus and cytosol	3.16045778968193	4.48711857703167e-35	PD_enriched
ENSG00000110700	RPS13	3.02583697293991	6207	RPS13	Reactome	R-HSA-6791226	Major pathway of rRNA processing in the nucleolus and cytosol	3.16045778968193	4.48711857703167e-35	PD_enriched
ENSG00000162244	RPL29	3.02140783713942	6159	RPL29	Reactome	R-HSA-6791226	Major pathway of rRNA processing in the nucleolus and cytosol	3.16045778968193	4.48711857703167e-35	PD_enriched
ENSG00000165733	BMS1	3.00363318550708	9790	BMS1	Reactome	R-HSA-6791226	Major pathway of rRNA processing in the nucleolus and cytosol	3.16045778968193	4.48711857703167e-35	PD_enriched
ENSG00000141076	UTP4	2.98187084964938	84916	UTP4	Reactome	R-HSA-6791226	Major pathway of rRNA processing in the nucleolus and cytosol	3.16045778968193	4.48711857703167e-35	PD_enriched
ENSG00000124383	MPHOSPH10	2.97813814602447	10199	MPHOSPH10	Reactome	R-HSA-6791226	Major pathway of rRNA processing in the nucleolus and cytosol	3.16045778968193	4.48711857703167e-35	PD_enriched
ENSG00000144713	RPL32	2.92390630458023	6161	RPL32	Reactome	R-HSA-6791226	Major pathway of rRNA processing in the nucleolus and cytosol	3.16045778968193	4.48711857703167e-35	PD_enriched
ENSG00000105640	RPL18A	2.89739893140039	6142	RPL18A	Reactome	R-HSA-6791226	Major pathway of rRNA processing in the nucleolus and cytosol	3.16045778968193	4.48711857703167e-35	PD_enriched
ENSG00000105193	RPS16	2.89427193801556	6217	RPS16	Reactome	R-HSA-6791226	Major pathway of rRNA processing in the nucleolus and cytosol	3.16045778968193	4.48711857703167e-35	PD_enriched
ENSG00000089157	RPLP0	2.88770353222066	6175	RPLP0	Reactome	R-HSA-6791226	Major pathway of rRNA processing in the nucleolus and cytosol	3.16045778968193	4.48711857703167e-35	PD_enriched
ENSG00000117395	EBNA1BP2	2.84094561157788	10969	EBNA1BP2	Reactome	R-HSA-6791226	Major pathway of rRNA processing in the nucleolus and cytosol	3.16045778968193	4.48711857703167e-35	PD_enriched
ENSG00000100316	RPL3	2.83170507520059	6122	RPL3	Reactome	R-HSA-6791226	Major pathway of rRNA processing in the nucleolus and cytosol	3.16045778968193	4.48711857703167e-35	PD_enriched
ENSG00000233927	RPS28	2.82283285353928	6234	RPS28	Reactome	R-HSA-6791226	Major pathway of rRNA processing in the nucleolus and cytosol	3.16045778968193	4.48711857703167e-35	PD_enriched
ENSG00000142676	RPL11	2.81147700524007	6135	RPL11	Reactome	R-HSA-6791226	Major pathway of rRNA processing in the nucleolus and cytosol	3.16045778968193	4.48711857703167e-35	PD_enriched
ENSG00000198918	RPL39	2.80621164285664	6170	RPL39	Reactome	R-HSA-6791226	Major pathway of rRNA processing in the nucleolus and cytosol	3.16045778968193	4.48711857703167e-35	PD_enriched
ENSG00000177600	RPLP2	2.77510391072224	6181	RPLP2	Reactome	R-HSA-6791226	Major pathway of rRNA processing in the nucleolus and cytosol	3.16045778968193	4.48711857703167e-35	PD_enriched
ENSG00000118181	RPS25	2.75894048548326	6230	RPS25	Reactome	R-HSA-6791226	Major pathway of rRNA processing in the nucleolus and cytosol	3.16045778968193	4.48711857703167e-35	PD_enriched
ENSG00000065268	WDR18	2.74825324429595	57418	WDR18	Reactome	R-HSA-6791226	Major pathway of rRNA processing in the nucleolus and cytosol	3.16045778968193	4.48711857703167e-35	PD_enriched
ENSG00000167526	RPL13	2.72099778530917	6137	RPL13	Reactome	R-HSA-6791226	Major pathway of rRNA processing in the nucleolus and cytosol	3.16045778968193	4.48711857703167e-35	PD_enriched
ENSG00000087269	NOP14	2.70944806550448	8602	NOP14	Reactome	R-HSA-6791226	Major pathway of rRNA processing in the nucleolus and cytosol	3.16045778968193	4.48711857703167e-35	PD_enriched
ENSG00000150990	DHX37	2.70891900273841	57647	DHX37	Reactome	R-HSA-6791226	Major pathway of rRNA processing in the nucleolus and cytosol	3.16045778968193	4.48711857703167e-35	PD_enriched
ENSG00000107371	EXOSC3	2.65931328869202	51010	EXOSC3	Reactome	R-HSA-6791226	Major pathway of rRNA processing in the nucleolus and cytosol	3.16045778968193	4.48711857703167e-35	PD_enriched
ENSG00000122406	RPL5	2.65580101314655	6125	RPL5	Reactome	R-HSA-6791226	Major pathway of rRNA processing in the nucleolus and cytosol	3.16045778968193	4.48711857703167e-35	PD_enriched
ENSG00000148303	RPL7A	2.65515936153934	6130	RPL7A	Reactome	R-HSA-6791226	Major pathway of rRNA processing in the nucleolus and cytosol	3.16045778968193	4.48711857703167e-35	PD_enriched
ENSG00000105372	RPS19	2.60464392046991	6223	RPS19	Reactome	R-HSA-6791226	Major pathway of rRNA processing in the nucleolus and cytosol	3.16045778968193	4.48711857703167e-35	PD_enriched
ENSG00000168028	RPSA	2.57809039228859	3921	RPSA	Reactome	R-HSA-6791226	Major pathway of rRNA processing in the nucleolus and cytosol	3.16045778968193	4.48711857703167e-35	PD_enriched
ENSG00000134419	RPS15A	2.56238035987176	6210	RPS15A	Reactome	R-HSA-6791226	Major pathway of rRNA processing in the nucleolus and cytosol	3.16045778968193	4.48711857703167e-35	PD_enriched
ENSG00000174748	RPL15	2.54791907458143	6138	RPL15	Reactome	R-HSA-6791226	Major pathway of rRNA processing in the nucleolus and cytosol	3.16045778968193	4.48711857703167e-35	PD_enriched
ENSG00000147403	RPL10	2.53167558914681	6134	RPL10	Reactome	R-HSA-6791226	Major pathway of rRNA processing in the nucleolus and cytosol	3.16045778968193	4.48711857703167e-35	PD_enriched
ENSG00000120158	RCL1	2.4780482548799	10171	RCL1	Reactome	R-HSA-6791226	Major pathway of rRNA processing in the nucleolus and cytosol	3.16045778968193	4.48711857703167e-35	PD_enriched
ENSG00000115053	NCL	2.45412294652216	4691	NCL	Reactome	R-HSA-6791226	Major pathway of rRNA processing in the nucleolus and cytosol	3.16045778968193	4.48711857703167e-35	PD_enriched
ENSG00000126749	EMG1	2.44403443416254	10436	EMG1	Reactome	R-HSA-6791226	Major pathway of rRNA processing in the nucleolus and cytosol	3.16045778968193	4.48711857703167e-35	PD_enriched
ENSG00000165502	RPL36AL	2.44312172555023	6166	RPL36AL	Reactome	R-HSA-6791226	Major pathway of rRNA processing in the nucleolus and cytosol	3.16045778968193	4.48711857703167e-35	PD_enriched
ENSG00000142937	RPS8	2.41244060131209	6202	RPS8	Reactome	R-HSA-6791226	Major pathway of rRNA processing in the nucleolus and cytosol	3.16045778968193	4.48711857703167e-35	PD_enriched
ENSG00000136891	TEX10	2.39767876410947	54881	TEX10	Reactome	R-HSA-6791226	Major pathway of rRNA processing in the nucleolus and cytosol	3.16045778968193	4.48711857703167e-35	PD_enriched
ENSG00000140988	RPS2	2.39706702707651	6187	RPS2	Reactome	R-HSA-6791226	Major pathway of rRNA processing in the nucleolus and cytosol	3.16045778968193	4.48711857703167e-35	PD_enriched
ENSG00000130713	EXOSC2	2.38670640163853	23404	EXOSC2	Reactome	R-HSA-6791226	Major pathway of rRNA processing in the nucleolus and cytosol	3.16045778968193	4.48711857703167e-35	PD_enriched
ENSG00000120800	UTP20	2.34530698167233	27340	UTP20	Reactome	R-HSA-6791226	Major pathway of rRNA processing in the nucleolus and cytosol	3.16045778968193	4.48711857703167e-35	PD_enriched
ENSG00000170889	RPS9	2.30474284431233	6203	RPS9	Reactome	R-HSA-6791226	Major pathway of rRNA processing in the nucleolus and cytosol	3.16045778968193	4.48711857703167e-35	PD_enriched
ENSG00000108298	RPL19	2.29806119744242	6143	RPL19	Reactome	R-HSA-6791226	Major pathway of rRNA processing in the nucleolus and cytosol	3.16045778968193	4.48711857703167e-35	PD_enriched
ENSG00000137154	RPS6	2.27931016551899	6194	RPS6	Reactome	R-HSA-6791226	Major pathway of rRNA processing in the nucleolus and cytosol	3.16045778968193	4.48711857703167e-35	PD_enriched
ENSG00000145592	RPL37	2.227323005879	6167	RPL37	Reactome	R-HSA-6791226	Major pathway of rRNA processing in the nucleolus and cytosol	3.16045778968193	4.48711857703167e-35	PD_enriched
ENSG00000083520	DIS3	2.22080707568112	22894	DIS3	Reactome	R-HSA-6791226	Major pathway of rRNA processing in the nucleolus and cytosol	3.16045778968193	4.48711857703167e-35	PD_enriched
ENSG00000071462	BUD23	2.20663489234277	114049	BUD23	Reactome	R-HSA-6791226	Major pathway of rRNA processing in the nucleolus and cytosol	3.16045778968193	4.48711857703167e-35	PD_enriched
ENSG00000198242	RPL23A	2.17057884202306	6147	RPL23A	Reactome	R-HSA-6791226	Major pathway of rRNA processing in the nucleolus and cytosol	3.16045778968193	4.48711857703167e-35	PD_enriched
ENSG00000132467	UTP3	2.15503262561076	57050	UTP3	Reactome	R-HSA-6791226	Major pathway of rRNA processing in the nucleolus and cytosol	3.16045778968193	4.48711857703167e-35	PD_enriched
ENSG00000116251	RPL22	2.15012796890591	6146	RPL22	Reactome	R-HSA-6791226	Major pathway of rRNA processing in the nucleolus and cytosol	3.16045778968193	4.48711857703167e-35	PD_enriched
ENSG00000143319	ISG20L2	2.12320733559818	81875	ISG20L2	Reactome	R-HSA-6791226	Major pathway of rRNA processing in the nucleolus and cytosol	3.16045778968193	4.48711857703167e-35	PD_enriched
ENSG00000163584	RPL22L1	11.497577287636	200916	RPL22L1	Reactome	R-HSA-72613	Eukaryotic Translation Initiation	3.05930966646482	3.7792659948665e-26	PD_enriched
ENSG00000149100	EIF3M	9.38711873765472	10480	EIF3M	Reactome	R-HSA-72613	Eukaryotic Translation Initiation	3.05930966646482	3.7792659948665e-26	PD_enriched
ENSG00000122026	RPL21	8.44831519842166	6144	RPL21	Reactome	R-HSA-72613	Eukaryotic Translation Initiation	3.05930966646482	3.7792659948665e-26	PD_enriched
ENSG00000106263	EIF3B	8.05354955065372	8662	EIF3B	Reactome	R-HSA-72613	Eukaryotic Translation Initiation	3.05930966646482	3.7792659948665e-26	PD_enriched
ENSG00000107581	EIF3A	7.73911062132106	8661	EIF3A	Reactome	R-HSA-72613	Eukaryotic Translation Initiation	3.05930966646482	3.7792659948665e-26	PD_enriched
ENSG00000125977	EIF2S2	6.49619338126409	8894	EIF2S2	Reactome	R-HSA-72613	Eukaryotic Translation Initiation	3.05930966646482	3.7792659948665e-26	PD_enriched
ENSG00000197728	RPS26	6.25641272086258	6231	RPS26	Reactome	R-HSA-72613	Eukaryotic Translation Initiation	3.05930966646482	3.7792659948665e-26	PD_enriched
ENSG00000100353	EIF3D	6.14229974622214	8664	EIF3D	Reactome	R-HSA-72613	Eukaryotic Translation Initiation	3.05930966646482	3.7792659948665e-26	PD_enriched
ENSG00000131469	RPL27	6.0282591383798	6155	RPL27	Reactome	R-HSA-72613	Eukaryotic Translation Initiation	3.05930966646482	3.7792659948665e-26	PD_enriched
ENSG00000161970	RPL26	5.9926836022446	6154	RPL26	Reactome	R-HSA-72613	Eukaryotic Translation Initiation	3.05930966646482	3.7792659948665e-26	PD_enriched
ENSG00000156976	EIF4A2	5.91872728706665	1974	EIF4A2	Reactome	R-HSA-72613	Eukaryotic Translation Initiation	3.05930966646482	3.7792659948665e-26	PD_enriched
ENSG00000143947	RPS27A	5.72693872847809	6233	RPS27A	Reactome	R-HSA-72613	Eukaryotic Translation Initiation	3.05930966646482	3.7792659948665e-26	PD_enriched
ENSG00000115268	RPS15	5.497090115136	6209	RPS15	Reactome	R-HSA-72613	Eukaryotic Translation Initiation	3.05930966646482	3.7792659948665e-26	PD_enriched
ENSG00000161016	RPL8	5.44761137976038	6132	RPL8	Reactome	R-HSA-72613	Eukaryotic Translation Initiation	3.05930966646482	3.7792659948665e-26	PD_enriched
ENSG00000187840	EIF4EBP1	5.2425352099048	1978	EIF4EBP1	Reactome	R-HSA-72613	Eukaryotic Translation Initiation	3.05930966646482	3.7792659948665e-26	PD_enriched
ENSG00000158417	EIF5B	5.19227429606863	9669	EIF5B	Reactome	R-HSA-72613	Eukaryotic Translation Initiation	3.05930966646482	3.7792659948665e-26	PD_enriched
ENSG00000114391	RPL24	5.06410093998618	6152	RPL24	Reactome	R-HSA-72613	Eukaryotic Translation Initiation	3.05930966646482	3.7792659948665e-26	PD_enriched
ENSG00000182899	RPL35A	5.06210038596187	6165	RPL35A	Reactome	R-HSA-72613	Eukaryotic Translation Initiation	3.05930966646482	3.7792659948665e-26	PD_enriched
ENSG00000182774	RPS17	4.98049030216115	6218	RPS17	Reactome	R-HSA-72613	Eukaryotic Translation Initiation	3.05930966646482	3.7792659948665e-26	PD_enriched
ENSG00000070785	EIF2B3	4.73366708968957	8891	EIF2B3	Reactome	R-HSA-72613	Eukaryotic Translation Initiation	3.05930966646482	3.7792659948665e-26	PD_enriched
ENSG00000197756	RPL37A	4.72736611738073	6168	RPL37A	Reactome	R-HSA-72613	Eukaryotic Translation Initiation	3.05930966646482	3.7792659948665e-26	PD_enriched
ENSG00000265681	RPL17	4.7211401561642	6139	RPL17	Reactome	R-HSA-72613	Eukaryotic Translation Initiation	3.05930966646482	3.7792659948665e-26	PD_enriched
ENSG00000136942	RPL35	4.65515105624381	11224	RPL35	Reactome	R-HSA-72613	Eukaryotic Translation Initiation	3.05930966646482	3.7792659948665e-26	PD_enriched
ENSG00000147604	RPL7	4.62540956383952	6129	RPL7	Reactome	R-HSA-72613	Eukaryotic Translation Initiation	3.05930966646482	3.7792659948665e-26	PD_enriched
ENSG00000149806	FAU	4.43981542760069	2197	FAU	Reactome	R-HSA-72613	Eukaryotic Translation Initiation	3.05930966646482	3.7792659948665e-26	PD_enriched
ENSG00000084623	EIF3I	4.40035916967744	8668	EIF3I	Reactome	R-HSA-72613	Eukaryotic Translation Initiation	3.05930966646482	3.7792659948665e-26	PD_enriched
ENSG00000114867	EIF4G1	4.37614160600964	1981	EIF4G1	Reactome	R-HSA-72613	Eukaryotic Translation Initiation	3.05930966646482	3.7792659948665e-26	PD_enriched
ENSG00000171858	RPS21	4.21994868261035	6227	RPS21	Reactome	R-HSA-72613	Eukaryotic Translation Initiation	3.05930966646482	3.7792659948665e-26	PD_enriched
ENSG00000164587	RPS14	4.21552823045982	6208	RPS14	Reactome	R-HSA-72613	Eukaryotic Translation Initiation	3.05930966646482	3.7792659948665e-26	PD_enriched
ENSG00000241343	RPL36A	4.1938343570376	6173	RPL36A	Reactome	R-HSA-72613	Eukaryotic Translation Initiation	3.05930966646482	3.7792659948665e-26	PD_enriched
ENSG00000070756	PABPC1	4.14260780046817	26986	PABPC1	Reactome	R-HSA-72613	Eukaryotic Translation Initiation	3.05930966646482	3.7792659948665e-26	PD_enriched
ENSG00000089009	RPL6	4.09788556182075	6128	RPL6	Reactome	R-HSA-72613	Eukaryotic Translation Initiation	3.05930966646482	3.7792659948665e-26	PD_enriched
ENSG00000151247	EIF4E	4.08337406455867	1977	EIF4E	Reactome	R-HSA-72613	Eukaryotic Translation Initiation	3.05930966646482	3.7792659948665e-26	PD_enriched
ENSG00000161960	EIF4A1	3.99591789344392	1973	EIF4A1	Reactome	R-HSA-72613	Eukaryotic Translation Initiation	3.05930966646482	3.7792659948665e-26	PD_enriched
ENSG00000145425	RPS3A	3.91421752049514	6189	RPS3A	Reactome	R-HSA-72613	Eukaryotic Translation Initiation	3.05930966646482	3.7792659948665e-26	PD_enriched
ENSG00000188846	RPL14	3.88516881061925	9045	RPL14	Reactome	R-HSA-72613	Eukaryotic Translation Initiation	3.05930966646482	3.7792659948665e-26	PD_enriched
ENSG00000134001	EIF2S1	3.87086794080582	1965	EIF2S1	Reactome	R-HSA-72613	Eukaryotic Translation Initiation	3.05930966646482	3.7792659948665e-26	PD_enriched
ENSG00000231500	RPS18	3.81762255250731	6222	RPS18	Reactome	R-HSA-72613	Eukaryotic Translation Initiation	3.05930966646482	3.7792659948665e-26	PD_enriched
ENSG00000063177	RPL18	3.7459038360488	6141	RPL18	Reactome	R-HSA-72613	Eukaryotic Translation Initiation	3.05930966646482	3.7792659948665e-26	PD_enriched
ENSG00000109475	RPL34	3.7443558106102	6164	RPL34	Reactome	R-HSA-72613	Eukaryotic Translation Initiation	3.05930966646482	3.7792659948665e-26	PD_enriched
ENSG00000083845	RPS5	3.72429866902765	6193	RPS5	Reactome	R-HSA-72613	Eukaryotic Translation Initiation	3.05930966646482	3.7792659948665e-26	PD_enriched
ENSG00000071082	RPL31	3.71224210336757	6160	RPL31	Reactome	R-HSA-72613	Eukaryotic Translation Initiation	3.05930966646482	3.7792659948665e-26	PD_enriched
ENSG00000138326	RPS24	3.66839599628638	6229	RPS24	Reactome	R-HSA-72613	Eukaryotic Translation Initiation	3.05930966646482	3.7792659948665e-26	PD_enriched
ENSG00000104131	EIF3J	3.62607553806267	8669	EIF3J	Reactome	R-HSA-72613	Eukaryotic Translation Initiation	3.05930966646482	3.7792659948665e-26	PD_enriched
ENSG00000104408	EIF3E	3.58631044924984	3646	EIF3E	Reactome	R-HSA-72613	Eukaryotic Translation Initiation	3.05930966646482	3.7792659948665e-26	PD_enriched
ENSG00000171863	RPS7	3.56411820875591	6201	RPS7	Reactome	R-HSA-72613	Eukaryotic Translation Initiation	3.05930966646482	3.7792659948665e-26	PD_enriched
ENSG00000186468	RPS23	3.53890392658381	6228	RPS23	Reactome	R-HSA-72613	Eukaryotic Translation Initiation	3.05930966646482	3.7792659948665e-26	PD_enriched
ENSG00000197958	RPL12	3.53426926461802	6136	RPL12	Reactome	R-HSA-72613	Eukaryotic Translation Initiation	3.05930966646482	3.7792659948665e-26	PD_enriched
ENSG00000130255	RPL36	3.52869053705794	25873	RPL36	Reactome	R-HSA-72613	Eukaryotic Translation Initiation	3.05930966646482	3.7792659948665e-26	PD_enriched
ENSG00000166441	RPL27A	3.52464966679619	6157	RPL27A	Reactome	R-HSA-72613	Eukaryotic Translation Initiation	3.05930966646482	3.7792659948665e-26	PD_enriched
ENSG00000124614	RPS10	3.46365209012209	6204	RPS10	Reactome	R-HSA-72613	Eukaryotic Translation Initiation	3.05930966646482	3.7792659948665e-26	PD_enriched
ENSG00000198755	RPL10A	3.39189329846884	4736	RPL10A	Reactome	R-HSA-72613	Eukaryotic Translation Initiation	3.05930966646482	3.7792659948665e-26	PD_enriched
ENSG00000106682	EIF4H	3.35826593655234	7458	EIF4H	Reactome	R-HSA-72613	Eukaryotic Translation Initiation	3.05930966646482	3.7792659948665e-26	PD_enriched
ENSG00000163682	RPL9	3.33952666450631	6133	RPL9	Reactome	R-HSA-72613	Eukaryotic Translation Initiation	3.05930966646482	3.7792659948665e-26	PD_enriched
ENSG00000115211	EIF2B4	3.21579260704361	8890	EIF2B4	Reactome	R-HSA-72613	Eukaryotic Translation Initiation	3.05930966646482	3.7792659948665e-26	PD_enriched
ENSG00000163923	RPL39L	3.15918477858004	116832	RPL39L	Reactome	R-HSA-72613	Eukaryotic Translation Initiation	3.05930966646482	3.7792659948665e-26	PD_enriched
ENSG00000137818	RPLP1	3.15623145593988	6176	RPLP1	Reactome	R-HSA-72613	Eukaryotic Translation Initiation	3.05930966646482	3.7792659948665e-26	PD_enriched
ENSG00000112306	RPS12	3.13663136705567	6206	RPS12	Reactome	R-HSA-72613	Eukaryotic Translation Initiation	3.05930966646482	3.7792659948665e-26	PD_enriched
ENSG00000125691	RPL23	3.10710979483938	9349	RPL23	Reactome	R-HSA-72613	Eukaryotic Translation Initiation	3.05930966646482	3.7792659948665e-26	PD_enriched
ENSG00000149273	RPS3	3.09452942505344	6188	RPS3	Reactome	R-HSA-72613	Eukaryotic Translation Initiation	3.05930966646482	3.7792659948665e-26	PD_enriched
ENSG00000174444	RPL4	3.08118617141078	6124	RPL4	Reactome	R-HSA-72613	Eukaryotic Translation Initiation	3.05930966646482	3.7792659948665e-26	PD_enriched
ENSG00000156482	RPL30	3.07704682376806	6156	RPL30	Reactome	R-HSA-72613	Eukaryotic Translation Initiation	3.05930966646482	3.7792659948665e-26	PD_enriched
ENSG00000110700	RPS13	3.02583697293991	6207	RPS13	Reactome	R-HSA-72613	Eukaryotic Translation Initiation	3.05930966646482	3.7792659948665e-26	PD_enriched
ENSG00000162244	RPL29	3.02140783713942	6159	RPL29	Reactome	R-HSA-72613	Eukaryotic Translation Initiation	3.05930966646482	3.7792659948665e-26	PD_enriched
ENSG00000144713	RPL32	2.92390630458023	6161	RPL32	Reactome	R-HSA-72613	Eukaryotic Translation Initiation	3.05930966646482	3.7792659948665e-26	PD_enriched
ENSG00000105640	RPL18A	2.89739893140039	6142	RPL18A	Reactome	R-HSA-72613	Eukaryotic Translation Initiation	3.05930966646482	3.7792659948665e-26	PD_enriched
ENSG00000105193	RPS16	2.89427193801556	6217	RPS16	Reactome	R-HSA-72613	Eukaryotic Translation Initiation	3.05930966646482	3.7792659948665e-26	PD_enriched
ENSG00000178982	EIF3K	2.88790415816604	27335	EIF3K	Reactome	R-HSA-72613	Eukaryotic Translation Initiation	3.05930966646482	3.7792659948665e-26	PD_enriched
ENSG00000089157	RPLP0	2.88770353222066	6175	RPLP0	Reactome	R-HSA-72613	Eukaryotic Translation Initiation	3.05930966646482	3.7792659948665e-26	PD_enriched
ENSG00000100316	RPL3	2.83170507520059	6122	RPL3	Reactome	R-HSA-72613	Eukaryotic Translation Initiation	3.05930966646482	3.7792659948665e-26	PD_enriched
ENSG00000233927	RPS28	2.82283285353928	6234	RPS28	Reactome	R-HSA-72613	Eukaryotic Translation Initiation	3.05930966646482	3.7792659948665e-26	PD_enriched
ENSG00000142676	RPL11	2.81147700524007	6135	RPL11	Reactome	R-HSA-72613	Eukaryotic Translation Initiation	3.05930966646482	3.7792659948665e-26	PD_enriched
ENSG00000198918	RPL39	2.80621164285664	6170	RPL39	Reactome	R-HSA-72613	Eukaryotic Translation Initiation	3.05930966646482	3.7792659948665e-26	PD_enriched
ENSG00000130811	EIF3G	2.80210813059998	8666	EIF3G	Reactome	R-HSA-72613	Eukaryotic Translation Initiation	3.05930966646482	3.7792659948665e-26	PD_enriched
ENSG00000177600	RPLP2	2.77510391072224	6181	RPLP2	Reactome	R-HSA-72613	Eukaryotic Translation Initiation	3.05930966646482	3.7792659948665e-26	PD_enriched
ENSG00000118181	RPS25	2.75894048548326	6230	RPS25	Reactome	R-HSA-72613	Eukaryotic Translation Initiation	3.05930966646482	3.7792659948665e-26	PD_enriched
ENSG00000063046	EIF4B	2.74965454481839	1975	EIF4B	Reactome	R-HSA-72613	Eukaryotic Translation Initiation	3.05930966646482	3.7792659948665e-26	PD_enriched
ENSG00000167526	RPL13	2.72099778530917	6137	RPL13	Reactome	R-HSA-72613	Eukaryotic Translation Initiation	3.05930966646482	3.7792659948665e-26	PD_enriched
ENSG00000122406	RPL5	2.65580101314655	6125	RPL5	Reactome	R-HSA-72613	Eukaryotic Translation Initiation	3.05930966646482	3.7792659948665e-26	PD_enriched
ENSG00000148303	RPL7A	2.65515936153934	6130	RPL7A	Reactome	R-HSA-72613	Eukaryotic Translation Initiation	3.05930966646482	3.7792659948665e-26	PD_enriched
ENSG00000105372	RPS19	2.60464392046991	6223	RPS19	Reactome	R-HSA-72613	Eukaryotic Translation Initiation	3.05930966646482	3.7792659948665e-26	PD_enriched
ENSG00000168028	RPSA	2.57809039228859	3921	RPSA	Reactome	R-HSA-72613	Eukaryotic Translation Initiation	3.05930966646482	3.7792659948665e-26	PD_enriched
ENSG00000134419	RPS15A	2.56238035987176	6210	RPS15A	Reactome	R-HSA-72613	Eukaryotic Translation Initiation	3.05930966646482	3.7792659948665e-26	PD_enriched
ENSG00000174748	RPL15	2.54791907458143	6138	RPL15	Reactome	R-HSA-72613	Eukaryotic Translation Initiation	3.05930966646482	3.7792659948665e-26	PD_enriched
ENSG00000147403	RPL10	2.53167558914681	6134	RPL10	Reactome	R-HSA-72613	Eukaryotic Translation Initiation	3.05930966646482	3.7792659948665e-26	PD_enriched
ENSG00000165502	RPL36AL	2.44312172555023	6166	RPL36AL	Reactome	R-HSA-72613	Eukaryotic Translation Initiation	3.05930966646482	3.7792659948665e-26	PD_enriched
ENSG00000142937	RPS8	2.41244060131209	6202	RPS8	Reactome	R-HSA-72613	Eukaryotic Translation Initiation	3.05930966646482	3.7792659948665e-26	PD_enriched
ENSG00000140988	RPS2	2.39706702707651	6187	RPS2	Reactome	R-HSA-72613	Eukaryotic Translation Initiation	3.05930966646482	3.7792659948665e-26	PD_enriched
ENSG00000170889	RPS9	2.30474284431233	6203	RPS9	Reactome	R-HSA-72613	Eukaryotic Translation Initiation	3.05930966646482	3.7792659948665e-26	PD_enriched
ENSG00000108298	RPL19	2.29806119744242	6143	RPL19	Reactome	R-HSA-72613	Eukaryotic Translation Initiation	3.05930966646482	3.7792659948665e-26	PD_enriched
ENSG00000147677	EIF3H	2.28106939527899	8667	EIF3H	Reactome	R-HSA-72613	Eukaryotic Translation Initiation	3.05930966646482	3.7792659948665e-26	PD_enriched
ENSG00000137154	RPS6	2.27931016551899	6194	RPS6	Reactome	R-HSA-72613	Eukaryotic Translation Initiation	3.05930966646482	3.7792659948665e-26	PD_enriched
ENSG00000145592	RPL37	2.227323005879	6167	RPL37	Reactome	R-HSA-72613	Eukaryotic Translation Initiation	3.05930966646482	3.7792659948665e-26	PD_enriched
ENSG00000198242	RPL23A	2.17057884202306	6147	RPL23A	Reactome	R-HSA-72613	Eukaryotic Translation Initiation	3.05930966646482	3.7792659948665e-26	PD_enriched
ENSG00000116251	RPL22	2.15012796890591	6146	RPL22	Reactome	R-HSA-72613	Eukaryotic Translation Initiation	3.05930966646482	3.7792659948665e-26	PD_enriched
ENSG00000182473	EXOC7	-9.37993979603725	23265	EXOC7	Reactome	R-HSA-5617833	Cilium Assembly	-1.77057309506828	0.000366984372481086	Healthy_enriched
ENSG00000140463	BBS4	-7.94990301930473	585	BBS4	Reactome	R-HSA-5617833	Cilium Assembly	-1.77057309506828	0.000366984372481086	Healthy_enriched
ENSG00000048342	CC2D2A	-7.76277921274899	57545	CC2D2A	Reactome	R-HSA-5617833	Cilium Assembly	-1.77057309506828	0.000366984372481086	Healthy_enriched
ENSG00000168778	TCTN2	-6.61205191774613	79867	TCTN2	Reactome	R-HSA-5617833	Cilium Assembly	-1.77057309506828	0.000366984372481086	Healthy_enriched
ENSG00000167552	TUBA1A	-5.93464682799774	7846	TUBA1A	Reactome	R-HSA-5617833	Cilium Assembly	-1.77057309506828	0.000366984372481086	Healthy_enriched
ENSG00000147400	CETN2	-5.86356457255471	1069	CETN2	Reactome	R-HSA-5617833	Cilium Assembly	-1.77057309506828	0.000366984372481086	Healthy_enriched
ENSG00000011143	MKS1	-5.43269963542069	54903	MKS1	Reactome	R-HSA-5617833	Cilium Assembly	-1.77057309506828	0.000366984372481086	Healthy_enriched
ENSG00000141551	CSNK1D	-5.36762053754363	1453	CSNK1D	Reactome	R-HSA-5617833	Cilium Assembly	-1.77057309506828	0.000366984372481086	Healthy_enriched
ENSG00000114107	CEP70	-4.88497133534889	80321	CEP70	Reactome	R-HSA-5617833	Cilium Assembly	-1.77057309506828	0.000366984372481086	Healthy_enriched
ENSG00000118096	IFT46	-4.87543244492543	56912	IFT46	Reactome	R-HSA-5617833	Cilium Assembly	-1.77057309506828	0.000366984372481086	Healthy_enriched
ENSG00000204852	TCTN1	-4.84208039688611	79600	TCTN1	Reactome	R-HSA-5617833	Cilium Assembly	-1.77057309506828	0.000366984372481086	Healthy_enriched
ENSG00000104833	TUBB4A	-4.80496782850585	10382	TUBB4A	Reactome	R-HSA-5617833	Cilium Assembly	-1.77057309506828	0.000366984372481086	Healthy_enriched
ENSG00000094631	HDAC6	-4.78416071472688	10013	HDAC6	Reactome	R-HSA-5617833	Cilium Assembly	-1.77057309506828	0.000366984372481086	Healthy_enriched
ENSG00000072062	PRKACA	-4.78140417570567	5566	PRKACA	Reactome	R-HSA-5617833	Cilium Assembly	-1.77057309506828	0.000366984372481086	Healthy_enriched
ENSG00000068885	IFT80	-4.71970158508303	57560	IFT80	Reactome	R-HSA-5617833	Cilium Assembly	-1.77057309506828	0.000366984372481086	Healthy_enriched
ENSG00000103351	CLUAP1	-4.37198522482856	23059	CLUAP1	Reactome	R-HSA-5617833	Cilium Assembly	-1.77057309506828	0.000366984372481086	Healthy_enriched
ENSG00000032742	IFT88	-4.24364173567924	8100	IFT88	Reactome	R-HSA-5617833	Cilium Assembly	-1.77057309506828	0.000366984372481086	Healthy_enriched
ENSG00000204843	DCTN1	-4.16932937783224	1639	DCTN1	Reactome	R-HSA-5617833	Cilium Assembly	-1.77057309506828	0.000366984372481086	Healthy_enriched
ENSG00000144061	NPHP1	-4.1097661834303	4867	NPHP1	Reactome	R-HSA-5617833	Cilium Assembly	-1.77057309506828	0.000366984372481086	Healthy_enriched
ENSG00000163093	BBS5	-4.09447893632363	129880	BBS5	Reactome	R-HSA-5617833	Cilium Assembly	-1.77057309506828	0.000366984372481086	Healthy_enriched
ENSG00000165533	TTC8	-3.90152327504477	123016	TTC8	Reactome	R-HSA-5617833	Cilium Assembly	-1.77057309506828	0.000366984372481086	Healthy_enriched
ENSG00000196659	TTC30B	-3.84015324025252	150737	IFT70B	Reactome	R-HSA-5617833	Cilium Assembly	-1.77057309506828	0.000366984372481086	Healthy_enriched
ENSG00000096872	IFT74	-3.75856437518021	80173	IFT74	Reactome	R-HSA-5617833	Cilium Assembly	-1.77057309506828	0.000366984372481086	Healthy_enriched
ENSG00000128581	IFT22	-3.60311844629366	64792	IFT22	Reactome	R-HSA-5617833	Cilium Assembly	-1.77057309506828	0.000366984372481086	Healthy_enriched
ENSG00000198707	CEP290	-3.4962217795983	80184	CEP290	Reactome	R-HSA-5617833	Cilium Assembly	-1.77057309506828	0.000366984372481086	Healthy_enriched
ENSG00000107862	GBF1	-3.4952177413053	8729	GBF1	Reactome	R-HSA-5617833	Cilium Assembly	-1.77057309506828	0.000366984372481086	Healthy_enriched
ENSG00000138175	ARL3	-3.39673363485637	403	ARL3	Reactome	R-HSA-5617833	Cilium Assembly	-1.77057309506828	0.000366984372481086	Healthy_enriched
ENSG00000108641	B9D1	-3.39104297544115	27077	B9D1	Reactome	R-HSA-5617833	Cilium Assembly	-1.77057309506828	0.000366984372481086	Healthy_enriched
ENSG00000164953	TMEM67	-3.34358473106183	91147	TMEM67	Reactome	R-HSA-5617833	Cilium Assembly	-1.77057309506828	0.000366984372481086	Healthy_enriched
ENSG00000141577	CEP131	-3.34316216628023	22994	CEP131	Reactome	R-HSA-5617833	Cilium Assembly	-1.77057309506828	0.000366984372481086	Healthy_enriched
ENSG00000163913	IFT122	-3.30079783763226	55764	IFT122	Reactome	R-HSA-5617833	Cilium Assembly	-1.77057309506828	0.000366984372481086	Healthy_enriched
ENSG00000179941	BBS10	-3.25825737681466	79738	BBS10	Reactome	R-HSA-5617833	Cilium Assembly	-1.77057309506828	0.000366984372481086	Healthy_enriched
ENSG00000127914	AKAP9	-3.22695093178301	10142	AKAP9	Reactome	R-HSA-5617833	Cilium Assembly	-1.77057309506828	0.000366984372481086	Healthy_enriched
ENSG00000101350	KIF3B	-3.17061898547115	9371	KIF3B	Reactome	R-HSA-5617833	Cilium Assembly	-1.77057309506828	0.000366984372481086	Healthy_enriched
ENSG00000163818	LZTFL1	-3.13993676197012	54585	LZTFL1	Reactome	R-HSA-5617833	Cilium Assembly	-1.77057309506828	0.000366984372481086	Healthy_enriched
ENSG00000175970	UNC119B	-3.07507740281805	84747	UNC119B	Reactome	R-HSA-5617833	Cilium Assembly	-1.77057309506828	0.000366984372481086	Healthy_enriched
ENSG00000121289	CEP89	-3.03579133342071	84902	CEP89	Reactome	R-HSA-5617833	Cilium Assembly	-1.77057309506828	0.000366984372481086	Healthy_enriched
ENSG00000187535	IFT140	-2.95074176529123	9742	IFT140	Reactome	R-HSA-5617833	Cilium Assembly	-1.77057309506828	0.000366984372481086	Healthy_enriched
ENSG00000105568	PPP2R1A	-2.9153684781785	5518	PPP2R1A	Reactome	R-HSA-5617833	Cilium Assembly	-1.77057309506828	0.000366984372481086	Healthy_enriched
ENSG00000138036	DYNC2LI1	-2.73412679110594	51626	DYNC2LI1	Reactome	R-HSA-5617833	Cilium Assembly	-1.77057309506828	0.000366984372481086	Healthy_enriched
ENSG00000166851	PLK1	-2.70223248054729	5347	PLK1	Reactome	R-HSA-5617833	Cilium Assembly	-1.77057309506828	0.000366984372481086	Healthy_enriched
ENSG00000100815	TRIP11	-2.69300781630081	9321	TRIP11	Reactome	R-HSA-5617833	Cilium Assembly	-1.77057309506828	0.000366984372481086	Healthy_enriched
ENSG00000136861	CDK5RAP2	-2.67374549384547	55755	CDK5RAP2	Reactome	R-HSA-5617833	Cilium Assembly	-1.77057309506828	0.000366984372481086	Healthy_enriched
ENSG00000101004	NINL	-2.63666163216225	22981	NINL	Reactome	R-HSA-5617833	Cilium Assembly	-1.77057309506828	0.000366984372481086	Healthy_enriched
ENSG00000074054	CLASP1	-2.59725670480988	23332	CLASP1	Reactome	R-HSA-5617833	Cilium Assembly	-1.77057309506828	0.000366984372481086	Healthy_enriched
ENSG00000137285	TUBB2B	-2.59222426308824	347733	TUBB2B	Reactome	R-HSA-5617833	Cilium Assembly	-1.77057309506828	0.000366984372481086	Healthy_enriched
ENSG00000123810	B9D2	-2.57418393823931	80776	B9D2	Reactome	R-HSA-5617833	Cilium Assembly	-1.77057309506828	0.000366984372481086	Healthy_enriched
ENSG00000174483	BBS1	-2.57166195493569	582	BBS1	Reactome	R-HSA-5617833	Cilium Assembly	-1.77057309506828	0.000366984372481086	Healthy_enriched
ENSG00000100360	IFT27	-2.55779813787944	11020	IFT27	Reactome	R-HSA-5617833	Cilium Assembly	-1.77057309506828	0.000366984372481086	Healthy_enriched
ENSG00000119977	TCTN3	-2.55326883354775	26123	TCTN3	Reactome	R-HSA-5617833	Cilium Assembly	-1.77057309506828	0.000366984372481086	Healthy_enriched
ENSG00000197557	TTC30A	-2.47894779031665	92104	IFT70A	Reactome	R-HSA-5617833	Cilium Assembly	-1.77057309506828	0.000366984372481086	Healthy_enriched
ENSG00000137343	ATAT1	-2.43054693229276	79969	ATAT1	Reactome	R-HSA-5617833	Cilium Assembly	-1.77057309506828	0.000366984372481086	Healthy_enriched
ENSG00000168385	SEPT2	-2.32385124798879	4735	SEPTIN2	Reactome	R-HSA-5617833	Cilium Assembly	-1.77057309506828	0.000366984372481086	Healthy_enriched
ENSG00000113971	NPHP3	-2.15873810134042	27031	NPHP3	Reactome	R-HSA-5617833	Cilium Assembly	-1.77057309506828	0.000366984372481086	Healthy_enriched
ENSG00000090989	EXOC1	-2.15357248794823	55763	EXOC1	Reactome	R-HSA-5617833	Cilium Assembly	-1.77057309506828	0.000366984372481086	Healthy_enriched
ENSG00000137100	DCTN3	-2.14437288134011	11258	DCTN3	Reactome	R-HSA-5617833	Cilium Assembly	-1.77057309506828	0.000366984372481086	Healthy_enriched
ENSG00000114446	IFT57	-2.04045285795552	55081	IFT57	Reactome	R-HSA-5617833	Cilium Assembly	-1.77057309506828	0.000366984372481086	Healthy_enriched
ENSG00000105948	TTC26	-2.0169427391568	79989	IFT56	Reactome	R-HSA-5617833	Cilium Assembly	-1.77057309506828	0.000366984372481086	Healthy_enriched
ENSG00000122970	IFT81	-2.00162475363277	28981	IFT81	Reactome	R-HSA-5617833	Cilium Assembly	-1.77057309506828	0.000366984372481086	Healthy_enriched
ENSG00000204104	TRAF3IP1	-1.97277187253127	26146	TRAF3IP1	Reactome	R-HSA-5617833	Cilium Assembly	-1.77057309506828	0.000366984372481086	Healthy_enriched
ENSG00000138002	IFT172	-1.95164788726091	26160	IFT172	Reactome	R-HSA-5617833	Cilium Assembly	-1.77057309506828	0.000366984372481086	Healthy_enriched
ENSG00000167552	TUBA1A	-5.93464682799774	7846	TUBA1A	Reactome	R-HSA-5620924	Intraflagellar transport	-2.03790409104599	0.00131114609737172	Healthy_enriched
ENSG00000118096	IFT46	-4.87543244492543	56912	IFT46	Reactome	R-HSA-5620924	Intraflagellar transport	-2.03790409104599	0.00131114609737172	Healthy_enriched
ENSG00000104833	TUBB4A	-4.80496782850585	10382	TUBB4A	Reactome	R-HSA-5620924	Intraflagellar transport	-2.03790409104599	0.00131114609737172	Healthy_enriched
ENSG00000068885	IFT80	-4.71970158508303	57560	IFT80	Reactome	R-HSA-5620924	Intraflagellar transport	-2.03790409104599	0.00131114609737172	Healthy_enriched
ENSG00000103351	CLUAP1	-4.37198522482856	23059	CLUAP1	Reactome	R-HSA-5620924	Intraflagellar transport	-2.03790409104599	0.00131114609737172	Healthy_enriched
ENSG00000032742	IFT88	-4.24364173567924	8100	IFT88	Reactome	R-HSA-5620924	Intraflagellar transport	-2.03790409104599	0.00131114609737172	Healthy_enriched
ENSG00000196659	TTC30B	-3.84015324025252	150737	IFT70B	Reactome	R-HSA-5620924	Intraflagellar transport	-2.03790409104599	0.00131114609737172	Healthy_enriched
ENSG00000096872	IFT74	-3.75856437518021	80173	IFT74	Reactome	R-HSA-5620924	Intraflagellar transport	-2.03790409104599	0.00131114609737172	Healthy_enriched
ENSG00000128581	IFT22	-3.60311844629366	64792	IFT22	Reactome	R-HSA-5620924	Intraflagellar transport	-2.03790409104599	0.00131114609737172	Healthy_enriched
ENSG00000163913	IFT122	-3.30079783763226	55764	IFT122	Reactome	R-HSA-5620924	Intraflagellar transport	-2.03790409104599	0.00131114609737172	Healthy_enriched
ENSG00000101350	KIF3B	-3.17061898547115	9371	KIF3B	Reactome	R-HSA-5620924	Intraflagellar transport	-2.03790409104599	0.00131114609737172	Healthy_enriched
ENSG00000187535	IFT140	-2.95074176529123	9742	IFT140	Reactome	R-HSA-5620924	Intraflagellar transport	-2.03790409104599	0.00131114609737172	Healthy_enriched
ENSG00000138036	DYNC2LI1	-2.73412679110594	51626	DYNC2LI1	Reactome	R-HSA-5620924	Intraflagellar transport	-2.03790409104599	0.00131114609737172	Healthy_enriched
ENSG00000100815	TRIP11	-2.69300781630081	9321	TRIP11	Reactome	R-HSA-5620924	Intraflagellar transport	-2.03790409104599	0.00131114609737172	Healthy_enriched
ENSG00000137285	TUBB2B	-2.59222426308824	347733	TUBB2B	Reactome	R-HSA-5620924	Intraflagellar transport	-2.03790409104599	0.00131114609737172	Healthy_enriched
ENSG00000100360	IFT27	-2.55779813787944	11020	IFT27	Reactome	R-HSA-5620924	Intraflagellar transport	-2.03790409104599	0.00131114609737172	Healthy_enriched
ENSG00000197557	TTC30A	-2.47894779031665	92104	IFT70A	Reactome	R-HSA-5620924	Intraflagellar transport	-2.03790409104599	0.00131114609737172	Healthy_enriched
ENSG00000114446	IFT57	-2.04045285795552	55081	IFT57	Reactome	R-HSA-5620924	Intraflagellar transport	-2.03790409104599	0.00131114609737172	Healthy_enriched
ENSG00000105948	TTC26	-2.0169427391568	79989	IFT56	Reactome	R-HSA-5620924	Intraflagellar transport	-2.03790409104599	0.00131114609737172	Healthy_enriched
ENSG00000122970	IFT81	-2.00162475363277	28981	IFT81	Reactome	R-HSA-5620924	Intraflagellar transport	-2.03790409104599	0.00131114609737172	Healthy_enriched
ENSG00000204104	TRAF3IP1	-1.97277187253127	26146	TRAF3IP1	Reactome	R-HSA-5620924	Intraflagellar transport	-2.03790409104599	0.00131114609737172	Healthy_enriched
ENSG00000138002	IFT172	-1.95164788726091	26160	IFT172	Reactome	R-HSA-5620924	Intraflagellar transport	-2.03790409104599	0.00131114609737172	Healthy_enriched
